case_id,application_date,region_id,country_of_citizenship,sex,age_group,decision,protection_type
1,2024-11-01,1,Georgia,Female,18-24,Rejected,None
2,2022-09-01,2,Nigeria,Female,35-44,Rejected,None
3,2023-11-01,4,Turkey,Male,25-34,Pending,None
4,2023-02-01,2,Senegal,Male,25-34,Pending,None
5,2023-08-01,7,India,Female,35-44,Pending,None
6,2025-05-01,10,Syria,Female,45-54,Accepted,Refugee status
7,2025-04-01,3,Italy,Male,18-24,Accepted,Refugee status
8,2024-03-01,3,Senegal,Male,45-54,Pending,None
9,2022-06-01,6,Ukraine,Male,18-24,Rejected,None
10,2023-06-01,6,Syria,Male,35-44,Pending,None
11,2024-11-01,1,Afghanistan,Male,45-54,Rejected,None
12,2024-05-01,2,Afghanistan,Male,25-34,Rejected,None
13,2024-03-01,3,Georgia,Male,45-54,Pending,None
14,2023-07-01,1,Ukraine,Male,35-44,Rejected,None
15,2025-11-01,6,China,Male,55+,Rejected,None
16,2025-08-01,8,Portugal,Female,25-34,Rejected,None
17,2024-07-01,7,Senegal,Male,18-24,Accepted,Temporary protection
18,2025-06-01,5,Ukraine,Female,35-44,Rejected,None
19,2022-09-01,7,Italy,Male,25-34,Accepted,Subsidiary protection
20,2022-08-01,1,Syria,Male,35-44,Pending,None
21,2024-11-01,1,Syria,Female,25-34,Withdrawn,None
22,2024-09-01,3,Afghanistan,Male,18-24,Withdrawn,None
23,2022-12-01,2,Portugal,Male,25-34,Pending,None
24,2025-05-01,8,Portugal,Male,35-44,Accepted,Refugee status
25,2024-12-01,7,China,Male,25-34,Withdrawn,None
26,2022-11-01,2,China,Male,25-34,Accepted,Refugee status
27,2024-06-01,1,Algeria,Female,35-44,Accepted,Temporary protection
28,2025-06-01,1,Nigeria,Male,35-44,Pending,None
29,2025-01-01,2,Ukraine,Male,25-34,Accepted,Subsidiary protection
30,2023-09-01,5,Ukraine,Male,25-34,Accepted,Subsidiary protection
31,2025-04-01,8,Senegal,Male,35-44,Rejected,None
32,2023-03-01,1,Georgia,Male,25-34,Accepted,Temporary protection
33,2025-11-01,7,Syria,Male,35-44,Accepted,Refugee status
34,2025-12-01,6,Turkey,Female,25-34,Pending,None
35,2023-03-01,2,Côte d'Ivoire,Male,35-44,Rejected,None
36,2024-10-01,1,Tunisia,Female,18-24,Pending,None
37,2025-11-01,1,Spain,Female,25-34,Rejected,None
38,2023-02-01,4,Ukraine,Female,25-34,Rejected,None
39,2024-11-01,7,Ukraine,Male,25-34,Rejected,None
40,2024-02-01,5,Nigeria,Male,35-44,Pending,None
41,2023-10-01,6,Nigeria,Male,25-34,Rejected,None
42,2024-07-01,3,Tunisia,Male,18-24,Pending,None
43,2023-11-01,1,Italy,Female,45-54,Pending,None
44,2024-11-01,1,Algeria,Male,18-24,Rejected,None
45,2025-11-01,7,Senegal,Male,35-44,Pending,None
46,2022-11-01,3,Turkey,Male,35-44,Accepted,Refugee status
47,2022-09-01,8,India,Female,45-54,Withdrawn,None
48,2024-06-01,2,China,Male,45-54,Pending,None
49,2025-11-01,1,Afghanistan,Male,18-24,Rejected,None
50,2025-05-01,5,Italy,Male,45-54,Accepted,Refugee status
51,2023-08-01,4,Tunisia,Female,18-24,Accepted,Subsidiary protection
52,2025-03-01,6,Tunisia,Male,25-34,Accepted,Temporary protection
53,2025-08-01,1,Nigeria,Male,18-24,Accepted,Refugee status
54,2023-03-01,1,Italy,Male,25-34,Rejected,None
55,2022-06-01,4,Portugal,Female,35-44,Rejected,None
56,2025-11-01,4,Guinea,Female,45-54,Accepted,Temporary protection
57,2022-08-01,1,Nigeria,Male,25-34,Rejected,None
58,2022-01-01,2,Spain,Male,25-34,Accepted,Subsidiary protection
59,2023-04-01,5,Nigeria,Male,35-44,Rejected,None
60,2025-02-01,4,India,Male,25-34,Pending,None
61,2024-12-01,1,Algeria,Female,45-54,Pending,None
62,2023-04-01,9,Georgia,Male,25-34,Pending,None
63,2024-09-01,1,Ukraine,Female,25-34,Accepted,Subsidiary protection
64,2025-10-01,1,Côte d'Ivoire,Male,25-34,Pending,None
65,2022-01-01,1,Nigeria,Female,25-34,Accepted,Subsidiary protection
66,2025-06-01,1,Senegal,Male,45-54,Withdrawn,None
67,2024-05-01,5,India,Male,18-24,Pending,None
68,2025-07-01,1,Turkey,Male,18-24,Accepted,Subsidiary protection
69,2022-03-01,1,Bangladesh,Female,18-24,Pending,None
70,2023-01-01,1,China,Male,35-44,Accepted,Subsidiary protection
71,2023-07-01,1,Bangladesh,Female,25-34,Pending,None
72,2025-03-01,2,Italy,Male,18-24,Rejected,None
73,2024-09-01,1,Guinea,Male,45-54,Pending,None
74,2023-04-01,1,Portugal,Female,35-44,Withdrawn,None
75,2022-12-01,7,Georgia,Male,45-54,Pending,None
76,2023-10-01,2,Tunisia,Female,18-24,Rejected,None
77,2022-08-01,1,Côte d'Ivoire,Male,25-34,Pending,None
78,2025-08-01,4,China,Male,35-44,Pending,None
79,2025-04-01,1,India,Male,18-24,Rejected,None
80,2024-11-01,1,China,Male,55+,Pending,None
81,2023-11-01,1,Tunisia,Male,55+,Accepted,Subsidiary protection
82,2024-07-01,1,India,Female,25-34,Rejected,None
83,2023-01-01,1,Spain,Male,55+,Accepted,Subsidiary protection
84,2022-07-01,1,Ukraine,Male,45-54,Pending,None
85,2022-12-01,3,Syria,Female,35-44,Rejected,None
86,2024-02-01,1,Afghanistan,Female,18-24,Rejected,None
87,2025-11-01,1,Spain,Female,18-24,Rejected,None
88,2022-06-01,8,Italy,Male,25-34,Rejected,None
89,2023-03-01,5,Portugal,Male,35-44,Rejected,None
90,2022-04-01,6,China,Male,25-34,Accepted,Refugee status
91,2023-10-01,2,Bangladesh,Male,45-54,Pending,None
92,2025-10-01,4,Italy,Female,35-44,Rejected,None
93,2022-03-01,6,Italy,Male,35-44,Rejected,None
94,2024-05-01,2,Guinea,Male,25-34,Rejected,None
95,2022-08-01,7,Guinea,Female,35-44,Rejected,None
96,2022-01-01,6,India,Male,18-24,Pending,None
97,2024-02-01,1,China,Male,35-44,Pending,None
98,2023-11-01,1,Tunisia,Male,25-34,Pending,None
99,2025-08-01,1,India,Male,25-34,Rejected,None
100,2023-02-01,3,Ukraine,Male,35-44,Accepted,Subsidiary protection
101,2024-07-01,7,Morocco,Male,18-24,Pending,None
102,2022-08-01,4,India,Male,35-44,Accepted,Subsidiary protection
103,2024-04-01,2,China,Female,25-34,Pending,None
104,2025-04-01,2,China,Female,25-34,Accepted,Temporary protection
105,2023-07-01,5,Côte d'Ivoire,Male,25-34,Pending,None
106,2022-08-01,3,Italy,Male,25-34,Pending,None
107,2024-01-01,4,Italy,Male,35-44,Accepted,Refugee status
108,2022-08-01,4,Afghanistan,Male,25-34,Pending,None
109,2024-08-01,6,Morocco,Male,45-54,Accepted,Refugee status
110,2022-12-01,5,Syria,Female,35-44,Accepted,Refugee status
111,2024-08-01,5,Turkey,Male,45-54,Withdrawn,None
112,2024-11-01,5,Portugal,Male,35-44,Pending,None
113,2025-12-01,9,Syria,Male,18-24,Pending,None
114,2022-10-01,6,Afghanistan,Male,25-34,Rejected,None
115,2025-09-01,4,Afghanistan,Male,35-44,Pending,None
116,2023-04-01,8,Guinea,Female,35-44,Accepted,Subsidiary protection
117,2022-08-01,8,Italy,Female,35-44,Rejected,None
118,2025-08-01,2,Ukraine,Male,25-34,Pending,None
119,2024-04-01,7,Senegal,Male,35-44,Withdrawn,None
120,2024-04-01,10,Ukraine,Female,25-34,Accepted,Refugee status
121,2023-03-01,1,Algeria,Male,18-24,Rejected,None
122,2022-09-01,2,Senegal,Female,25-34,Rejected,None
123,2022-03-01,2,Georgia,Female,25-34,Rejected,None
124,2025-06-01,4,Syria,Female,25-34,Pending,None
125,2022-01-01,10,Tunisia,Male,18-24,Accepted,Refugee status
126,2024-01-01,1,Portugal,Female,45-54,Accepted,Subsidiary protection
127,2023-01-01,6,Nigeria,Female,45-54,Accepted,Subsidiary protection
128,2025-05-01,6,Bangladesh,Female,18-24,Rejected,None
129,2024-10-01,5,Turkey,Male,45-54,Accepted,Subsidiary protection
130,2022-04-01,4,Italy,Female,45-54,Accepted,Refugee status
131,2022-07-01,4,Turkey,Male,35-44,Accepted,Subsidiary protection
132,2022-08-01,1,Bangladesh,Female,45-54,Pending,None
133,2024-11-01,1,Bangladesh,Male,35-44,Accepted,Refugee status
134,2022-05-01,1,Côte d'Ivoire,Female,18-24,Pending,None
135,2022-12-01,1,Turkey,Male,18-24,Accepted,Refugee status
136,2023-12-01,5,Guinea,Female,18-24,Pending,None
137,2022-09-01,8,Spain,Male,25-34,Rejected,None
138,2023-07-01,1,Algeria,Female,18-24,Pending,None
139,2023-03-01,5,Senegal,Female,18-24,Rejected,None
140,2023-08-01,1,Morocco,Male,25-34,Accepted,Subsidiary protection
141,2022-02-01,2,Algeria,Male,25-34,Accepted,Refugee status
142,2023-06-01,1,Guinea,Male,25-34,Rejected,None
143,2024-02-01,1,Morocco,Male,35-44,Rejected,None
144,2023-09-01,8,China,Male,25-34,Pending,None
145,2025-10-01,2,Italy,Male,25-34,Rejected,None
146,2023-07-01,1,Syria,Male,25-34,Accepted,Refugee status
147,2023-03-01,1,Turkey,Female,35-44,Rejected,None
148,2022-08-01,7,Morocco,Female,18-24,Rejected,None
149,2024-06-01,2,Tunisia,Female,25-34,Rejected,None
150,2024-04-01,9,Georgia,Male,25-34,Pending,None
151,2022-03-01,4,Georgia,Male,35-44,Accepted,Refugee status
152,2025-06-01,3,Tunisia,Female,25-34,Accepted,Subsidiary protection
153,2025-11-01,3,Italy,Male,55+,Pending,None
154,2025-12-01,6,Algeria,Male,18-24,Rejected,None
155,2025-02-01,7,Senegal,Male,25-34,Rejected,None
156,2022-06-01,1,Syria,Female,35-44,Rejected,None
157,2025-08-01,2,Guinea,Male,25-34,Pending,None
158,2023-08-01,1,China,Female,45-54,Rejected,None
159,2025-06-01,8,Italy,Female,35-44,Accepted,Subsidiary protection
160,2022-12-01,6,Turkey,Male,35-44,Pending,None
161,2024-09-01,1,Guinea,Female,45-54,Accepted,Subsidiary protection
162,2024-04-01,2,India,Male,18-24,Accepted,Refugee status
163,2023-11-01,2,Portugal,Female,25-34,Accepted,Refugee status
164,2023-06-01,9,Italy,Male,25-34,Rejected,None
165,2022-03-01,3,Côte d'Ivoire,Male,35-44,Pending,None
166,2025-07-01,1,Georgia,Male,45-54,Accepted,Temporary protection
167,2024-11-01,6,Tunisia,Female,25-34,Pending,None
168,2025-09-01,1,Côte d'Ivoire,Female,18-24,Pending,None
169,2024-01-01,5,Portugal,Female,35-44,Pending,None
170,2023-04-01,3,Bangladesh,Female,35-44,Rejected,None
171,2024-06-01,6,Senegal,Female,25-34,Accepted,Refugee status
172,2023-06-01,4,Turkey,Male,18-24,Accepted,Subsidiary protection
173,2025-10-01,1,Afghanistan,Male,18-24,Accepted,Refugee status
174,2024-02-01,8,Algeria,Male,18-24,Pending,None
175,2024-09-01,8,Georgia,Male,25-34,Pending,None
176,2024-07-01,2,Senegal,Female,35-44,Accepted,Refugee status
177,2023-07-01,4,Guinea,Male,25-34,Rejected,None
178,2025-01-01,4,Algeria,Male,45-54,Rejected,None
179,2023-12-01,4,Syria,Female,25-34,Pending,None
180,2022-05-01,1,Tunisia,Female,35-44,Accepted,Subsidiary protection
181,2023-08-01,3,Turkey,Female,25-34,Accepted,Refugee status
182,2022-03-01,1,India,Male,18-24,Rejected,None
183,2024-12-01,7,Algeria,Female,25-34,Pending,None
184,2024-09-01,7,Côte d'Ivoire,Female,35-44,Pending,None
185,2025-08-01,1,Syria,Female,35-44,Withdrawn,None
186,2023-11-01,6,Spain,Female,35-44,Pending,None
187,2025-12-01,1,Tunisia,Male,25-34,Withdrawn,None
188,2024-09-01,1,India,Female,25-34,Accepted,Subsidiary protection
189,2023-07-01,1,Senegal,Female,45-54,Accepted,Refugee status
190,2023-03-01,3,Georgia,Male,18-24,Pending,None
191,2025-10-01,7,Ukraine,Male,18-24,Rejected,None
192,2022-09-01,1,Turkey,Male,25-34,Pending,None
193,2022-01-01,9,Morocco,Female,35-44,Accepted,Refugee status
194,2022-06-01,2,Algeria,Male,45-54,Pending,None
195,2024-10-01,1,Côte d'Ivoire,Female,35-44,Pending,None
196,2025-02-01,3,Afghanistan,Male,25-34,Rejected,None
197,2024-01-01,5,Turkey,Male,35-44,Pending,None
198,2023-08-01,3,Portugal,Female,25-34,Accepted,Subsidiary protection
199,2022-09-01,2,Morocco,Male,18-24,Rejected,None
200,2022-04-01,1,Côte d'Ivoire,Female,18-24,Accepted,Subsidiary protection
201,2024-12-01,5,India,Female,55+,Rejected,None
202,2022-12-01,2,Spain,Male,35-44,Pending,None
203,2025-12-01,10,Ukraine,Female,18-24,Rejected,None
204,2025-06-01,2,India,Male,25-34,Pending,None
205,2025-01-01,1,Guinea,Male,45-54,Accepted,Subsidiary protection
206,2023-12-01,8,India,Male,35-44,Rejected,None
207,2023-06-01,1,Côte d'Ivoire,Female,25-34,Rejected,None
208,2025-05-01,1,Portugal,Female,55+,Pending,None
209,2022-03-01,6,Tunisia,Male,25-34,Accepted,Refugee status
210,2025-10-01,1,Tunisia,Male,25-34,Rejected,None
211,2025-04-01,2,Senegal,Male,25-34,Rejected,None
212,2022-04-01,3,Morocco,Male,35-44,Accepted,Temporary protection
213,2022-11-01,7,Portugal,Male,25-34,Pending,None
214,2025-10-01,4,Afghanistan,Male,18-24,Accepted,Refugee status
215,2024-08-01,6,Côte d'Ivoire,Male,35-44,Withdrawn,None
216,2023-06-01,10,Ukraine,Male,25-34,Pending,None
217,2025-04-01,6,Côte d'Ivoire,Male,35-44,Rejected,None
218,2024-10-01,1,Afghanistan,Female,45-54,Accepted,Refugee status
219,2025-09-01,6,India,Male,35-44,Rejected,None
220,2023-08-01,7,Afghanistan,Male,25-34,Pending,None
221,2024-05-01,2,Portugal,Male,35-44,Pending,None
222,2024-06-01,5,India,Female,18-24,Pending,None
223,2022-03-01,3,Tunisia,Female,25-34,Rejected,None
224,2024-09-01,1,Portugal,Female,35-44,Rejected,None
225,2024-11-01,6,Guinea,Male,25-34,Accepted,Refugee status
226,2022-07-01,2,Ukraine,Male,35-44,Withdrawn,None
227,2025-03-01,2,Algeria,Male,18-24,Accepted,Subsidiary protection
228,2023-09-01,3,Ukraine,Female,35-44,Rejected,None
229,2023-09-01,4,Spain,Female,45-54,Pending,None
230,2022-10-01,6,Tunisia,Male,35-44,Pending,None
231,2025-05-01,8,Senegal,Male,18-24,Accepted,Refugee status
232,2022-06-01,5,Guinea,Male,35-44,Withdrawn,None
233,2025-11-01,10,China,Female,45-54,Rejected,None
234,2024-05-01,1,Portugal,Female,18-24,Pending,None
235,2022-12-01,1,Senegal,Male,35-44,Withdrawn,None
236,2024-09-01,7,Bangladesh,Male,25-34,Rejected,None
237,2024-11-01,5,Guinea,Male,25-34,Rejected,None
238,2023-01-01,8,Italy,Male,25-34,Accepted,Refugee status
239,2025-07-01,5,Algeria,Male,25-34,Accepted,Refugee status
240,2022-01-01,1,Morocco,Female,25-34,Pending,None
241,2022-07-01,5,Côte d'Ivoire,Female,35-44,Accepted,Refugee status
242,2025-11-01,1,Senegal,Male,18-24,Pending,None
243,2025-01-01,2,Morocco,Male,25-34,Accepted,Refugee status
244,2023-11-01,5,Algeria,Male,35-44,Accepted,Refugee status
245,2023-04-01,5,Ukraine,Male,18-24,Accepted,Refugee status
246,2024-08-01,2,Italy,Female,35-44,Rejected,None
247,2024-10-01,6,Afghanistan,Female,35-44,Accepted,Refugee status
248,2022-04-01,9,India,Female,25-34,Accepted,Refugee status
249,2023-09-01,1,Syria,Female,55+,Pending,None
250,2024-06-01,1,Bangladesh,Male,25-34,Pending,None
251,2024-05-01,1,Turkey,Male,55+,Pending,None
252,2025-01-01,3,Portugal,Male,18-24,Pending,None
253,2025-08-01,1,Georgia,Female,45-54,Accepted,Refugee status
254,2022-03-01,3,Senegal,Male,25-34,Accepted,Refugee status
255,2024-02-01,1,Tunisia,Male,55+,Withdrawn,None
256,2024-02-01,1,Portugal,Female,25-34,Pending,None
257,2022-10-01,2,Morocco,Male,45-54,Pending,None
258,2022-07-01,9,Nigeria,Male,25-34,Rejected,None
259,2025-08-01,1,Guinea,Male,35-44,Pending,None
260,2022-08-01,1,Ukraine,Male,18-24,Rejected,None
261,2023-10-01,1,Côte d'Ivoire,Male,25-34,Rejected,None
262,2024-06-01,9,Portugal,Male,25-34,Accepted,Subsidiary protection
263,2023-11-01,2,Senegal,Male,35-44,Pending,None
264,2024-06-01,7,Algeria,Male,25-34,Pending,None
265,2022-02-01,1,Spain,Female,25-34,Withdrawn,None
266,2024-03-01,1,India,Female,55+,Rejected,None
267,2025-03-01,3,Morocco,Male,45-54,Rejected,None
268,2024-01-01,6,Spain,Female,45-54,Pending,None
269,2025-12-01,7,Côte d'Ivoire,Male,18-24,Accepted,Subsidiary protection
270,2023-11-01,1,Guinea,Female,45-54,Rejected,None
271,2023-03-01,10,Morocco,Male,25-34,Pending,None
272,2023-12-01,3,Côte d'Ivoire,Female,45-54,Withdrawn,None
273,2023-03-01,3,Côte d'Ivoire,Male,25-34,Withdrawn,None
274,2023-05-01,8,Spain,Male,35-44,Pending,None
275,2023-10-01,2,Senegal,Male,25-34,Pending,None
276,2023-01-01,6,India,Female,25-34,Accepted,Refugee status
277,2022-02-01,4,Georgia,Male,25-34,Accepted,Refugee status
278,2023-01-01,1,Côte d'Ivoire,Female,18-24,Accepted,Refugee status
279,2022-02-01,1,Georgia,Female,35-44,Rejected,None
280,2025-08-01,9,Nigeria,Female,18-24,Accepted,Temporary protection
281,2025-06-01,8,Italy,Male,25-34,Pending,None
282,2023-01-01,10,Morocco,Female,25-34,Pending,None
283,2025-08-01,5,Bangladesh,Female,18-24,Accepted,Temporary protection
284,2023-06-01,5,China,Female,18-24,Accepted,Subsidiary protection
285,2023-06-01,1,Georgia,Male,35-44,Rejected,None
286,2024-01-01,5,Syria,Female,25-34,Pending,None
287,2025-08-01,3,Algeria,Female,25-34,Rejected,None
288,2024-12-01,2,Turkey,Female,25-34,Pending,None
289,2024-07-01,5,China,Female,35-44,Rejected,None
290,2025-02-01,1,Bangladesh,Male,25-34,Pending,None
291,2025-07-01,3,Spain,Male,35-44,Accepted,Temporary protection
292,2024-11-01,6,Turkey,Male,35-44,Accepted,Refugee status
293,2023-11-01,7,Portugal,Male,18-24,Rejected,None
294,2023-03-01,3,Senegal,Male,45-54,Pending,None
295,2023-11-01,2,Syria,Female,25-34,Accepted,Subsidiary protection
296,2022-08-01,4,Côte d'Ivoire,Male,45-54,Accepted,Subsidiary protection
297,2024-06-01,1,Tunisia,Male,25-34,Rejected,None
298,2025-04-01,1,Georgia,Male,35-44,Pending,None
299,2022-02-01,7,China,Male,35-44,Pending,None
300,2025-06-01,1,Guinea,Male,25-34,Rejected,None
301,2024-07-01,2,Guinea,Female,45-54,Accepted,Refugee status
302,2025-08-01,2,Portugal,Male,35-44,Pending,None
303,2024-10-01,10,China,Female,35-44,Pending,None
304,2025-06-01,6,China,Female,45-54,Accepted,Subsidiary protection
305,2025-01-01,6,Tunisia,Male,25-34,Withdrawn,None
306,2023-06-01,5,Senegal,Male,35-44,Rejected,None
307,2024-02-01,1,Turkey,Female,25-34,Rejected,None
308,2022-08-01,2,Côte d'Ivoire,Male,45-54,Accepted,Refugee status
309,2025-05-01,1,Algeria,Male,25-34,Accepted,Temporary protection
310,2024-09-01,4,Tunisia,Female,45-54,Withdrawn,None
311,2024-05-01,1,Ukraine,Male,18-24,Pending,None
312,2024-08-01,8,Turkey,Female,25-34,Rejected,None
313,2024-10-01,1,Morocco,Male,35-44,Pending,None
314,2022-12-01,1,Guinea,Female,25-34,Accepted,Refugee status
315,2024-06-01,3,Morocco,Male,18-24,Withdrawn,None
316,2024-06-01,1,Morocco,Female,35-44,Rejected,None
317,2024-10-01,1,Bangladesh,Male,18-24,Rejected,None
318,2025-12-01,10,Bangladesh,Male,25-34,Rejected,None
319,2023-05-01,1,Bangladesh,Female,45-54,Accepted,Refugee status
320,2022-09-01,6,Nigeria,Male,25-34,Accepted,Refugee status
321,2025-12-01,6,Senegal,Female,25-34,Accepted,Refugee status
322,2023-07-01,1,Italy,Male,25-34,Pending,None
323,2023-02-01,1,Bangladesh,Male,18-24,Accepted,Refugee status
324,2023-07-01,4,Afghanistan,Male,18-24,Pending,None
325,2025-02-01,8,Senegal,Male,35-44,Rejected,None
326,2022-11-01,6,Nigeria,Male,18-24,Rejected,None
327,2022-01-01,1,India,Female,45-54,Pending,None
328,2025-02-01,1,Portugal,Male,25-34,Rejected,None
329,2024-01-01,4,Bangladesh,Male,45-54,Rejected,None
330,2024-10-01,3,Senegal,Male,18-24,Rejected,None
331,2023-01-01,2,Syria,Male,35-44,Pending,None
332,2022-11-01,5,Morocco,Female,45-54,Accepted,Refugee status
333,2023-11-01,9,India,Male,25-34,Pending,None
334,2025-06-01,8,Afghanistan,Male,55+,Rejected,None
335,2024-12-01,5,Morocco,Male,25-34,Rejected,None
336,2023-09-01,9,Algeria,Female,18-24,Pending,None
337,2022-08-01,2,Morocco,Female,55+,Pending,None
338,2024-03-01,1,Portugal,Male,25-34,Pending,None
339,2022-03-01,3,Nigeria,Male,18-24,Accepted,Refugee status
340,2024-09-01,5,Nigeria,Male,25-34,Pending,None
341,2023-09-01,7,Senegal,Male,55+,Rejected,None
342,2025-06-01,9,Bangladesh,Male,45-54,Accepted,Subsidiary protection
343,2025-11-01,3,India,Female,18-24,Accepted,Subsidiary protection
344,2022-11-01,2,Algeria,Male,25-34,Rejected,None
345,2022-06-01,1,Senegal,Male,25-34,Rejected,None
346,2024-05-01,4,Algeria,Female,35-44,Pending,None
347,2022-03-01,5,Senegal,Male,25-34,Rejected,None
348,2024-09-01,5,Guinea,Male,18-24,Rejected,None
349,2025-07-01,1,Ukraine,Female,35-44,Pending,None
350,2025-07-01,2,Morocco,Female,18-24,Pending,None
351,2025-01-01,1,Nigeria,Male,25-34,Rejected,None
352,2025-02-01,3,Afghanistan,Male,35-44,Pending,None
353,2023-01-01,1,China,Male,35-44,Pending,None
354,2025-08-01,8,Guinea,Male,25-34,Accepted,Refugee status
355,2025-01-01,7,Portugal,Male,35-44,Rejected,None
356,2022-04-01,6,Ukraine,Female,25-34,Rejected,None
357,2024-05-01,1,Portugal,Male,35-44,Rejected,None
358,2023-09-01,2,Portugal,Female,25-34,Pending,None
359,2022-08-01,1,Spain,Male,25-34,Rejected,None
360,2023-03-01,1,Spain,Male,25-34,Accepted,Refugee status
361,2025-09-01,2,Algeria,Male,25-34,Withdrawn,None
362,2023-12-01,1,Italy,Female,25-34,Accepted,Subsidiary protection
363,2022-08-01,9,Italy,Male,25-34,Accepted,Refugee status
364,2025-03-01,9,Ukraine,Female,45-54,Rejected,None
365,2022-12-01,9,Morocco,Male,25-34,Withdrawn,None
366,2023-12-01,1,Spain,Female,35-44,Pending,None
367,2022-07-01,3,Syria,Male,35-44,Pending,None
368,2022-02-01,1,Afghanistan,Female,25-34,Accepted,Refugee status
369,2025-12-01,4,Guinea,Female,25-34,Pending,None
370,2024-09-01,3,Georgia,Male,25-34,Pending,None
371,2024-05-01,2,Georgia,Male,18-24,Pending,None
372,2022-01-01,1,Turkey,Male,45-54,Accepted,Refugee status
373,2024-06-01,1,Tunisia,Male,25-34,Accepted,Refugee status
374,2022-05-01,1,Côte d'Ivoire,Male,25-34,Pending,None
375,2022-08-01,1,Turkey,Male,25-34,Accepted,Refugee status
376,2024-11-01,1,Turkey,Female,18-24,Accepted,Temporary protection
377,2024-01-01,8,Côte d'Ivoire,Male,18-24,Withdrawn,None
378,2025-04-01,1,Ukraine,Male,45-54,Pending,None
379,2023-06-01,1,China,Male,25-34,Rejected,None
380,2023-04-01,9,Portugal,Female,25-34,Withdrawn,None
381,2025-04-01,8,Nigeria,Male,18-24,Accepted,Subsidiary protection
382,2024-04-01,2,Côte d'Ivoire,Male,18-24,Rejected,None
383,2025-08-01,7,Italy,Female,35-44,Pending,None
384,2024-03-01,1,Algeria,Male,45-54,Accepted,Temporary protection
385,2022-09-01,5,Ukraine,Male,25-34,Pending,None
386,2022-03-01,8,Afghanistan,Female,25-34,Accepted,Subsidiary protection
387,2022-11-01,3,Senegal,Male,35-44,Withdrawn,None
388,2024-03-01,1,Côte d'Ivoire,Male,18-24,Pending,None
389,2024-08-01,4,Algeria,Male,25-34,Accepted,Refugee status
390,2022-01-01,6,Italy,Female,25-34,Rejected,None
391,2023-01-01,8,Tunisia,Female,35-44,Accepted,Subsidiary protection
392,2025-04-01,2,Nigeria,Female,55+,Accepted,Temporary protection
393,2023-07-01,1,Guinea,Female,25-34,Accepted,Temporary protection
394,2024-12-01,5,Tunisia,Female,25-34,Accepted,Subsidiary protection
395,2023-06-01,1,Guinea,Male,35-44,Pending,None
396,2023-02-01,1,Senegal,Male,18-24,Accepted,Refugee status
397,2024-10-01,1,Morocco,Male,18-24,Accepted,Subsidiary protection
398,2023-01-01,2,Bangladesh,Male,25-34,Pending,None
399,2024-08-01,2,China,Female,18-24,Accepted,Refugee status
400,2022-10-01,6,Afghanistan,Male,25-34,Accepted,Refugee status
401,2025-01-01,1,Syria,Male,25-34,Accepted,Refugee status
402,2025-10-01,2,Algeria,Female,45-54,Accepted,Refugee status
403,2025-08-01,5,Portugal,Female,18-24,Accepted,Refugee status
404,2025-05-01,4,Nigeria,Male,35-44,Rejected,None
405,2022-01-01,7,Turkey,Male,35-44,Accepted,Temporary protection
406,2025-05-01,8,Turkey,Male,55+,Accepted,Subsidiary protection
407,2024-06-01,1,Côte d'Ivoire,Female,25-34,Accepted,Subsidiary protection
408,2023-11-01,8,Ukraine,Male,35-44,Accepted,Subsidiary protection
409,2025-03-01,8,China,Male,25-34,Rejected,None
410,2025-03-01,2,Afghanistan,Male,18-24,Rejected,None
411,2025-09-01,7,Morocco,Female,25-34,Pending,None
412,2024-05-01,3,Italy,Male,35-44,Accepted,Refugee status
413,2024-10-01,7,Tunisia,Male,25-34,Pending,None
414,2023-03-01,6,China,Female,18-24,Rejected,None
415,2024-09-01,10,Portugal,Male,18-24,Withdrawn,None
416,2023-09-01,1,Portugal,Female,25-34,Accepted,Subsidiary protection
417,2024-07-01,6,Georgia,Female,25-34,Accepted,Subsidiary protection
418,2023-08-01,1,Nigeria,Female,35-44,Pending,None
419,2022-09-01,9,Spain,Male,35-44,Pending,None
420,2023-05-01,1,Afghanistan,Female,45-54,Accepted,Refugee status
421,2023-05-01,2,Afghanistan,Male,55+,Rejected,None
422,2022-12-01,7,Côte d'Ivoire,Male,18-24,Accepted,Refugee status
423,2022-06-01,3,Nigeria,Male,25-34,Withdrawn,None
424,2023-08-01,5,Syria,Female,25-34,Accepted,Subsidiary protection
425,2024-01-01,2,Syria,Male,45-54,Pending,None
426,2024-05-01,4,Algeria,Male,18-24,Accepted,Subsidiary protection
427,2024-06-01,7,Senegal,Male,25-34,Pending,None
428,2022-10-01,8,Côte d'Ivoire,Male,18-24,Pending,None
429,2022-07-01,3,Tunisia,Male,25-34,Pending,None
430,2022-07-01,6,Ukraine,Female,18-24,Accepted,Refugee status
431,2024-09-01,3,Georgia,Female,35-44,Pending,None
432,2024-10-01,9,Portugal,Male,25-34,Withdrawn,None
433,2024-01-01,6,Guinea,Female,55+,Rejected,None
434,2024-02-01,2,Morocco,Male,55+,Rejected,None
435,2024-07-01,3,Bangladesh,Female,35-44,Accepted,Subsidiary protection
436,2023-05-01,1,Turkey,Female,25-34,Pending,None
437,2024-12-01,9,Côte d'Ivoire,Female,18-24,Rejected,None
438,2025-08-01,1,Tunisia,Male,18-24,Pending,None
439,2022-12-01,1,Georgia,Female,35-44,Accepted,Subsidiary protection
440,2023-11-01,3,Ukraine,Male,18-24,Pending,None
441,2023-04-01,6,Spain,Male,25-34,Accepted,Temporary protection
442,2023-04-01,5,Algeria,Male,18-24,Accepted,Subsidiary protection
443,2023-07-01,1,Morocco,Female,18-24,Accepted,Refugee status
444,2022-11-01,1,Syria,Female,25-34,Rejected,None
445,2023-05-01,1,Guinea,Female,25-34,Pending,None
446,2023-04-01,4,Syria,Female,25-34,Pending,None
447,2025-04-01,9,Nigeria,Male,45-54,Accepted,Subsidiary protection
448,2023-02-01,8,Bangladesh,Male,35-44,Rejected,None
449,2022-05-01,3,Bangladesh,Female,25-34,Pending,None
450,2025-06-01,2,Turkey,Male,45-54,Rejected,None
451,2025-08-01,2,Guinea,Male,25-34,Pending,None
452,2025-07-01,7,Syria,Male,25-34,Pending,None
453,2022-09-01,5,Ukraine,Male,35-44,Accepted,Temporary protection
454,2023-08-01,1,Georgia,Male,25-34,Pending,None
455,2023-02-01,1,China,Male,35-44,Accepted,Refugee status
456,2023-01-01,3,Senegal,Female,18-24,Pending,None
457,2025-09-01,4,Italy,Male,25-34,Accepted,Subsidiary protection
458,2022-07-01,10,Guinea,Male,25-34,Pending,None
459,2024-06-01,1,India,Female,45-54,Pending,None
460,2024-11-01,7,Turkey,Male,35-44,Accepted,Subsidiary protection
461,2022-04-01,8,Algeria,Female,45-54,Rejected,None
462,2025-07-01,2,Nigeria,Male,25-34,Rejected,None
463,2022-11-01,1,Guinea,Male,45-54,Accepted,Refugee status
464,2023-08-01,1,Portugal,Female,18-24,Withdrawn,None
465,2024-02-01,5,China,Male,25-34,Pending,None
466,2025-06-01,1,Bangladesh,Female,25-34,Rejected,None
467,2025-12-01,8,Algeria,Male,25-34,Withdrawn,None
468,2022-12-01,6,Afghanistan,Male,18-24,Accepted,Subsidiary protection
469,2023-08-01,7,Georgia,Male,35-44,Pending,None
470,2024-06-01,6,Algeria,Female,25-34,Rejected,None
471,2023-08-01,1,Morocco,Male,45-54,Accepted,Refugee status
472,2022-04-01,6,Georgia,Male,55+,Pending,None
473,2025-02-01,4,Senegal,Male,45-54,Rejected,None
474,2024-04-01,1,Bangladesh,Male,25-34,Accepted,Refugee status
475,2022-07-01,1,Syria,Male,25-34,Accepted,Subsidiary protection
476,2024-07-01,2,Guinea,Male,55+,Accepted,Subsidiary protection
477,2025-08-01,4,Morocco,Female,25-34,Rejected,None
478,2024-07-01,1,Algeria,Female,25-34,Accepted,Temporary protection
479,2023-11-01,3,Nigeria,Female,35-44,Rejected,None
480,2025-02-01,9,Spain,Female,35-44,Pending,None
481,2023-02-01,2,Italy,Male,18-24,Accepted,Refugee status
482,2022-05-01,1,Turkey,Female,25-34,Accepted,Subsidiary protection
483,2023-12-01,3,Senegal,Female,18-24,Pending,None
484,2023-02-01,3,Nigeria,Female,18-24,Pending,None
485,2023-12-01,9,Bangladesh,Female,25-34,Pending,None
486,2024-10-01,3,Portugal,Female,45-54,Pending,None
487,2025-05-01,1,India,Female,35-44,Rejected,None
488,2024-05-01,1,Italy,Male,25-34,Pending,None
489,2024-06-01,1,Italy,Female,18-24,Rejected,None
490,2025-10-01,6,Tunisia,Female,55+,Rejected,None
491,2025-08-01,1,Portugal,Male,35-44,Rejected,None
492,2025-02-01,7,Italy,Male,25-34,Rejected,None
493,2025-08-01,4,Turkey,Female,55+,Accepted,Refugee status
494,2023-11-01,6,Italy,Male,55+,Withdrawn,None
495,2025-01-01,1,Guinea,Female,18-24,Rejected,None
496,2024-02-01,1,Senegal,Male,35-44,Pending,None
497,2024-06-01,2,Senegal,Male,35-44,Rejected,None
498,2024-08-01,2,Nigeria,Male,45-54,Rejected,None
499,2022-04-01,3,Georgia,Male,25-34,Rejected,None
500,2022-01-01,6,Italy,Male,35-44,Pending,None
501,2025-10-01,8,Syria,Female,25-34,Accepted,Subsidiary protection
502,2023-06-01,4,Spain,Female,25-34,Rejected,None
503,2022-03-01,1,Senegal,Male,25-34,Withdrawn,None
504,2022-06-01,1,Georgia,Male,25-34,Accepted,Temporary protection
505,2022-02-01,8,Senegal,Male,35-44,Accepted,Subsidiary protection
506,2022-12-01,1,Italy,Female,25-34,Pending,None
507,2024-12-01,1,Italy,Female,45-54,Rejected,None
508,2025-04-01,9,Bangladesh,Male,35-44,Pending,None
509,2022-04-01,1,Georgia,Male,25-34,Withdrawn,None
510,2024-03-01,6,Tunisia,Female,35-44,Accepted,Subsidiary protection
511,2024-08-01,1,Ukraine,Female,45-54,Pending,None
512,2025-06-01,5,Spain,Male,25-34,Pending,None
513,2025-08-01,1,Senegal,Male,35-44,Accepted,Refugee status
514,2025-07-01,8,Ukraine,Female,45-54,Accepted,Temporary protection
515,2024-11-01,1,Portugal,Male,18-24,Rejected,None
516,2025-03-01,1,Ukraine,Female,25-34,Accepted,Refugee status
517,2024-12-01,7,Guinea,Male,18-24,Accepted,Refugee status
518,2025-01-01,4,Ukraine,Male,25-34,Pending,None
519,2025-08-01,2,Morocco,Male,35-44,Pending,None
520,2022-08-01,2,Portugal,Female,25-34,Pending,None
521,2022-05-01,3,Algeria,Male,18-24,Accepted,Refugee status
522,2023-01-01,10,Turkey,Male,25-34,Rejected,None
523,2025-10-01,5,Georgia,Female,35-44,Pending,None
524,2024-10-01,3,Senegal,Male,18-24,Rejected,None
525,2023-11-01,1,Bangladesh,Female,25-34,Pending,None
526,2023-03-01,3,Portugal,Male,35-44,Pending,None
527,2022-10-01,9,Senegal,Male,25-34,Pending,None
528,2023-07-01,1,Algeria,Male,45-54,Accepted,Subsidiary protection
529,2025-10-01,2,Spain,Male,35-44,Pending,None
530,2025-09-01,1,Spain,Female,18-24,Rejected,None
531,2025-11-01,5,Algeria,Female,45-54,Pending,None
532,2024-10-01,6,Morocco,Male,25-34,Accepted,Subsidiary protection
533,2024-05-01,5,Spain,Male,55+,Withdrawn,None
534,2022-06-01,7,Tunisia,Male,55+,Pending,None
535,2024-05-01,6,Georgia,Male,18-24,Accepted,Subsidiary protection
536,2024-11-01,10,Tunisia,Female,25-34,Rejected,None
537,2023-09-01,3,Algeria,Male,35-44,Pending,None
538,2025-03-01,1,Senegal,Female,18-24,Pending,None
539,2024-05-01,4,Spain,Male,25-34,Rejected,None
540,2025-08-01,6,Spain,Male,55+,Pending,None
541,2022-06-01,2,Ukraine,Male,25-34,Pending,None
542,2024-09-01,2,Algeria,Male,25-34,Accepted,Subsidiary protection
543,2023-05-01,6,Guinea,Female,25-34,Pending,None
544,2022-05-01,1,China,Male,35-44,Rejected,None
545,2023-03-01,5,Spain,Female,45-54,Rejected,None
546,2025-01-01,6,Afghanistan,Male,45-54,Rejected,None
547,2022-09-01,10,Tunisia,Female,18-24,Pending,None
548,2024-08-01,6,Guinea,Female,18-24,Withdrawn,None
549,2022-10-01,1,Morocco,Male,55+,Rejected,None
550,2023-10-01,3,Syria,Female,55+,Accepted,Subsidiary protection
551,2022-07-01,2,China,Male,25-34,Rejected,None
552,2025-01-01,2,Afghanistan,Male,25-34,Rejected,None
553,2025-06-01,7,Nigeria,Male,25-34,Accepted,Temporary protection
554,2024-02-01,4,Ukraine,Male,25-34,Accepted,Subsidiary protection
555,2023-07-01,6,Turkey,Male,35-44,Accepted,Refugee status
556,2025-09-01,6,Guinea,Male,25-34,Pending,None
557,2025-10-01,5,Tunisia,Female,35-44,Pending,None
558,2025-09-01,6,Bangladesh,Female,25-34,Accepted,Temporary protection
559,2025-02-01,1,Ukraine,Male,18-24,Accepted,Temporary protection
560,2022-11-01,1,Senegal,Male,25-34,Rejected,None
561,2022-08-01,1,Portugal,Female,18-24,Rejected,None
562,2023-10-01,7,Bangladesh,Female,35-44,Accepted,Subsidiary protection
563,2024-04-01,9,Portugal,Male,18-24,Pending,None
564,2022-10-01,9,Afghanistan,Male,18-24,Accepted,Subsidiary protection
565,2022-07-01,1,Turkey,Female,35-44,Pending,None
566,2023-04-01,10,Nigeria,Female,25-34,Rejected,None
567,2023-05-01,8,China,Female,25-34,Accepted,Temporary protection
568,2022-11-01,1,Tunisia,Male,25-34,Rejected,None
569,2023-11-01,4,Morocco,Female,55+,Pending,None
570,2024-01-01,10,Morocco,Female,55+,Rejected,None
571,2022-05-01,3,Senegal,Male,25-34,Accepted,Subsidiary protection
572,2022-01-01,9,Syria,Female,35-44,Pending,None
573,2022-02-01,4,China,Male,35-44,Accepted,Refugee status
574,2025-02-01,2,India,Female,45-54,Pending,None
575,2025-03-01,1,China,Male,45-54,Pending,None
576,2022-08-01,1,Turkey,Female,25-34,Accepted,Temporary protection
577,2025-10-01,6,Côte d'Ivoire,Male,25-34,Accepted,Subsidiary protection
578,2023-02-01,1,Ukraine,Female,45-54,Accepted,Subsidiary protection
579,2025-07-01,2,Côte d'Ivoire,Female,25-34,Accepted,Refugee status
580,2022-09-01,9,Morocco,Male,25-34,Pending,None
581,2025-04-01,1,India,Male,18-24,Accepted,Refugee status
582,2023-05-01,2,India,Female,25-34,Accepted,Refugee status
583,2025-02-01,8,Tunisia,Male,18-24,Accepted,Refugee status
584,2022-04-01,9,Nigeria,Male,18-24,Accepted,Refugee status
585,2024-04-01,7,Afghanistan,Male,25-34,Pending,None
586,2025-06-01,2,Guinea,Male,25-34,Accepted,Subsidiary protection
587,2022-07-01,1,Portugal,Male,35-44,Pending,None
588,2023-08-01,7,Côte d'Ivoire,Male,35-44,Pending,None
589,2025-07-01,7,Spain,Male,35-44,Accepted,Refugee status
590,2025-09-01,6,India,Male,25-34,Accepted,Refugee status
591,2024-01-01,1,Côte d'Ivoire,Female,35-44,Pending,None
592,2022-03-01,5,Algeria,Male,18-24,Pending,None
593,2025-10-01,6,Afghanistan,Male,25-34,Accepted,Refugee status
594,2022-09-01,8,Portugal,Male,25-34,Accepted,Subsidiary protection
595,2023-08-01,1,Italy,Male,55+,Rejected,None
596,2025-05-01,1,Algeria,Male,18-24,Rejected,None
597,2022-06-01,2,Bangladesh,Male,25-34,Pending,None
598,2023-11-01,7,Morocco,Male,18-24,Rejected,None
599,2024-06-01,8,Côte d'Ivoire,Female,25-34,Rejected,None
600,2022-03-01,1,Afghanistan,Male,25-34,Rejected,None
601,2023-12-01,3,India,Female,18-24,Pending,None
602,2022-03-01,4,Syria,Male,25-34,Rejected,None
603,2024-08-01,1,Italy,Male,25-34,Pending,None
604,2025-07-01,7,Afghanistan,Male,35-44,Pending,None
605,2022-10-01,3,Ukraine,Female,45-54,Accepted,Subsidiary protection
606,2023-01-01,8,Portugal,Female,55+,Pending,None
607,2022-07-01,4,Turkey,Male,18-24,Pending,None
608,2023-08-01,7,Nigeria,Female,25-34,Pending,None
609,2022-01-01,1,Nigeria,Male,55+,Rejected,None
610,2025-08-01,2,Guinea,Male,25-34,Accepted,Refugee status
611,2022-05-01,2,Italy,Male,25-34,Accepted,Refugee status
612,2024-09-01,1,Tunisia,Male,25-34,Accepted,Refugee status
613,2023-04-01,4,Ukraine,Male,45-54,Pending,None
614,2025-01-01,6,Portugal,Female,45-54,Accepted,Subsidiary protection
615,2022-03-01,3,Senegal,Male,25-34,Rejected,None
616,2023-11-01,7,Côte d'Ivoire,Female,25-34,Pending,None
617,2022-05-01,1,Georgia,Male,35-44,Withdrawn,None
618,2024-10-01,1,Spain,Male,18-24,Accepted,Subsidiary protection
619,2022-10-01,1,China,Female,45-54,Accepted,Subsidiary protection
620,2024-05-01,7,Afghanistan,Male,18-24,Accepted,Temporary protection
621,2023-08-01,1,Guinea,Male,25-34,Rejected,None
622,2022-09-01,1,Bangladesh,Male,35-44,Rejected,None
623,2022-10-01,1,Morocco,Male,45-54,Rejected,None
624,2024-04-01,2,Spain,Female,35-44,Pending,None
625,2022-11-01,2,Syria,Male,25-34,Pending,None
626,2025-09-01,3,China,Male,35-44,Pending,None
627,2025-01-01,6,Spain,Female,45-54,Withdrawn,None
628,2023-05-01,2,Tunisia,Male,18-24,Accepted,Subsidiary protection
629,2023-07-01,1,Senegal,Male,35-44,Pending,None
630,2023-12-01,4,Syria,Male,35-44,Pending,None
631,2025-03-01,1,Syria,Male,45-54,Accepted,Refugee status
632,2023-08-01,1,Syria,Male,25-34,Rejected,None
633,2023-08-01,6,Georgia,Male,45-54,Rejected,None
634,2024-10-01,1,Turkey,Male,35-44,Pending,None
635,2023-01-01,6,Côte d'Ivoire,Male,25-34,Rejected,None
636,2024-07-01,5,Turkey,Male,55+,Withdrawn,None
637,2023-07-01,8,Italy,Female,18-24,Rejected,None
638,2023-11-01,2,Afghanistan,Female,45-54,Accepted,Refugee status
639,2025-02-01,5,Algeria,Male,25-34,Rejected,None
640,2022-03-01,4,India,Female,25-34,Rejected,None
641,2024-08-01,7,Morocco,Male,45-54,Rejected,None
642,2023-01-01,1,Afghanistan,Female,45-54,Rejected,None
643,2022-01-01,4,Afghanistan,Male,45-54,Accepted,Refugee status
644,2023-04-01,4,Bangladesh,Female,25-34,Pending,None
645,2025-02-01,1,Portugal,Male,35-44,Accepted,Refugee status
646,2024-12-01,1,Georgia,Female,35-44,Pending,None
647,2023-01-01,8,Bangladesh,Male,25-34,Rejected,None
648,2023-08-01,5,Afghanistan,Male,25-34,Withdrawn,None
649,2025-06-01,4,Ukraine,Male,35-44,Pending,None
650,2023-07-01,6,Ukraine,Female,25-34,Accepted,Refugee status
651,2023-01-01,1,Portugal,Male,25-34,Rejected,None
652,2023-10-01,1,Morocco,Male,45-54,Pending,None
653,2025-02-01,5,Spain,Male,25-34,Accepted,Refugee status
654,2023-09-01,6,Turkey,Male,45-54,Rejected,None
655,2024-01-01,5,Morocco,Male,18-24,Pending,None
656,2024-11-01,2,Nigeria,Male,45-54,Rejected,None
657,2025-06-01,4,Italy,Male,25-34,Accepted,Refugee status
658,2024-09-01,5,Algeria,Male,25-34,Rejected,None
659,2023-08-01,2,Côte d'Ivoire,Female,25-34,Pending,None
660,2025-01-01,4,Bangladesh,Female,35-44,Pending,None
661,2025-02-01,1,Italy,Male,25-34,Pending,None
662,2022-10-01,1,Italy,Male,35-44,Accepted,Refugee status
663,2024-10-01,6,Afghanistan,Male,25-34,Pending,None
664,2024-12-01,2,Turkey,Male,35-44,Rejected,None
665,2023-03-01,6,Tunisia,Male,25-34,Accepted,Subsidiary protection
666,2023-03-01,5,Afghanistan,Male,25-34,Rejected,None
667,2024-09-01,2,Spain,Male,35-44,Rejected,None
668,2022-01-01,6,Senegal,Female,25-34,Accepted,Subsidiary protection
669,2023-02-01,1,Afghanistan,Female,18-24,Pending,None
670,2024-07-01,1,Senegal,Female,35-44,Pending,None
671,2023-10-01,2,Senegal,Female,25-34,Rejected,None
672,2022-01-01,5,Algeria,Male,25-34,Accepted,Refugee status
673,2022-07-01,1,Ukraine,Male,45-54,Pending,None
674,2022-05-01,1,India,Male,25-34,Rejected,None
675,2024-02-01,8,Tunisia,Female,25-34,Pending,None
676,2022-02-01,8,Spain,Male,18-24,Accepted,Refugee status
677,2025-01-01,9,Guinea,Male,25-34,Accepted,Subsidiary protection
678,2024-06-01,1,Algeria,Female,45-54,Pending,None
679,2024-01-01,7,Bangladesh,Female,25-34,Rejected,None
680,2022-10-01,6,Turkey,Male,45-54,Rejected,None
681,2022-09-01,1,Senegal,Female,25-34,Accepted,Temporary protection
682,2025-03-01,1,Afghanistan,Male,18-24,Rejected,None
683,2024-06-01,1,Guinea,Male,25-34,Pending,None
684,2023-06-01,7,Côte d'Ivoire,Female,25-34,Accepted,Refugee status
685,2022-11-01,4,Spain,Female,25-34,Accepted,Subsidiary protection
686,2023-05-01,1,Portugal,Male,25-34,Accepted,Temporary protection
687,2023-03-01,1,Spain,Female,18-24,Rejected,None
688,2024-01-01,7,Senegal,Male,25-34,Accepted,Subsidiary protection
689,2023-01-01,4,Spain,Female,25-34,Accepted,Subsidiary protection
690,2025-02-01,8,Georgia,Female,35-44,Accepted,Refugee status
691,2022-03-01,1,Tunisia,Male,35-44,Rejected,None
692,2024-10-01,9,Spain,Male,18-24,Pending,None
693,2022-01-01,1,China,Female,35-44,Rejected,None
694,2022-10-01,1,China,Female,18-24,Pending,None
695,2025-10-01,9,Portugal,Female,18-24,Pending,None
696,2025-01-01,1,Georgia,Female,35-44,Rejected,None
697,2025-12-01,4,Portugal,Female,25-34,Accepted,Refugee status
698,2024-01-01,2,Tunisia,Male,25-34,Accepted,Subsidiary protection
699,2022-07-01,6,Italy,Male,25-34,Accepted,Temporary protection
700,2025-12-01,1,Algeria,Male,25-34,Pending,None
701,2025-01-01,2,Turkey,Male,35-44,Accepted,Subsidiary protection
702,2024-01-01,1,Portugal,Male,35-44,Rejected,None
703,2025-01-01,9,Morocco,Male,18-24,Pending,None
704,2023-02-01,8,Portugal,Male,18-24,Rejected,None
705,2025-02-01,7,Afghanistan,Male,25-34,Pending,None
706,2025-01-01,8,Syria,Male,45-54,Rejected,None
707,2022-07-01,4,Tunisia,Female,35-44,Rejected,None
708,2022-02-01,1,Portugal,Male,25-34,Rejected,None
709,2025-05-01,1,Afghanistan,Male,25-34,Rejected,None
710,2024-11-01,7,Spain,Male,25-34,Rejected,None
711,2023-03-01,3,Portugal,Female,45-54,Withdrawn,None
712,2024-03-01,1,Portugal,Female,55+,Rejected,None
713,2022-02-01,1,Portugal,Male,18-24,Rejected,None
714,2022-09-01,10,Portugal,Male,25-34,Pending,None
715,2022-05-01,1,Turkey,Male,25-34,Rejected,None
716,2022-02-01,2,Syria,Female,25-34,Accepted,Refugee status
717,2022-07-01,5,Bangladesh,Female,25-34,Withdrawn,None
718,2022-03-01,5,Bangladesh,Male,35-44,Rejected,None
719,2025-10-01,1,Spain,Female,25-34,Pending,None
720,2022-04-01,5,Senegal,Male,25-34,Pending,None
721,2022-07-01,1,Guinea,Female,35-44,Pending,None
722,2023-12-01,1,Tunisia,Female,25-34,Accepted,Refugee status
723,2024-05-01,4,Spain,Female,35-44,Rejected,None
724,2024-10-01,8,Nigeria,Female,18-24,Pending,None
725,2022-05-01,6,Nigeria,Male,25-34,Pending,None
726,2022-07-01,1,Georgia,Female,25-34,Pending,None
727,2022-01-01,1,Côte d'Ivoire,Male,45-54,Rejected,None
728,2022-08-01,3,Georgia,Male,18-24,Accepted,Refugee status
729,2022-10-01,1,Ukraine,Male,35-44,Pending,None
730,2025-04-01,1,Georgia,Male,25-34,Accepted,Temporary protection
731,2024-05-01,1,Georgia,Female,35-44,Pending,None
732,2022-11-01,1,Guinea,Male,18-24,Rejected,None
733,2022-06-01,4,Guinea,Male,25-34,Rejected,None
734,2025-04-01,1,Guinea,Male,25-34,Pending,None
735,2024-11-01,1,Morocco,Male,25-34,Rejected,None
736,2022-05-01,1,Morocco,Male,18-24,Rejected,None
737,2024-03-01,4,Ukraine,Male,25-34,Pending,None
738,2025-05-01,2,Turkey,Male,25-34,Pending,None
739,2023-01-01,1,Morocco,Male,45-54,Pending,None
740,2024-12-01,2,Senegal,Female,35-44,Pending,None
741,2023-07-01,1,Algeria,Female,18-24,Pending,None
742,2022-08-01,7,Italy,Female,25-34,Rejected,None
743,2023-02-01,2,Morocco,Male,25-34,Pending,None
744,2023-05-01,5,Bangladesh,Male,35-44,Rejected,None
745,2022-02-01,6,Georgia,Female,25-34,Accepted,Refugee status
746,2023-04-01,4,India,Male,25-34,Accepted,Refugee status
747,2025-11-01,4,India,Female,25-34,Rejected,None
748,2022-07-01,2,India,Male,25-34,Rejected,None
749,2022-01-01,2,Ukraine,Male,25-34,Withdrawn,None
750,2023-07-01,1,Italy,Male,25-34,Pending,None
751,2025-11-01,1,Turkey,Female,35-44,Accepted,Subsidiary protection
752,2024-09-01,2,Nigeria,Male,55+,Pending,None
753,2024-01-01,3,Italy,Female,35-44,Pending,None
754,2024-12-01,1,Ukraine,Female,18-24,Pending,None
755,2022-01-01,8,China,Male,45-54,Rejected,None
756,2022-10-01,1,Côte d'Ivoire,Female,25-34,Pending,None
757,2025-05-01,1,Italy,Male,25-34,Rejected,None
758,2024-11-01,5,Algeria,Male,35-44,Rejected,None
759,2023-11-01,7,Spain,Female,18-24,Accepted,Refugee status
760,2023-01-01,3,Nigeria,Male,18-24,Accepted,Refugee status
761,2022-11-01,4,Nigeria,Male,35-44,Rejected,None
762,2022-03-01,1,Côte d'Ivoire,Female,18-24,Pending,None
763,2025-07-01,9,China,Female,25-34,Accepted,Refugee status
764,2022-10-01,5,Georgia,Female,25-34,Pending,None
765,2025-04-01,1,Morocco,Male,55+,Pending,None
766,2023-05-01,6,Tunisia,Female,25-34,Accepted,Subsidiary protection
767,2025-08-01,1,Guinea,Female,25-34,Pending,None
768,2022-02-01,2,Senegal,Male,25-34,Accepted,Refugee status
769,2024-01-01,3,Afghanistan,Female,25-34,Rejected,None
770,2022-05-01,6,Turkey,Female,25-34,Accepted,Refugee status
771,2022-01-01,10,Ukraine,Male,45-54,Pending,None
772,2023-06-01,2,Ukraine,Male,35-44,Pending,None
773,2024-07-01,5,Algeria,Male,45-54,Pending,None
774,2025-09-01,5,Afghanistan,Female,25-34,Accepted,Subsidiary protection
775,2022-08-01,1,Guinea,Male,35-44,Accepted,Subsidiary protection
776,2024-07-01,5,Guinea,Male,55+,Rejected,None
777,2025-03-01,8,Nigeria,Female,18-24,Pending,None
778,2025-09-01,4,Syria,Female,25-34,Rejected,None
779,2023-02-01,3,Afghanistan,Male,25-34,Pending,None
780,2022-02-01,5,Bangladesh,Male,25-34,Accepted,Subsidiary protection
781,2025-10-01,7,Spain,Female,25-34,Rejected,None
782,2025-06-01,1,Ukraine,Male,35-44,Rejected,None
783,2023-01-01,1,Guinea,Female,25-34,Accepted,Subsidiary protection
784,2022-07-01,5,Spain,Male,55+,Pending,None
785,2024-02-01,1,India,Male,35-44,Accepted,Subsidiary protection
786,2022-12-01,7,Ukraine,Female,25-34,Rejected,None
787,2024-04-01,1,Spain,Male,18-24,Pending,None
788,2022-05-01,1,Morocco,Female,35-44,Pending,None
789,2025-09-01,6,Algeria,Male,18-24,Accepted,Subsidiary protection
790,2023-08-01,1,Côte d'Ivoire,Male,25-34,Rejected,None
791,2022-07-01,2,Syria,Female,25-34,Accepted,Refugee status
792,2022-10-01,2,Morocco,Male,55+,Pending,None
793,2024-08-01,7,Guinea,Male,25-34,Rejected,None
794,2024-12-01,1,Bangladesh,Male,35-44,Rejected,None
795,2022-06-01,5,Ukraine,Male,55+,Rejected,None
796,2025-01-01,10,Spain,Male,25-34,Pending,None
797,2025-09-01,4,Turkey,Male,18-24,Pending,None
798,2023-02-01,1,Morocco,Female,18-24,Accepted,Refugee status
799,2024-06-01,1,Senegal,Male,25-34,Rejected,None
800,2025-03-01,4,Turkey,Male,25-34,Accepted,Subsidiary protection
801,2025-10-01,1,China,Male,25-34,Pending,None
802,2022-08-01,3,Morocco,Female,25-34,Rejected,None
803,2025-07-01,4,Algeria,Male,25-34,Accepted,Refugee status
804,2022-02-01,6,Bangladesh,Female,25-34,Rejected,None
805,2024-03-01,5,Spain,Male,25-34,Accepted,Refugee status
806,2022-08-01,5,Guinea,Male,35-44,Accepted,Refugee status
807,2022-06-01,1,Nigeria,Male,25-34,Pending,None
808,2022-12-01,2,Syria,Male,35-44,Pending,None
809,2022-08-01,7,Morocco,Female,25-34,Withdrawn,None
810,2022-03-01,6,Turkey,Male,25-34,Rejected,None
811,2023-03-01,1,Afghanistan,Male,25-34,Accepted,Temporary protection
812,2022-06-01,1,Afghanistan,Female,45-54,Accepted,Subsidiary protection
813,2023-07-01,5,Portugal,Male,35-44,Pending,None
814,2023-03-01,2,Portugal,Male,25-34,Rejected,None
815,2024-01-01,2,Georgia,Male,18-24,Pending,None
816,2025-05-01,1,Senegal,Male,25-34,Accepted,Refugee status
817,2022-07-01,2,Morocco,Female,55+,Accepted,Refugee status
818,2025-06-01,1,India,Female,35-44,Accepted,Refugee status
819,2024-02-01,1,Afghanistan,Female,25-34,Accepted,Refugee status
820,2025-12-01,2,Syria,Female,18-24,Withdrawn,None
821,2023-08-01,7,Ukraine,Male,18-24,Rejected,None
822,2022-05-01,8,Morocco,Male,35-44,Withdrawn,None
823,2022-11-01,1,Syria,Female,25-34,Accepted,Refugee status
824,2022-01-01,1,Guinea,Male,25-34,Pending,None
825,2025-06-01,1,Guinea,Male,25-34,Withdrawn,None
826,2024-04-01,8,Bangladesh,Female,45-54,Pending,None
827,2025-07-01,1,Côte d'Ivoire,Male,25-34,Rejected,None
828,2024-05-01,9,Ukraine,Male,18-24,Pending,None
829,2025-09-01,5,Guinea,Male,25-34,Rejected,None
830,2022-12-01,7,Afghanistan,Female,35-44,Rejected,None
831,2023-04-01,1,Syria,Male,25-34,Rejected,None
832,2025-03-01,4,Italy,Male,35-44,Rejected,None
833,2025-04-01,1,Syria,Male,35-44,Pending,None
834,2025-10-01,5,Turkey,Female,25-34,Accepted,Refugee status
835,2025-07-01,4,Afghanistan,Male,45-54,Pending,None
836,2023-04-01,7,Italy,Female,18-24,Withdrawn,None
837,2024-09-01,5,China,Male,35-44,Accepted,Subsidiary protection
838,2025-10-01,10,Guinea,Male,25-34,Pending,None
839,2023-01-01,3,Algeria,Female,25-34,Pending,None
840,2022-06-01,4,Morocco,Male,25-34,Rejected,None
841,2024-01-01,1,Turkey,Male,25-34,Rejected,None
842,2023-11-01,1,Côte d'Ivoire,Male,25-34,Rejected,None
843,2024-10-01,1,Turkey,Male,35-44,Pending,None
844,2022-10-01,1,Portugal,Male,25-34,Rejected,None
845,2023-10-01,1,Georgia,Male,35-44,Accepted,Temporary protection
846,2024-05-01,1,Afghanistan,Female,18-24,Rejected,None
847,2024-04-01,1,Afghanistan,Female,25-34,Rejected,None
848,2022-04-01,5,Guinea,Female,25-34,Pending,None
849,2022-05-01,3,Senegal,Male,35-44,Accepted,Refugee status
850,2024-01-01,9,Italy,Male,25-34,Pending,None
851,2023-06-01,2,Afghanistan,Female,25-34,Accepted,Refugee status
852,2022-09-01,1,Tunisia,Male,45-54,Pending,None
853,2025-03-01,7,Georgia,Female,18-24,Pending,None
854,2023-09-01,7,India,Male,35-44,Pending,None
855,2024-04-01,2,Italy,Female,35-44,Pending,None
856,2024-10-01,1,Turkey,Male,25-34,Accepted,Subsidiary protection
857,2024-11-01,8,Tunisia,Male,25-34,Accepted,Refugee status
858,2023-05-01,9,Turkey,Female,25-34,Rejected,None
859,2022-02-01,10,Senegal,Male,35-44,Accepted,Refugee status
860,2024-02-01,2,Portugal,Male,45-54,Rejected,None
861,2022-12-01,1,Syria,Male,25-34,Withdrawn,None
862,2025-11-01,2,China,Female,25-34,Accepted,Refugee status
863,2025-07-01,4,India,Male,25-34,Rejected,None
864,2025-07-01,1,Guinea,Female,25-34,Withdrawn,None
865,2025-02-01,1,Afghanistan,Male,18-24,Rejected,None
866,2025-12-01,9,Portugal,Male,45-54,Pending,None
867,2025-10-01,1,Nigeria,Female,25-34,Pending,None
868,2022-09-01,1,China,Male,18-24,Pending,None
869,2024-06-01,4,Ukraine,Female,18-24,Rejected,None
870,2023-12-01,9,India,Male,45-54,Rejected,None
871,2022-02-01,9,Bangladesh,Male,18-24,Pending,None
872,2025-02-01,1,Syria,Male,35-44,Accepted,Subsidiary protection
873,2022-06-01,4,Côte d'Ivoire,Male,35-44,Accepted,Refugee status
874,2025-09-01,10,Morocco,Female,35-44,Rejected,None
875,2024-10-01,5,India,Male,25-34,Pending,None
876,2022-12-01,1,Bangladesh,Male,35-44,Pending,None
877,2022-02-01,5,Côte d'Ivoire,Male,25-34,Accepted,Refugee status
878,2025-12-01,3,Algeria,Male,25-34,Pending,None
879,2025-03-01,3,Turkey,Male,45-54,Rejected,None
880,2023-10-01,3,Ukraine,Male,35-44,Accepted,Subsidiary protection
881,2025-03-01,1,Afghanistan,Male,25-34,Accepted,Refugee status
882,2025-02-01,7,Senegal,Male,35-44,Rejected,None
883,2024-06-01,2,Portugal,Male,35-44,Pending,None
884,2024-01-01,1,Italy,Female,45-54,Pending,None
885,2022-03-01,2,China,Male,35-44,Rejected,None
886,2023-03-01,5,Algeria,Male,25-34,Rejected,None
887,2023-03-01,4,Ukraine,Male,25-34,Pending,None
888,2022-06-01,7,China,Female,25-34,Rejected,None
889,2024-11-01,7,Afghanistan,Female,25-34,Accepted,Temporary protection
890,2022-08-01,5,Spain,Male,25-34,Accepted,Refugee status
891,2023-01-01,4,Turkey,Male,35-44,Rejected,None
892,2024-08-01,4,Syria,Male,25-34,Pending,None
893,2024-01-01,2,Nigeria,Female,35-44,Accepted,Refugee status
894,2024-03-01,3,Syria,Female,25-34,Pending,None
895,2025-05-01,3,Italy,Male,35-44,Accepted,Refugee status
896,2023-09-01,7,Turkey,Male,18-24,Accepted,Temporary protection
897,2024-06-01,6,China,Female,35-44,Withdrawn,None
898,2024-07-01,1,Senegal,Female,25-34,Accepted,Refugee status
899,2022-07-01,10,Senegal,Male,25-34,Rejected,None
900,2024-01-01,10,China,Female,18-24,Pending,None
901,2024-03-01,1,India,Male,45-54,Accepted,Refugee status
902,2022-07-01,10,China,Male,18-24,Rejected,None
903,2022-07-01,3,Portugal,Male,18-24,Pending,None
904,2023-01-01,1,Tunisia,Female,45-54,Withdrawn,None
905,2023-09-01,6,Italy,Male,35-44,Rejected,None
906,2023-09-01,1,Nigeria,Male,45-54,Rejected,None
907,2022-11-01,5,Nigeria,Male,55+,Pending,None
908,2023-08-01,7,India,Male,25-34,Accepted,Refugee status
909,2023-02-01,2,Georgia,Male,35-44,Pending,None
910,2025-08-01,1,Georgia,Male,18-24,Withdrawn,None
911,2024-08-01,1,China,Male,45-54,Pending,None
912,2025-10-01,2,Senegal,Male,35-44,Rejected,None
913,2024-08-01,4,Afghanistan,Male,45-54,Accepted,Temporary protection
914,2024-02-01,6,Portugal,Male,25-34,Rejected,None
915,2023-12-01,8,Spain,Male,35-44,Withdrawn,None
916,2023-01-01,4,Nigeria,Female,45-54,Rejected,None
917,2022-09-01,3,Spain,Male,25-34,Pending,None
918,2025-03-01,2,Turkey,Male,25-34,Rejected,None
919,2023-07-01,4,Italy,Male,45-54,Accepted,Temporary protection
920,2022-09-01,1,Nigeria,Male,55+,Rejected,None
921,2023-09-01,3,Bangladesh,Male,35-44,Pending,None
922,2023-12-01,3,Tunisia,Male,25-34,Rejected,None
923,2024-09-01,5,Algeria,Male,18-24,Accepted,Subsidiary protection
924,2025-12-01,1,Italy,Female,35-44,Rejected,None
925,2025-11-01,2,Senegal,Male,35-44,Accepted,Refugee status
926,2025-06-01,6,Nigeria,Female,18-24,Accepted,Refugee status
927,2025-04-01,7,Tunisia,Male,25-34,Pending,None
928,2025-09-01,4,Algeria,Male,18-24,Pending,None
929,2024-11-01,8,Ukraine,Male,25-34,Withdrawn,None
930,2022-05-01,6,Nigeria,Male,25-34,Rejected,None
931,2022-12-01,7,Spain,Male,18-24,Pending,None
932,2023-11-01,7,Algeria,Male,25-34,Accepted,Refugee status
933,2025-02-01,6,China,Female,18-24,Rejected,None
934,2025-01-01,8,Bangladesh,Female,35-44,Accepted,Refugee status
935,2025-07-01,1,Morocco,Male,35-44,Accepted,Temporary protection
936,2022-08-01,3,Bangladesh,Female,35-44,Rejected,None
937,2024-05-01,7,Senegal,Female,45-54,Pending,None
938,2025-01-01,1,Morocco,Female,18-24,Accepted,Subsidiary protection
939,2023-07-01,1,Algeria,Female,55+,Accepted,Refugee status
940,2023-05-01,2,Nigeria,Male,18-24,Rejected,None
941,2024-08-01,4,Portugal,Male,25-34,Pending,None
942,2025-07-01,6,Morocco,Female,18-24,Pending,None
943,2023-10-01,4,Tunisia,Male,45-54,Withdrawn,None
944,2023-09-01,1,Nigeria,Male,25-34,Rejected,None
945,2022-04-01,7,Nigeria,Male,25-34,Rejected,None
946,2023-01-01,1,Georgia,Male,25-34,Rejected,None
947,2022-04-01,8,Guinea,Female,55+,Pending,None
948,2025-09-01,3,Guinea,Male,25-34,Accepted,Subsidiary protection
949,2025-05-01,1,Syria,Female,25-34,Accepted,Refugee status
950,2024-11-01,3,Syria,Male,18-24,Pending,None
951,2022-11-01,5,Algeria,Female,25-34,Pending,None
952,2023-11-01,8,Bangladesh,Male,45-54,Pending,None
953,2022-01-01,4,Côte d'Ivoire,Female,25-34,Pending,None
954,2025-11-01,10,Georgia,Male,18-24,Pending,None
955,2022-03-01,2,Algeria,Male,45-54,Rejected,None
956,2024-05-01,1,Senegal,Male,45-54,Withdrawn,None
957,2023-12-01,2,China,Male,55+,Accepted,Subsidiary protection
958,2024-05-01,5,Guinea,Female,18-24,Pending,None
959,2022-04-01,1,Georgia,Female,25-34,Pending,None
960,2023-06-01,1,Georgia,Male,45-54,Rejected,None
961,2025-04-01,5,Afghanistan,Male,18-24,Accepted,Refugee status
962,2025-05-01,2,Portugal,Male,25-34,Rejected,None
963,2023-08-01,7,Spain,Male,45-54,Pending,None
964,2024-05-01,1,Portugal,Male,18-24,Rejected,None
965,2025-03-01,2,Spain,Male,35-44,Rejected,None
966,2024-06-01,3,Nigeria,Male,45-54,Pending,None
967,2023-09-01,9,Syria,Male,35-44,Withdrawn,None
968,2025-09-01,1,Guinea,Male,45-54,Accepted,Refugee status
969,2025-12-01,1,Bangladesh,Male,35-44,Pending,None
970,2023-01-01,1,Tunisia,Female,35-44,Accepted,Refugee status
971,2022-03-01,10,Italy,Male,35-44,Accepted,Refugee status
972,2025-02-01,1,Turkey,Male,18-24,Rejected,None
973,2022-06-01,7,Tunisia,Female,25-34,Pending,None
974,2025-03-01,3,India,Male,45-54,Rejected,None
975,2025-02-01,7,Bangladesh,Male,25-34,Rejected,None
976,2022-04-01,1,Algeria,Male,25-34,Rejected,None
977,2024-03-01,3,Portugal,Male,25-34,Pending,None
978,2024-11-01,10,China,Female,25-34,Pending,None
979,2022-04-01,1,Portugal,Male,35-44,Rejected,None
980,2025-04-01,5,Ukraine,Female,55+,Accepted,Temporary protection
981,2022-06-01,9,Algeria,Male,18-24,Withdrawn,None
982,2024-02-01,1,Ukraine,Male,18-24,Accepted,Temporary protection
983,2022-01-01,7,Georgia,Female,35-44,Accepted,Refugee status
984,2022-06-01,1,Syria,Male,18-24,Withdrawn,None
985,2024-12-01,1,Guinea,Male,25-34,Rejected,None
986,2022-04-01,1,Turkey,Male,25-34,Accepted,Subsidiary protection
987,2025-08-01,6,Algeria,Male,25-34,Rejected,None
988,2022-02-01,1,Syria,Male,35-44,Pending,None
989,2024-07-01,2,Spain,Female,25-34,Accepted,Refugee status
990,2023-06-01,5,China,Female,35-44,Pending,None
991,2024-06-01,1,Georgia,Female,35-44,Withdrawn,None
992,2024-06-01,1,Syria,Male,18-24,Withdrawn,None
993,2024-07-01,1,China,Female,25-34,Rejected,None
994,2024-04-01,1,Côte d'Ivoire,Male,18-24,Accepted,Refugee status
995,2025-10-01,3,India,Male,35-44,Rejected,None
996,2024-01-01,3,Spain,Male,18-24,Pending,None
997,2025-05-01,9,Ukraine,Female,45-54,Accepted,Refugee status
998,2023-09-01,6,Algeria,Female,45-54,Rejected,None
999,2024-06-01,10,Syria,Male,25-34,Pending,None
1000,2024-09-01,6,Syria,Male,45-54,Pending,None
1001,2023-07-01,10,Spain,Male,25-34,Rejected,None
1002,2025-07-01,1,Guinea,Female,25-34,Rejected,None
1003,2023-02-01,1,Morocco,Male,18-24,Accepted,Refugee status
1004,2025-04-01,2,Tunisia,Male,35-44,Rejected,None
1005,2022-10-01,3,Nigeria,Male,25-34,Rejected,None
1006,2024-11-01,7,Syria,Male,55+,Pending,None
1007,2025-04-01,4,India,Male,45-54,Rejected,None
1008,2023-03-01,9,Portugal,Female,25-34,Accepted,Refugee status
1009,2023-01-01,1,Bangladesh,Male,25-34,Accepted,Subsidiary protection
1010,2025-10-01,4,Algeria,Male,25-34,Pending,None
1011,2024-07-01,5,Turkey,Female,18-24,Accepted,Subsidiary protection
1012,2025-06-01,1,Turkey,Male,25-34,Rejected,None
1013,2025-10-01,7,China,Male,25-34,Accepted,Refugee status
1014,2025-10-01,5,Nigeria,Female,18-24,Pending,None
1015,2025-04-01,1,Morocco,Male,45-54,Pending,None
1016,2024-06-01,2,Spain,Male,55+,Rejected,None
1017,2025-10-01,5,Côte d'Ivoire,Female,25-34,Accepted,Refugee status
1018,2023-04-01,6,Senegal,Male,35-44,Pending,None
1019,2024-03-01,2,Nigeria,Male,25-34,Withdrawn,None
1020,2023-10-01,6,Spain,Male,25-34,Pending,None
1021,2023-05-01,1,Georgia,Female,35-44,Rejected,None
1022,2023-04-01,1,Tunisia,Female,35-44,Pending,None
1023,2025-11-01,1,Senegal,Male,35-44,Pending,None
1024,2023-05-01,3,Afghanistan,Female,18-24,Pending,None
1025,2022-06-01,1,Guinea,Male,25-34,Rejected,None
1026,2023-09-01,4,Nigeria,Female,45-54,Rejected,None
1027,2023-06-01,10,Guinea,Male,55+,Pending,None
1028,2025-09-01,10,Afghanistan,Female,25-34,Rejected,None
1029,2025-02-01,2,Nigeria,Male,25-34,Rejected,None
1030,2023-12-01,6,Syria,Female,25-34,Accepted,Subsidiary protection
1031,2025-04-01,10,Portugal,Male,25-34,Accepted,Temporary protection
1032,2023-08-01,3,Turkey,Female,35-44,Accepted,Refugee status
1033,2022-11-01,1,Bangladesh,Female,25-34,Pending,None
1034,2024-07-01,1,Georgia,Female,45-54,Rejected,None
1035,2024-06-01,1,Georgia,Male,55+,Rejected,None
1036,2023-02-01,8,Morocco,Female,45-54,Rejected,None
1037,2022-09-01,1,Tunisia,Male,55+,Rejected,None
1038,2022-01-01,1,China,Female,18-24,Rejected,None
1039,2023-07-01,6,Nigeria,Male,25-34,Rejected,None
1040,2024-12-01,7,Algeria,Female,35-44,Withdrawn,None
1041,2025-03-01,1,Guinea,Female,25-34,Accepted,Refugee status
1042,2023-04-01,5,Ukraine,Male,55+,Rejected,None
1043,2024-08-01,2,Turkey,Female,18-24,Rejected,None
1044,2022-12-01,1,Nigeria,Male,25-34,Pending,None
1045,2022-10-01,3,Turkey,Male,35-44,Accepted,Temporary protection
1046,2024-02-01,6,Afghanistan,Male,25-34,Rejected,None
1047,2023-03-01,1,Georgia,Female,25-34,Pending,None
1048,2022-08-01,1,Syria,Female,25-34,Accepted,Subsidiary protection
1049,2022-12-01,9,Syria,Female,35-44,Pending,None
1050,2023-02-01,10,India,Male,25-34,Pending,None
1051,2023-04-01,3,Ukraine,Male,18-24,Accepted,Subsidiary protection
1052,2024-01-01,1,Côte d'Ivoire,Male,35-44,Pending,None
1053,2025-06-01,1,Côte d'Ivoire,Male,35-44,Rejected,None
1054,2025-11-01,1,Italy,Male,25-34,Accepted,Refugee status
1055,2024-04-01,1,India,Male,35-44,Pending,None
1056,2022-12-01,5,Georgia,Male,25-34,Pending,None
1057,2022-10-01,1,India,Male,18-24,Pending,None
1058,2023-11-01,1,Senegal,Female,35-44,Accepted,Temporary protection
1059,2024-09-01,6,Algeria,Female,25-34,Rejected,None
1060,2024-02-01,1,Syria,Female,55+,Accepted,Temporary protection
1061,2022-07-01,1,Georgia,Male,55+,Pending,None
1062,2024-11-01,4,Tunisia,Male,25-34,Accepted,Refugee status
1063,2023-03-01,1,Spain,Female,25-34,Withdrawn,None
1064,2024-02-01,5,Ukraine,Female,35-44,Rejected,None
1065,2025-06-01,1,China,Male,35-44,Rejected,None
1066,2024-12-01,1,Nigeria,Male,18-24,Pending,None
1067,2024-02-01,3,Afghanistan,Female,25-34,Pending,None
1068,2025-06-01,5,Guinea,Male,25-34,Accepted,Refugee status
1069,2022-10-01,1,Tunisia,Male,18-24,Accepted,Subsidiary protection
1070,2023-02-01,8,Italy,Female,25-34,Rejected,None
1071,2023-01-01,9,China,Male,18-24,Pending,None
1072,2025-05-01,3,Portugal,Male,25-34,Rejected,None
1073,2025-05-01,1,Tunisia,Male,25-34,Rejected,None
1074,2023-01-01,1,Spain,Male,25-34,Withdrawn,None
1075,2022-10-01,9,Italy,Female,25-34,Rejected,None
1076,2025-03-01,1,India,Male,35-44,Accepted,Refugee status
1077,2023-10-01,1,Turkey,Male,35-44,Rejected,None
1078,2024-07-01,1,Portugal,Male,25-34,Rejected,None
1079,2022-10-01,1,Georgia,Male,25-34,Pending,None
1080,2024-04-01,1,Portugal,Male,25-34,Pending,None
1081,2024-09-01,1,Côte d'Ivoire,Male,45-54,Pending,None
1082,2023-11-01,6,Turkey,Male,18-24,Accepted,Refugee status
1083,2025-04-01,1,Guinea,Male,18-24,Accepted,Refugee status
1084,2024-03-01,6,Portugal,Male,18-24,Pending,None
1085,2024-02-01,2,Bangladesh,Male,18-24,Accepted,Refugee status
1086,2022-12-01,1,Afghanistan,Male,35-44,Rejected,None
1087,2024-09-01,7,Nigeria,Male,55+,Rejected,None
1088,2023-12-01,5,Afghanistan,Female,35-44,Pending,None
1089,2024-08-01,4,Afghanistan,Female,25-34,Rejected,None
1090,2024-06-01,1,Guinea,Female,35-44,Withdrawn,None
1091,2023-06-01,5,Turkey,Female,25-34,Accepted,Temporary protection
1092,2023-07-01,7,Georgia,Male,25-34,Accepted,Refugee status
1093,2023-03-01,10,Guinea,Male,25-34,Pending,None
1094,2023-07-01,5,Afghanistan,Male,25-34,Rejected,None
1095,2025-05-01,2,Georgia,Male,18-24,Rejected,None
1096,2023-05-01,7,Syria,Female,45-54,Pending,None
1097,2022-06-01,1,Turkey,Female,25-34,Rejected,None
1098,2025-04-01,2,Bangladesh,Female,35-44,Pending,None
1099,2022-11-01,6,Spain,Male,18-24,Rejected,None
1100,2023-07-01,2,Georgia,Female,25-34,Accepted,Refugee status
1101,2022-10-01,1,Georgia,Female,35-44,Accepted,Subsidiary protection
1102,2024-04-01,1,Spain,Female,35-44,Withdrawn,None
1103,2023-01-01,1,Syria,Male,25-34,Accepted,Subsidiary protection
1104,2025-11-01,7,Guinea,Male,35-44,Pending,None
1105,2023-09-01,6,Morocco,Female,35-44,Rejected,None
1106,2022-02-01,6,China,Female,18-24,Pending,None
1107,2024-03-01,8,Spain,Female,18-24,Rejected,None
1108,2022-11-01,1,Georgia,Male,25-34,Pending,None
1109,2023-05-01,6,Afghanistan,Female,25-34,Accepted,Refugee status
1110,2025-09-01,2,Morocco,Female,18-24,Accepted,Refugee status
1111,2022-09-01,7,Tunisia,Female,35-44,Accepted,Refugee status
1112,2024-11-01,5,Morocco,Male,25-34,Accepted,Temporary protection
1113,2024-10-01,10,Portugal,Female,25-34,Accepted,Refugee status
1114,2023-07-01,6,Nigeria,Male,25-34,Rejected,None
1115,2023-10-01,1,Portugal,Male,25-34,Pending,None
1116,2022-05-01,5,Algeria,Male,18-24,Rejected,None
1117,2023-11-01,1,Nigeria,Female,45-54,Pending,None
1118,2024-01-01,4,Syria,Male,18-24,Rejected,None
1119,2024-05-01,1,Côte d'Ivoire,Male,18-24,Rejected,None
1120,2025-02-01,3,Morocco,Female,35-44,Rejected,None
1121,2025-09-01,7,Ukraine,Female,25-34,Pending,None
1122,2023-09-01,1,Tunisia,Male,35-44,Rejected,None
1123,2025-07-01,1,Bangladesh,Male,25-34,Rejected,None
1124,2025-05-01,1,Turkey,Male,45-54,Withdrawn,None
1125,2023-03-01,1,Algeria,Male,25-34,Pending,None
1126,2023-02-01,1,Côte d'Ivoire,Male,25-34,Rejected,None
1127,2024-02-01,5,Côte d'Ivoire,Female,25-34,Accepted,Refugee status
1128,2023-12-01,6,India,Male,25-34,Withdrawn,None
1129,2023-06-01,3,Afghanistan,Female,18-24,Accepted,Temporary protection
1130,2022-05-01,1,Syria,Male,25-34,Pending,None
1131,2025-03-01,3,Spain,Male,25-34,Rejected,None
1132,2024-02-01,9,Bangladesh,Female,18-24,Pending,None
1133,2022-09-01,2,Algeria,Female,18-24,Rejected,None
1134,2025-06-01,2,India,Male,25-34,Pending,None
1135,2025-09-01,3,Syria,Female,35-44,Withdrawn,None
1136,2022-08-01,1,India,Female,35-44,Accepted,Refugee status
1137,2024-02-01,1,Turkey,Male,35-44,Pending,None
1138,2024-06-01,5,Spain,Male,25-34,Rejected,None
1139,2022-12-01,1,Ukraine,Male,25-34,Pending,None
1140,2023-04-01,4,Bangladesh,Male,35-44,Pending,None
1141,2023-07-01,2,China,Female,25-34,Rejected,None
1142,2023-05-01,1,Georgia,Male,35-44,Pending,None
1143,2024-09-01,4,Algeria,Female,18-24,Pending,None
1144,2022-01-01,1,Georgia,Female,25-34,Accepted,Temporary protection
1145,2024-08-01,1,Turkey,Female,35-44,Pending,None
1146,2024-02-01,3,Morocco,Female,25-34,Withdrawn,None
1147,2025-01-01,5,Ukraine,Male,45-54,Rejected,None
1148,2025-12-01,7,Portugal,Male,18-24,Rejected,None
1149,2023-09-01,7,Côte d'Ivoire,Male,25-34,Rejected,None
1150,2022-08-01,3,India,Male,35-44,Rejected,None
1151,2023-09-01,1,Ukraine,Male,35-44,Pending,None
1152,2022-12-01,1,Guinea,Female,18-24,Rejected,None
1153,2024-01-01,1,Algeria,Female,18-24,Rejected,None
1154,2022-11-01,1,Turkey,Male,25-34,Rejected,None
1155,2022-01-01,1,Georgia,Male,25-34,Withdrawn,None
1156,2024-03-01,6,Georgia,Male,25-34,Rejected,None
1157,2023-04-01,4,Turkey,Male,45-54,Pending,None
1158,2022-10-01,1,Spain,Female,25-34,Accepted,Subsidiary protection
1159,2022-01-01,4,Italy,Female,18-24,Pending,None
1160,2025-10-01,7,Turkey,Male,35-44,Rejected,None
1161,2025-05-01,1,Afghanistan,Female,25-34,Withdrawn,None
1162,2024-10-01,1,Senegal,Male,25-34,Accepted,Refugee status
1163,2023-06-01,3,Bangladesh,Female,35-44,Pending,None
1164,2024-07-01,1,India,Female,45-54,Accepted,Temporary protection
1165,2024-02-01,1,Côte d'Ivoire,Male,18-24,Pending,None
1166,2022-01-01,4,Syria,Female,45-54,Accepted,Refugee status
1167,2025-08-01,4,Nigeria,Male,25-34,Withdrawn,None
1168,2023-11-01,7,Morocco,Male,45-54,Accepted,Temporary protection
1169,2023-11-01,1,Côte d'Ivoire,Male,25-34,Rejected,None
1170,2025-03-01,8,Algeria,Male,45-54,Rejected,None
1171,2024-11-01,1,Guinea,Female,45-54,Rejected,None
1172,2024-01-01,1,Syria,Male,25-34,Pending,None
1173,2025-05-01,1,Syria,Female,35-44,Pending,None
1174,2024-12-01,1,Portugal,Male,25-34,Pending,None
1175,2024-04-01,7,Georgia,Male,25-34,Pending,None
1176,2024-09-01,1,Afghanistan,Male,18-24,Pending,None
1177,2022-08-01,1,Syria,Male,18-24,Accepted,Refugee status
1178,2025-09-01,4,Côte d'Ivoire,Male,25-34,Rejected,None
1179,2025-07-01,1,Senegal,Female,25-34,Pending,None
1180,2023-06-01,4,Georgia,Male,25-34,Accepted,Refugee status
1181,2022-02-01,8,Côte d'Ivoire,Male,25-34,Accepted,Refugee status
1182,2025-04-01,1,Georgia,Female,18-24,Pending,None
1183,2024-01-01,1,Spain,Female,35-44,Pending,None
1184,2023-01-01,2,Georgia,Male,35-44,Pending,None
1185,2025-12-01,7,Senegal,Female,45-54,Accepted,Refugee status
1186,2024-03-01,9,Tunisia,Female,45-54,Accepted,Refugee status
1187,2022-10-01,7,Italy,Male,45-54,Pending,None
1188,2024-06-01,5,Nigeria,Female,35-44,Pending,None
1189,2025-01-01,2,Bangladesh,Female,25-34,Pending,None
1190,2023-10-01,7,Tunisia,Female,35-44,Pending,None
1191,2024-09-01,6,India,Male,25-34,Rejected,None
1192,2022-05-01,1,Italy,Male,45-54,Rejected,None
1193,2023-02-01,6,Tunisia,Male,35-44,Rejected,None
1194,2023-09-01,7,Afghanistan,Female,25-34,Accepted,Refugee status
1195,2022-06-01,8,Afghanistan,Female,25-34,Pending,None
1196,2022-10-01,6,Italy,Male,35-44,Pending,None
1197,2024-02-01,6,Syria,Male,35-44,Accepted,Refugee status
1198,2023-12-01,8,Ukraine,Female,18-24,Rejected,None
1199,2023-06-01,1,Afghanistan,Male,25-34,Rejected,None
1200,2022-01-01,4,Syria,Male,55+,Rejected,None
1201,2023-08-01,8,Portugal,Female,35-44,Rejected,None
1202,2023-12-01,5,Georgia,Male,25-34,Rejected,None
1203,2025-12-01,9,Turkey,Male,25-34,Rejected,None
1204,2023-07-01,1,Afghanistan,Male,25-34,Withdrawn,None
1205,2024-01-01,1,Nigeria,Male,55+,Pending,None
1206,2022-01-01,1,Tunisia,Male,55+,Pending,None
1207,2022-09-01,1,Côte d'Ivoire,Male,18-24,Accepted,Refugee status
1208,2024-06-01,5,Tunisia,Female,25-34,Accepted,Refugee status
1209,2023-12-01,2,Nigeria,Male,18-24,Accepted,Subsidiary protection
1210,2023-04-01,1,India,Male,25-34,Rejected,None
1211,2023-07-01,6,Tunisia,Female,25-34,Accepted,Subsidiary protection
1212,2024-04-01,5,Nigeria,Male,35-44,Accepted,Subsidiary protection
1213,2023-09-01,1,Turkey,Female,35-44,Pending,None
1214,2025-07-01,2,Côte d'Ivoire,Male,18-24,Accepted,Subsidiary protection
1215,2022-11-01,6,Afghanistan,Male,25-34,Accepted,Refugee status
1216,2025-06-01,1,Spain,Male,35-44,Pending,None
1217,2025-09-01,7,Ukraine,Male,25-34,Pending,None
1218,2024-01-01,4,Georgia,Male,25-34,Accepted,Refugee status
1219,2022-09-01,6,Tunisia,Female,18-24,Rejected,None
1220,2023-11-01,1,China,Female,35-44,Pending,None
1221,2025-08-01,6,Ukraine,Male,25-34,Pending,None
1222,2024-02-01,1,Senegal,Male,35-44,Pending,None
1223,2024-07-01,8,China,Male,45-54,Pending,None
1224,2023-07-01,1,Portugal,Female,25-34,Rejected,None
1225,2024-04-01,1,Senegal,Male,35-44,Pending,None
1226,2023-03-01,5,Bangladesh,Male,35-44,Accepted,Subsidiary protection
1227,2023-01-01,1,Bangladesh,Male,35-44,Withdrawn,None
1228,2022-08-01,1,Italy,Male,25-34,Accepted,Refugee status
1229,2024-10-01,1,Ukraine,Female,25-34,Accepted,Subsidiary protection
1230,2025-08-01,7,Algeria,Male,35-44,Withdrawn,None
1231,2023-06-01,3,India,Female,25-34,Accepted,Refugee status
1232,2022-03-01,2,Bangladesh,Female,35-44,Pending,None
1233,2023-08-01,1,Ukraine,Female,45-54,Pending,None
1234,2023-05-01,4,Turkey,Male,45-54,Rejected,None
1235,2024-06-01,4,Morocco,Male,35-44,Rejected,None
1236,2022-08-01,1,China,Female,45-54,Pending,None
1237,2025-02-01,1,Georgia,Female,45-54,Accepted,Refugee status
1238,2022-03-01,4,Bangladesh,Female,25-34,Pending,None
1239,2023-07-01,1,Morocco,Female,25-34,Pending,None
1240,2022-09-01,10,Portugal,Male,25-34,Rejected,None
1241,2025-06-01,1,Syria,Male,25-34,Accepted,Refugee status
1242,2023-10-01,1,Tunisia,Female,25-34,Pending,None
1243,2025-08-01,1,Ukraine,Male,45-54,Accepted,Subsidiary protection
1244,2024-03-01,5,Senegal,Male,45-54,Rejected,None
1245,2025-01-01,1,Guinea,Female,25-34,Rejected,None
1246,2025-07-01,1,Afghanistan,Male,35-44,Rejected,None
1247,2025-04-01,1,Algeria,Male,35-44,Rejected,None
1248,2024-09-01,1,Tunisia,Male,25-34,Rejected,None
1249,2025-03-01,1,India,Male,35-44,Withdrawn,None
1250,2025-03-01,2,Turkey,Male,35-44,Rejected,None
1251,2024-09-01,5,Afghanistan,Male,35-44,Accepted,Temporary protection
1252,2024-03-01,1,Morocco,Male,25-34,Rejected,None
1253,2024-01-01,2,Morocco,Male,25-34,Accepted,Subsidiary protection
1254,2022-10-01,10,Italy,Female,25-34,Accepted,Subsidiary protection
1255,2024-04-01,5,Ukraine,Female,35-44,Rejected,None
1256,2025-05-01,10,Côte d'Ivoire,Male,45-54,Withdrawn,None
1257,2025-05-01,1,Côte d'Ivoire,Male,35-44,Accepted,Subsidiary protection
1258,2023-11-01,2,Senegal,Male,35-44,Accepted,Temporary protection
1259,2023-12-01,1,Guinea,Female,25-34,Rejected,None
1260,2025-02-01,9,Portugal,Female,25-34,Accepted,Subsidiary protection
1261,2025-12-01,8,Afghanistan,Male,35-44,Accepted,Refugee status
1262,2022-01-01,4,Afghanistan,Male,45-54,Pending,None
1263,2024-10-01,1,Bangladesh,Male,25-34,Pending,None
1264,2023-10-01,4,Georgia,Female,18-24,Pending,None
1265,2022-12-01,8,Côte d'Ivoire,Female,45-54,Accepted,Refugee status
1266,2023-05-01,4,Senegal,Male,18-24,Rejected,None
1267,2025-12-01,6,Nigeria,Male,25-34,Pending,None
1268,2023-03-01,5,Algeria,Male,25-34,Pending,None
1269,2024-01-01,1,Syria,Male,55+,Accepted,Temporary protection
1270,2024-09-01,6,India,Female,18-24,Pending,None
1271,2023-01-01,1,Nigeria,Male,35-44,Withdrawn,None
1272,2025-04-01,8,Georgia,Male,25-34,Pending,None
1273,2022-04-01,1,Tunisia,Male,25-34,Rejected,None
1274,2025-06-01,4,Syria,Male,25-34,Accepted,Subsidiary protection
1275,2024-10-01,1,China,Male,25-34,Withdrawn,None
1276,2025-03-01,1,Spain,Male,45-54,Accepted,Refugee status
1277,2022-05-01,7,Georgia,Male,35-44,Withdrawn,None
1278,2025-03-01,6,Bangladesh,Male,45-54,Accepted,Subsidiary protection
1279,2023-02-01,9,Bangladesh,Male,35-44,Rejected,None
1280,2025-05-01,4,Bangladesh,Male,25-34,Pending,None
1281,2023-05-01,1,Bangladesh,Male,18-24,Accepted,Refugee status
1282,2024-10-01,1,Côte d'Ivoire,Male,25-34,Pending,None
1283,2025-12-01,2,Italy,Male,25-34,Rejected,None
1284,2025-01-01,1,Syria,Male,18-24,Accepted,Subsidiary protection
1285,2022-04-01,2,Guinea,Female,18-24,Rejected,None
1286,2022-11-01,1,Portugal,Female,18-24,Pending,None
1287,2022-07-01,10,China,Female,25-34,Pending,None
1288,2025-10-01,1,Morocco,Female,18-24,Rejected,None
1289,2023-04-01,6,Morocco,Male,25-34,Accepted,Subsidiary protection
1290,2024-01-01,4,Guinea,Female,25-34,Accepted,Temporary protection
1291,2024-04-01,4,Italy,Male,18-24,Withdrawn,None
1292,2023-01-01,4,Georgia,Female,18-24,Pending,None
1293,2023-06-01,8,Spain,Female,35-44,Rejected,None
1294,2023-10-01,5,Nigeria,Female,45-54,Pending,None
1295,2022-01-01,1,Guinea,Male,25-34,Rejected,None
1296,2025-04-01,1,Algeria,Male,25-34,Accepted,Subsidiary protection
1297,2025-08-01,7,Italy,Female,25-34,Rejected,None
1298,2024-10-01,3,Nigeria,Female,25-34,Rejected,None
1299,2023-09-01,6,Senegal,Male,18-24,Pending,None
1300,2022-08-01,2,Tunisia,Male,25-34,Pending,None
1301,2023-04-01,6,Ukraine,Female,25-34,Pending,None
1302,2023-10-01,2,Georgia,Male,25-34,Accepted,Refugee status
1303,2022-10-01,3,Portugal,Male,45-54,Pending,None
1304,2025-01-01,9,Côte d'Ivoire,Female,25-34,Accepted,Temporary protection
1305,2023-10-01,3,Portugal,Male,18-24,Accepted,Refugee status
1306,2024-10-01,1,Tunisia,Male,35-44,Accepted,Subsidiary protection
1307,2024-01-01,4,India,Female,18-24,Accepted,Refugee status
1308,2022-10-01,1,Morocco,Male,18-24,Rejected,None
1309,2024-08-01,1,Syria,Male,25-34,Withdrawn,None
1310,2024-12-01,4,Turkey,Female,35-44,Accepted,Refugee status
1311,2023-09-01,1,Nigeria,Female,55+,Rejected,None
1312,2024-09-01,3,Ukraine,Male,35-44,Rejected,None
1313,2025-12-01,4,Morocco,Male,45-54,Pending,None
1314,2022-12-01,1,Algeria,Male,25-34,Accepted,Subsidiary protection
1315,2025-07-01,1,Morocco,Male,25-34,Accepted,Subsidiary protection
1316,2023-03-01,5,Syria,Female,25-34,Rejected,None
1317,2022-03-01,10,Morocco,Female,35-44,Rejected,None
1318,2023-09-01,1,Tunisia,Female,18-24,Accepted,Temporary protection
1319,2025-04-01,1,Afghanistan,Male,25-34,Accepted,Subsidiary protection
1320,2024-09-01,10,Georgia,Female,18-24,Rejected,None
1321,2023-04-01,7,Senegal,Male,25-34,Accepted,Refugee status
1322,2025-10-01,9,Ukraine,Male,25-34,Accepted,Temporary protection
1323,2025-12-01,1,Spain,Female,35-44,Accepted,Temporary protection
1324,2025-12-01,9,India,Female,25-34,Rejected,None
1325,2024-03-01,7,Ukraine,Male,18-24,Rejected,None
1326,2024-10-01,1,Guinea,Female,25-34,Pending,None
1327,2024-02-01,5,Ukraine,Male,18-24,Pending,None
1328,2023-08-01,1,Turkey,Male,18-24,Accepted,Temporary protection
1329,2024-02-01,2,Syria,Male,35-44,Rejected,None
1330,2022-04-01,4,Portugal,Female,35-44,Accepted,Temporary protection
1331,2022-08-01,1,Syria,Male,25-34,Accepted,Subsidiary protection
1332,2024-05-01,10,Côte d'Ivoire,Male,18-24,Rejected,None
1333,2023-09-01,9,Turkey,Female,45-54,Rejected,None
1334,2023-12-01,8,Morocco,Female,45-54,Accepted,Subsidiary protection
1335,2025-08-01,1,Tunisia,Male,45-54,Rejected,None
1336,2024-09-01,5,Italy,Male,18-24,Accepted,Subsidiary protection
1337,2022-04-01,8,Côte d'Ivoire,Male,18-24,Accepted,Refugee status
1338,2025-11-01,1,Senegal,Female,25-34,Pending,None
1339,2025-06-01,5,Spain,Male,25-34,Accepted,Subsidiary protection
1340,2022-09-01,1,Turkey,Female,25-34,Rejected,None
1341,2025-05-01,5,Guinea,Female,35-44,Accepted,Refugee status
1342,2023-06-01,5,Morocco,Male,45-54,Rejected,None
1343,2023-06-01,8,Spain,Male,35-44,Pending,None
1344,2024-04-01,3,Afghanistan,Female,18-24,Pending,None
1345,2025-08-01,6,Guinea,Male,18-24,Rejected,None
1346,2023-05-01,1,Guinea,Female,25-34,Accepted,Refugee status
1347,2024-04-01,5,Nigeria,Female,18-24,Pending,None
1348,2022-09-01,8,Georgia,Female,18-24,Accepted,Refugee status
1349,2022-05-01,6,Afghanistan,Male,18-24,Pending,None
1350,2024-05-01,8,Ukraine,Male,25-34,Rejected,None
1351,2022-12-01,5,Spain,Male,18-24,Pending,None
1352,2022-02-01,4,China,Female,45-54,Withdrawn,None
1353,2022-01-01,9,Côte d'Ivoire,Male,25-34,Pending,None
1354,2023-07-01,1,Ukraine,Male,45-54,Accepted,Refugee status
1355,2022-12-01,6,India,Male,35-44,Accepted,Subsidiary protection
1356,2025-11-01,5,Syria,Male,25-34,Pending,None
1357,2023-11-01,7,Morocco,Male,25-34,Pending,None
1358,2023-11-01,3,Syria,Male,35-44,Pending,None
1359,2022-08-01,3,Afghanistan,Female,25-34,Pending,None
1360,2022-05-01,1,Spain,Male,25-34,Rejected,None
1361,2023-03-01,9,Tunisia,Male,18-24,Rejected,None
1362,2025-05-01,2,Algeria,Female,35-44,Accepted,Refugee status
1363,2024-06-01,4,Turkey,Female,25-34,Accepted,Subsidiary protection
1364,2022-09-01,1,India,Male,18-24,Accepted,Subsidiary protection
1365,2022-02-01,4,Italy,Male,35-44,Pending,None
1366,2023-01-01,2,Bangladesh,Female,18-24,Accepted,Subsidiary protection
1367,2023-02-01,4,Côte d'Ivoire,Female,55+,Withdrawn,None
1368,2025-11-01,6,Bangladesh,Female,35-44,Pending,None
1369,2022-09-01,4,Guinea,Male,35-44,Pending,None
1370,2025-02-01,1,Turkey,Female,18-24,Pending,None
1371,2023-07-01,7,Senegal,Male,25-34,Accepted,Refugee status
1372,2023-04-01,4,Algeria,Male,18-24,Rejected,None
1373,2022-11-01,1,Nigeria,Female,25-34,Accepted,Subsidiary protection
1374,2024-08-01,1,Algeria,Male,35-44,Accepted,Refugee status
1375,2024-10-01,7,Bangladesh,Female,25-34,Accepted,Temporary protection
1376,2023-12-01,9,Senegal,Male,35-44,Rejected,None
1377,2025-10-01,7,Syria,Male,25-34,Accepted,Refugee status
1378,2025-07-01,8,China,Male,45-54,Pending,None
1379,2025-02-01,3,Senegal,Female,25-34,Pending,None
1380,2024-03-01,2,Ukraine,Male,25-34,Pending,None
1381,2024-01-01,7,Turkey,Male,45-54,Withdrawn,None
1382,2024-08-01,2,Syria,Female,25-34,Accepted,Temporary protection
1383,2024-04-01,6,China,Male,25-34,Pending,None
1384,2022-08-01,4,Nigeria,Female,25-34,Rejected,None
1385,2024-08-01,1,China,Male,25-34,Withdrawn,None
1386,2022-12-01,1,Senegal,Male,25-34,Pending,None
1387,2024-12-01,1,Afghanistan,Male,35-44,Pending,None
1388,2022-02-01,1,Bangladesh,Female,35-44,Withdrawn,None
1389,2022-03-01,2,Afghanistan,Female,25-34,Pending,None
1390,2024-05-01,1,Bangladesh,Male,18-24,Pending,None
1391,2025-02-01,1,Turkey,Male,18-24,Accepted,Refugee status
1392,2024-04-01,1,China,Male,25-34,Rejected,None
1393,2022-09-01,4,Syria,Female,25-34,Accepted,Refugee status
1394,2023-03-01,7,Afghanistan,Male,25-34,Pending,None
1395,2023-10-01,3,Côte d'Ivoire,Female,25-34,Rejected,None
1396,2022-12-01,4,Côte d'Ivoire,Male,35-44,Rejected,None
1397,2025-11-01,5,Turkey,Female,25-34,Pending,None
1398,2023-10-01,5,China,Male,35-44,Pending,None
1399,2025-07-01,10,Syria,Male,18-24,Rejected,None
1400,2022-05-01,4,China,Female,25-34,Pending,None
1401,2023-11-01,4,Tunisia,Male,35-44,Rejected,None
1402,2025-05-01,8,Guinea,Male,25-34,Pending,None
1403,2023-02-01,5,Tunisia,Female,45-54,Rejected,None
1404,2025-04-01,3,Italy,Female,35-44,Pending,None
1405,2025-01-01,6,Nigeria,Female,45-54,Pending,None
1406,2024-05-01,1,Guinea,Female,25-34,Pending,None
1407,2022-03-01,5,Guinea,Male,45-54,Pending,None
1408,2025-08-01,6,Ukraine,Female,25-34,Accepted,Temporary protection
1409,2023-11-01,5,Algeria,Male,25-34,Accepted,Subsidiary protection
1410,2024-06-01,1,Nigeria,Female,35-44,Rejected,None
1411,2024-10-01,3,Ukraine,Male,45-54,Accepted,Refugee status
1412,2023-12-01,7,Georgia,Female,45-54,Accepted,Subsidiary protection
1413,2022-08-01,2,Turkey,Male,25-34,Rejected,None
1414,2024-05-01,9,India,Male,18-24,Pending,None
1415,2024-05-01,1,Guinea,Female,25-34,Rejected,None
1416,2022-05-01,5,Italy,Male,45-54,Accepted,Refugee status
1417,2022-10-01,1,Senegal,Female,55+,Pending,None
1418,2022-11-01,5,Turkey,Male,25-34,Accepted,Refugee status
1419,2023-06-01,9,Portugal,Female,18-24,Withdrawn,None
1420,2024-03-01,4,Syria,Female,35-44,Accepted,Refugee status
1421,2024-06-01,2,Turkey,Male,25-34,Accepted,Refugee status
1422,2022-06-01,8,Turkey,Female,25-34,Accepted,Refugee status
1423,2025-06-01,3,Morocco,Female,35-44,Accepted,Refugee status
1424,2025-03-01,4,Senegal,Female,25-34,Pending,None
1425,2022-05-01,1,Morocco,Male,35-44,Pending,None
1426,2022-09-01,4,Spain,Male,45-54,Pending,None
1427,2025-05-01,6,Turkey,Female,18-24,Rejected,None
1428,2023-09-01,3,Nigeria,Male,25-34,Pending,None
1429,2023-10-01,1,Portugal,Male,35-44,Accepted,Temporary protection
1430,2023-12-01,1,Spain,Male,25-34,Pending,None
1431,2025-12-01,1,China,Male,45-54,Pending,None
1432,2022-08-01,8,India,Female,18-24,Accepted,Refugee status
1433,2025-10-01,9,Afghanistan,Female,55+,Accepted,Refugee status
1434,2022-12-01,4,Tunisia,Male,25-34,Accepted,Refugee status
1435,2025-08-01,7,Afghanistan,Male,25-34,Rejected,None
1436,2023-12-01,1,Georgia,Male,35-44,Accepted,Temporary protection
1437,2025-01-01,8,Algeria,Male,35-44,Pending,None
1438,2022-06-01,1,India,Male,18-24,Pending,None
1439,2023-06-01,1,Côte d'Ivoire,Male,45-54,Pending,None
1440,2022-09-01,1,Bangladesh,Male,18-24,Accepted,Refugee status
1441,2024-04-01,3,Senegal,Female,25-34,Pending,None
1442,2022-02-01,4,Tunisia,Male,25-34,Accepted,Refugee status
1443,2023-07-01,1,Spain,Female,35-44,Pending,None
1444,2024-01-01,2,Guinea,Male,35-44,Accepted,Temporary protection
1445,2023-11-01,6,Morocco,Male,35-44,Accepted,Refugee status
1446,2025-04-01,6,Spain,Male,25-34,Withdrawn,None
1447,2024-06-01,1,Senegal,Male,25-34,Rejected,None
1448,2025-03-01,1,Spain,Female,25-34,Withdrawn,None
1449,2024-01-01,5,Senegal,Female,25-34,Rejected,None
1450,2023-06-01,4,Portugal,Male,25-34,Withdrawn,None
1451,2023-03-01,3,Morocco,Female,45-54,Pending,None
1452,2024-09-01,4,China,Female,25-34,Accepted,Refugee status
1453,2025-09-01,3,Spain,Female,35-44,Rejected,None
1454,2025-12-01,2,Senegal,Male,35-44,Accepted,Subsidiary protection
1455,2022-12-01,7,Nigeria,Female,25-34,Pending,None
1456,2023-09-01,8,Italy,Female,18-24,Rejected,None
1457,2024-06-01,5,Syria,Male,18-24,Withdrawn,None
1458,2025-08-01,1,Nigeria,Male,25-34,Accepted,Refugee status
1459,2023-03-01,10,Portugal,Male,25-34,Pending,None
1460,2025-02-01,1,Morocco,Female,25-34,Pending,None
1461,2025-05-01,9,Guinea,Female,45-54,Pending,None
1462,2022-09-01,4,China,Female,25-34,Rejected,None
1463,2023-04-01,6,Bangladesh,Male,25-34,Accepted,Refugee status
1464,2023-10-01,2,Guinea,Female,25-34,Pending,None
1465,2025-05-01,2,Côte d'Ivoire,Female,25-34,Rejected,None
1466,2025-09-01,1,Georgia,Female,25-34,Accepted,Subsidiary protection
1467,2022-08-01,1,Turkey,Male,18-24,Rejected,None
1468,2022-09-01,1,Spain,Female,45-54,Rejected,None
1469,2023-07-01,1,Afghanistan,Male,25-34,Rejected,None
1470,2022-03-01,4,Guinea,Male,45-54,Withdrawn,None
1471,2024-01-01,8,Guinea,Male,35-44,Rejected,None
1472,2023-01-01,1,Senegal,Male,18-24,Pending,None
1473,2023-07-01,6,Tunisia,Female,35-44,Accepted,Temporary protection
1474,2022-01-01,1,Senegal,Male,18-24,Withdrawn,None
1475,2022-12-01,5,India,Female,18-24,Rejected,None
1476,2022-07-01,5,Syria,Male,18-24,Accepted,Temporary protection
1477,2022-11-01,6,Algeria,Male,45-54,Rejected,None
1478,2023-09-01,1,Italy,Male,25-34,Accepted,Subsidiary protection
1479,2022-12-01,1,Georgia,Male,35-44,Accepted,Refugee status
1480,2025-01-01,1,Nigeria,Male,35-44,Pending,None
1481,2023-10-01,10,Bangladesh,Female,18-24,Rejected,None
1482,2022-11-01,2,Georgia,Male,35-44,Rejected,None
1483,2024-06-01,5,Bangladesh,Male,18-24,Rejected,None
1484,2025-05-01,1,Portugal,Male,18-24,Rejected,None
1485,2023-12-01,3,Ukraine,Male,25-34,Pending,None
1486,2025-12-01,2,Guinea,Male,18-24,Accepted,Subsidiary protection
1487,2023-06-01,1,China,Female,35-44,Pending,None
1488,2023-11-01,2,Turkey,Male,35-44,Pending,None
1489,2023-09-01,1,Tunisia,Male,35-44,Rejected,None
1490,2025-12-01,1,Ukraine,Female,45-54,Pending,None
1491,2024-11-01,2,China,Male,25-34,Accepted,Temporary protection
1492,2024-04-01,7,Turkey,Female,25-34,Rejected,None
1493,2023-06-01,1,India,Male,25-34,Rejected,None
1494,2022-03-01,1,Algeria,Male,18-24,Pending,None
1495,2025-08-01,1,Italy,Female,45-54,Pending,None
1496,2022-06-01,7,India,Female,25-34,Accepted,Subsidiary protection
1497,2024-11-01,1,Côte d'Ivoire,Male,35-44,Accepted,Refugee status
1498,2024-01-01,7,Nigeria,Female,25-34,Rejected,None
1499,2024-10-01,1,Tunisia,Female,35-44,Accepted,Temporary protection
1500,2025-09-01,1,Turkey,Male,25-34,Pending,None
1501,2022-10-01,2,Bangladesh,Male,18-24,Rejected,None
1502,2022-05-01,2,Algeria,Female,25-34,Accepted,Temporary protection
1503,2023-06-01,2,China,Male,25-34,Rejected,None
1504,2024-04-01,2,Turkey,Male,25-34,Pending,None
1505,2022-04-01,10,China,Male,18-24,Accepted,Refugee status
1506,2025-03-01,5,Côte d'Ivoire,Female,25-34,Accepted,Subsidiary protection
1507,2024-06-01,8,Afghanistan,Male,18-24,Accepted,Temporary protection
1508,2025-12-01,8,Portugal,Male,25-34,Accepted,Refugee status
1509,2023-02-01,2,Côte d'Ivoire,Female,35-44,Accepted,Temporary protection
1510,2025-08-01,6,Côte d'Ivoire,Female,25-34,Rejected,None
1511,2023-07-01,3,Turkey,Male,25-34,Pending,None
1512,2022-06-01,4,Afghanistan,Female,55+,Pending,None
1513,2025-05-01,6,Spain,Male,18-24,Pending,None
1514,2022-04-01,4,Bangladesh,Male,35-44,Pending,None
1515,2024-11-01,3,Guinea,Female,35-44,Accepted,Refugee status
1516,2022-10-01,1,Côte d'Ivoire,Male,25-34,Pending,None
1517,2024-09-01,10,Turkey,Male,25-34,Pending,None
1518,2023-02-01,1,Senegal,Male,25-34,Withdrawn,None
1519,2022-04-01,1,Senegal,Male,25-34,Accepted,Refugee status
1520,2025-06-01,1,Guinea,Male,18-24,Rejected,None
1521,2023-05-01,5,Côte d'Ivoire,Female,25-34,Rejected,None
1522,2024-07-01,1,Syria,Male,25-34,Pending,None
1523,2022-02-01,8,Senegal,Female,25-34,Accepted,Temporary protection
1524,2025-10-01,4,Tunisia,Male,18-24,Accepted,Temporary protection
1525,2024-06-01,7,Côte d'Ivoire,Male,25-34,Pending,None
1526,2023-09-01,1,China,Male,25-34,Pending,None
1527,2025-08-01,2,Spain,Female,35-44,Pending,None
1528,2023-08-01,5,Portugal,Male,35-44,Pending,None
1529,2023-04-01,1,Tunisia,Female,25-34,Pending,None
1530,2023-02-01,2,Georgia,Male,18-24,Pending,None
1531,2024-08-01,6,Algeria,Male,25-34,Accepted,Refugee status
1532,2023-10-01,5,China,Male,35-44,Pending,None
1533,2024-04-01,8,Syria,Male,25-34,Rejected,None
1534,2025-02-01,4,Guinea,Female,35-44,Pending,None
1535,2024-08-01,1,Georgia,Male,35-44,Accepted,Temporary protection
1536,2024-10-01,8,Syria,Female,25-34,Rejected,None
1537,2024-06-01,10,Algeria,Male,25-34,Accepted,Subsidiary protection
1538,2025-02-01,3,Tunisia,Male,18-24,Pending,None
1539,2024-11-01,1,Morocco,Male,35-44,Pending,None
1540,2025-04-01,1,Italy,Male,25-34,Pending,None
1541,2024-07-01,6,Spain,Female,25-34,Pending,None
1542,2022-01-01,1,Turkey,Male,18-24,Accepted,Temporary protection
1543,2025-08-01,1,Tunisia,Male,35-44,Accepted,Refugee status
1544,2022-12-01,2,Tunisia,Male,55+,Accepted,Temporary protection
1545,2024-11-01,7,China,Male,25-34,Withdrawn,None
1546,2024-08-01,2,India,Male,25-34,Rejected,None
1547,2024-08-01,3,Turkey,Male,25-34,Pending,None
1548,2023-10-01,5,Turkey,Male,25-34,Rejected,None
1549,2023-10-01,7,Portugal,Male,25-34,Pending,None
1550,2022-06-01,1,Tunisia,Male,55+,Rejected,None
1551,2022-12-01,1,Tunisia,Female,45-54,Rejected,None
1552,2022-04-01,1,Algeria,Female,35-44,Accepted,Subsidiary protection
1553,2025-08-01,1,Italy,Male,18-24,Accepted,Subsidiary protection
1554,2025-10-01,1,Algeria,Male,25-34,Accepted,Refugee status
1555,2022-06-01,2,Italy,Male,25-34,Pending,None
1556,2025-05-01,1,Spain,Male,25-34,Accepted,Refugee status
1557,2024-09-01,7,Ukraine,Female,25-34,Rejected,None
1558,2023-04-01,1,India,Female,25-34,Accepted,Refugee status
1559,2022-08-01,9,Tunisia,Female,45-54,Pending,None
1560,2024-07-01,1,Afghanistan,Male,45-54,Accepted,Refugee status
1561,2022-02-01,1,Georgia,Female,25-34,Rejected,None
1562,2022-08-01,6,Syria,Male,35-44,Accepted,Temporary protection
1563,2022-06-01,8,Tunisia,Male,45-54,Pending,None
1564,2022-07-01,1,Afghanistan,Male,55+,Rejected,None
1565,2022-01-01,7,India,Male,35-44,Pending,None
1566,2023-05-01,6,Ukraine,Female,18-24,Accepted,Subsidiary protection
1567,2025-03-01,3,Tunisia,Female,35-44,Accepted,Subsidiary protection
1568,2023-02-01,5,Turkey,Male,25-34,Rejected,None
1569,2022-12-01,2,Georgia,Male,25-34,Rejected,None
1570,2025-12-01,1,Tunisia,Male,45-54,Rejected,None
1571,2023-12-01,1,Bangladesh,Male,35-44,Rejected,None
1572,2022-02-01,1,Georgia,Male,45-54,Pending,None
1573,2024-05-01,3,Senegal,Male,18-24,Rejected,None
1574,2024-03-01,1,Guinea,Female,35-44,Rejected,None
1575,2023-09-01,1,Turkey,Female,25-34,Rejected,None
1576,2025-05-01,1,Turkey,Female,25-34,Rejected,None
1577,2024-09-01,5,India,Male,45-54,Pending,None
1578,2022-02-01,5,Georgia,Male,35-44,Pending,None
1579,2023-06-01,6,Italy,Male,25-34,Rejected,None
1580,2024-03-01,10,Bangladesh,Male,55+,Pending,None
1581,2024-08-01,10,Georgia,Male,35-44,Pending,None
1582,2023-07-01,1,Côte d'Ivoire,Female,25-34,Withdrawn,None
1583,2023-10-01,2,Georgia,Female,18-24,Withdrawn,None
1584,2022-11-01,4,Italy,Female,35-44,Pending,None
1585,2024-05-01,1,Guinea,Male,25-34,Pending,None
1586,2022-12-01,1,Afghanistan,Male,25-34,Accepted,Refugee status
1587,2023-12-01,8,Algeria,Female,18-24,Pending,None
1588,2025-04-01,2,Portugal,Female,35-44,Pending,None
1589,2025-08-01,3,Senegal,Female,35-44,Pending,None
1590,2023-11-01,6,Spain,Male,35-44,Rejected,None
1591,2022-10-01,7,Ukraine,Female,35-44,Accepted,Subsidiary protection
1592,2022-03-01,8,Georgia,Male,25-34,Pending,None
1593,2025-05-01,8,Spain,Female,25-34,Accepted,Refugee status
1594,2023-08-01,1,Tunisia,Female,35-44,Pending,None
1595,2022-10-01,5,Afghanistan,Male,35-44,Rejected,None
1596,2025-04-01,1,Tunisia,Male,25-34,Pending,None
1597,2023-12-01,10,Georgia,Female,25-34,Pending,None
1598,2024-10-01,1,Bangladesh,Male,35-44,Accepted,Subsidiary protection
1599,2022-04-01,2,Algeria,Male,18-24,Pending,None
1600,2025-10-01,9,India,Male,18-24,Pending,None
1601,2023-04-01,5,Spain,Male,25-34,Rejected,None
1602,2025-02-01,1,China,Female,25-34,Rejected,None
1603,2023-03-01,1,Nigeria,Female,25-34,Rejected,None
1604,2022-09-01,3,Spain,Male,35-44,Rejected,None
1605,2023-08-01,4,Turkey,Male,45-54,Pending,None
1606,2022-04-01,5,Italy,Female,18-24,Withdrawn,None
1607,2024-01-01,1,Guinea,Male,25-34,Rejected,None
1608,2023-11-01,6,Morocco,Female,45-54,Accepted,Refugee status
1609,2022-04-01,2,Bangladesh,Male,55+,Rejected,None
1610,2023-10-01,9,Senegal,Male,25-34,Accepted,Refugee status
1611,2024-04-01,5,Georgia,Male,35-44,Rejected,None
1612,2024-03-01,9,Portugal,Female,25-34,Rejected,None
1613,2022-04-01,1,Portugal,Male,35-44,Withdrawn,None
1614,2024-09-01,8,Syria,Male,55+,Rejected,None
1615,2023-04-01,8,Senegal,Male,25-34,Rejected,None
1616,2023-01-01,3,Portugal,Male,25-34,Accepted,Refugee status
1617,2025-05-01,10,Italy,Male,18-24,Pending,None
1618,2025-12-01,6,Syria,Female,25-34,Rejected,None
1619,2022-06-01,10,Spain,Male,25-34,Accepted,Refugee status
1620,2023-12-01,6,Syria,Male,25-34,Pending,None
1621,2023-01-01,9,Spain,Male,25-34,Accepted,Subsidiary protection
1622,2024-11-01,1,India,Female,45-54,Accepted,Subsidiary protection
1623,2024-06-01,1,China,Male,45-54,Accepted,Refugee status
1624,2023-08-01,3,Senegal,Male,25-34,Rejected,None
1625,2024-12-01,6,Senegal,Male,35-44,Rejected,None
1626,2024-09-01,1,Morocco,Female,25-34,Pending,None
1627,2025-09-01,2,Nigeria,Female,35-44,Rejected,None
1628,2025-12-01,1,Tunisia,Male,35-44,Pending,None
1629,2023-08-01,9,Senegal,Male,35-44,Accepted,Subsidiary protection
1630,2022-08-01,6,Guinea,Male,18-24,Rejected,None
1631,2025-09-01,1,India,Male,35-44,Rejected,None
1632,2023-09-01,1,Algeria,Male,25-34,Pending,None
1633,2025-07-01,10,Nigeria,Male,35-44,Rejected,None
1634,2024-10-01,2,Guinea,Female,55+,Rejected,None
1635,2024-02-01,4,India,Female,25-34,Pending,None
1636,2025-06-01,9,Ukraine,Female,45-54,Accepted,Temporary protection
1637,2025-01-01,9,Côte d'Ivoire,Male,35-44,Rejected,None
1638,2024-07-01,1,Ukraine,Male,35-44,Pending,None
1639,2024-01-01,5,Spain,Female,18-24,Accepted,Subsidiary protection
1640,2022-12-01,10,Italy,Male,18-24,Accepted,Subsidiary protection
1641,2022-11-01,1,Spain,Male,45-54,Accepted,Refugee status
1642,2024-07-01,5,Syria,Female,35-44,Accepted,Subsidiary protection
1643,2023-07-01,6,Côte d'Ivoire,Male,25-34,Pending,None
1644,2024-06-01,1,Guinea,Male,18-24,Accepted,Refugee status
1645,2024-11-01,2,Guinea,Female,18-24,Rejected,None
1646,2022-03-01,1,Côte d'Ivoire,Male,35-44,Accepted,Refugee status
1647,2022-05-01,1,Côte d'Ivoire,Male,25-34,Accepted,Refugee status
1648,2024-06-01,1,Senegal,Female,25-34,Rejected,None
1649,2025-11-01,2,Algeria,Male,35-44,Pending,None
1650,2024-02-01,4,Senegal,Male,25-34,Pending,None
1651,2024-09-01,9,Turkey,Male,25-34,Accepted,Refugee status
1652,2023-02-01,9,Afghanistan,Female,18-24,Pending,None
1653,2022-11-01,8,Afghanistan,Male,25-34,Pending,None
1654,2022-12-01,6,Syria,Female,35-44,Rejected,None
1655,2025-10-01,1,Senegal,Female,25-34,Rejected,None
1656,2025-01-01,2,Spain,Female,25-34,Pending,None
1657,2023-06-01,6,Syria,Male,25-34,Accepted,Refugee status
1658,2022-04-01,10,India,Male,35-44,Rejected,None
1659,2025-06-01,3,Nigeria,Female,25-34,Rejected,None
1660,2023-02-01,6,Senegal,Female,45-54,Pending,None
1661,2022-12-01,10,Ukraine,Male,25-34,Rejected,None
1662,2024-10-01,5,Nigeria,Male,18-24,Withdrawn,None
1663,2022-06-01,6,Georgia,Female,18-24,Pending,None
1664,2022-11-01,10,China,Male,45-54,Pending,None
1665,2024-01-01,6,Turkey,Female,18-24,Rejected,None
1666,2022-06-01,1,China,Female,35-44,Pending,None
1667,2025-08-01,10,Nigeria,Male,55+,Pending,None
1668,2025-12-01,7,Spain,Male,45-54,Rejected,None
1669,2025-04-01,1,Algeria,Female,25-34,Rejected,None
1670,2024-04-01,10,Algeria,Male,25-34,Rejected,None
1671,2024-03-01,1,Côte d'Ivoire,Male,18-24,Accepted,Refugee status
1672,2023-01-01,9,Bangladesh,Male,25-34,Accepted,Subsidiary protection
1673,2022-08-01,7,Afghanistan,Female,25-34,Rejected,None
1674,2022-08-01,1,Guinea,Male,25-34,Rejected,None
1675,2022-08-01,8,Turkey,Male,35-44,Rejected,None
1676,2022-01-01,1,Portugal,Male,35-44,Accepted,Refugee status
1677,2024-12-01,9,Afghanistan,Male,18-24,Rejected,None
1678,2024-12-01,4,Algeria,Male,25-34,Rejected,None
1679,2024-11-01,3,Syria,Male,35-44,Accepted,Refugee status
1680,2023-06-01,10,India,Female,45-54,Pending,None
1681,2022-05-01,1,Georgia,Male,45-54,Accepted,Refugee status
1682,2022-10-01,3,Morocco,Female,55+,Accepted,Refugee status
1683,2025-04-01,6,Spain,Female,35-44,Pending,None
1684,2025-08-01,1,Portugal,Female,55+,Pending,None
1685,2022-03-01,1,Algeria,Female,45-54,Pending,None
1686,2024-10-01,4,Senegal,Female,35-44,Pending,None
1687,2025-08-01,1,Georgia,Female,35-44,Accepted,Refugee status
1688,2025-03-01,3,Ukraine,Male,25-34,Rejected,None
1689,2022-12-01,5,Nigeria,Male,45-54,Accepted,Subsidiary protection
1690,2024-08-01,2,Syria,Male,35-44,Rejected,None
1691,2025-04-01,1,Spain,Male,45-54,Accepted,Refugee status
1692,2025-09-01,1,Guinea,Male,25-34,Rejected,None
1693,2024-09-01,1,Portugal,Female,25-34,Rejected,None
1694,2023-05-01,6,Ukraine,Female,18-24,Rejected,None
1695,2024-09-01,1,Turkey,Female,45-54,Rejected,None
1696,2022-08-01,10,Ukraine,Male,35-44,Pending,None
1697,2022-05-01,1,Georgia,Male,35-44,Accepted,Refugee status
1698,2022-01-01,1,Morocco,Female,25-34,Rejected,None
1699,2024-03-01,7,Spain,Male,18-24,Pending,None
1700,2022-02-01,1,Nigeria,Male,55+,Pending,None
1701,2022-07-01,4,China,Female,25-34,Accepted,Subsidiary protection
1702,2025-05-01,1,Morocco,Male,25-34,Accepted,Refugee status
1703,2023-08-01,10,Italy,Female,45-54,Rejected,None
1704,2024-06-01,1,Bangladesh,Female,25-34,Rejected,None
1705,2023-10-01,1,Tunisia,Male,18-24,Pending,None
1706,2022-03-01,4,Côte d'Ivoire,Female,25-34,Accepted,Temporary protection
1707,2024-05-01,2,Bangladesh,Male,25-34,Rejected,None
1708,2022-06-01,8,Ukraine,Male,45-54,Rejected,None
1709,2024-09-01,9,Senegal,Female,55+,Accepted,Refugee status
1710,2024-10-01,7,Italy,Male,25-34,Pending,None
1711,2024-11-01,1,Italy,Male,25-34,Rejected,None
1712,2023-07-01,5,Turkey,Male,25-34,Accepted,Refugee status
1713,2023-11-01,1,Italy,Male,25-34,Pending,None
1714,2025-02-01,1,Senegal,Female,35-44,Pending,None
1715,2023-10-01,1,Algeria,Male,18-24,Rejected,None
1716,2025-09-01,3,Georgia,Female,18-24,Accepted,Refugee status
1717,2024-08-01,3,Côte d'Ivoire,Male,25-34,Pending,None
1718,2025-01-01,6,Georgia,Female,18-24,Accepted,Temporary protection
1719,2024-08-01,3,Bangladesh,Male,18-24,Withdrawn,None
1720,2022-09-01,1,Morocco,Female,25-34,Accepted,Refugee status
1721,2023-11-01,1,Côte d'Ivoire,Female,45-54,Accepted,Subsidiary protection
1722,2024-08-01,4,Guinea,Female,35-44,Pending,None
1723,2024-01-01,5,Portugal,Male,25-34,Pending,None
1724,2024-05-01,1,India,Female,18-24,Rejected,None
1725,2025-08-01,5,Italy,Female,35-44,Pending,None
1726,2025-05-01,8,Syria,Male,25-34,Pending,None
1727,2022-11-01,1,Syria,Female,25-34,Pending,None
1728,2022-10-01,7,India,Male,35-44,Pending,None
1729,2022-07-01,9,Georgia,Female,45-54,Accepted,Refugee status
1730,2024-11-01,9,Portugal,Male,25-34,Rejected,None
1731,2023-12-01,1,Afghanistan,Female,18-24,Pending,None
1732,2024-05-01,1,Portugal,Male,25-34,Pending,None
1733,2025-06-01,6,Syria,Male,25-34,Accepted,Temporary protection
1734,2023-11-01,2,Nigeria,Female,18-24,Rejected,None
1735,2024-07-01,1,Algeria,Male,25-34,Rejected,None
1736,2023-02-01,2,Guinea,Male,25-34,Withdrawn,None
1737,2025-04-01,4,Senegal,Male,18-24,Pending,None
1738,2022-02-01,1,Morocco,Female,55+,Rejected,None
1739,2024-04-01,1,India,Female,45-54,Rejected,None
1740,2025-03-01,7,Syria,Male,25-34,Pending,None
1741,2024-11-01,3,Italy,Female,45-54,Rejected,None
1742,2022-06-01,1,Guinea,Female,25-34,Rejected,None
1743,2025-05-01,9,Italy,Female,45-54,Rejected,None
1744,2023-07-01,6,Tunisia,Female,35-44,Pending,None
1745,2024-01-01,2,Spain,Female,25-34,Pending,None
1746,2023-12-01,1,Portugal,Female,35-44,Accepted,Subsidiary protection
1747,2023-05-01,6,Spain,Female,25-34,Pending,None
1748,2023-04-01,6,Ukraine,Male,25-34,Pending,None
1749,2025-08-01,8,Georgia,Male,45-54,Rejected,None
1750,2024-08-01,1,India,Male,25-34,Pending,None
1751,2025-12-01,5,Bangladesh,Male,45-54,Pending,None
1752,2023-04-01,1,India,Male,35-44,Pending,None
1753,2023-03-01,10,Italy,Female,25-34,Pending,None
1754,2024-01-01,1,Georgia,Male,35-44,Pending,None
1755,2024-06-01,3,Spain,Male,18-24,Rejected,None
1756,2022-05-01,6,Algeria,Male,25-34,Rejected,None
1757,2023-06-01,6,Portugal,Female,18-24,Pending,None
1758,2023-09-01,5,Portugal,Male,25-34,Accepted,Refugee status
1759,2022-05-01,3,Italy,Male,25-34,Pending,None
1760,2024-04-01,8,Afghanistan,Female,18-24,Pending,None
1761,2022-06-01,4,Portugal,Male,45-54,Rejected,None
1762,2025-06-01,3,Algeria,Female,45-54,Withdrawn,None
1763,2024-01-01,8,Italy,Female,18-24,Pending,None
1764,2022-09-01,2,Senegal,Female,18-24,Rejected,None
1765,2024-02-01,4,Guinea,Female,45-54,Accepted,Subsidiary protection
1766,2023-05-01,1,Côte d'Ivoire,Female,18-24,Rejected,None
1767,2023-10-01,1,Tunisia,Male,55+,Accepted,Subsidiary protection
1768,2023-01-01,3,Syria,Male,25-34,Accepted,Refugee status
1769,2023-09-01,1,Afghanistan,Male,25-34,Rejected,None
1770,2022-08-01,1,India,Male,18-24,Rejected,None
1771,2023-02-01,3,Georgia,Male,25-34,Withdrawn,None
1772,2023-07-01,5,Ukraine,Male,45-54,Accepted,Refugee status
1773,2025-02-01,1,Morocco,Male,25-34,Withdrawn,None
1774,2025-08-01,4,Italy,Male,45-54,Rejected,None
1775,2025-07-01,1,Algeria,Male,25-34,Accepted,Refugee status
1776,2023-06-01,1,India,Male,45-54,Accepted,Refugee status
1777,2023-06-01,1,Côte d'Ivoire,Female,35-44,Rejected,None
1778,2023-02-01,6,Bangladesh,Male,25-34,Accepted,Subsidiary protection
1779,2024-01-01,4,Ukraine,Male,45-54,Pending,None
1780,2025-10-01,9,Algeria,Female,45-54,Pending,None
1781,2022-12-01,5,Turkey,Male,55+,Pending,None
1782,2024-11-01,10,Syria,Female,18-24,Pending,None
1783,2023-01-01,1,Italy,Male,35-44,Pending,None
1784,2023-06-01,4,Syria,Male,35-44,Rejected,None
1785,2024-02-01,4,Georgia,Male,35-44,Accepted,Temporary protection
1786,2024-12-01,3,Senegal,Male,45-54,Pending,None
1787,2025-05-01,8,Ukraine,Male,18-24,Pending,None
1788,2024-07-01,3,Ukraine,Male,35-44,Pending,None
1789,2024-06-01,1,Tunisia,Male,25-34,Accepted,Subsidiary protection
1790,2025-06-01,6,Italy,Female,35-44,Accepted,Refugee status
1791,2024-06-01,1,Portugal,Male,25-34,Withdrawn,None
1792,2022-06-01,1,Guinea,Female,25-34,Accepted,Subsidiary protection
1793,2022-03-01,4,Morocco,Male,35-44,Rejected,None
1794,2024-02-01,1,Turkey,Female,25-34,Pending,None
1795,2022-01-01,6,Italy,Male,25-34,Rejected,None
1796,2024-10-01,2,Italy,Female,18-24,Rejected,None
1797,2025-02-01,8,India,Male,18-24,Withdrawn,None
1798,2025-12-01,2,Guinea,Male,35-44,Rejected,None
1799,2022-02-01,2,Syria,Female,25-34,Rejected,None
1800,2024-05-01,2,Algeria,Male,18-24,Rejected,None
1801,2025-09-01,6,Afghanistan,Female,25-34,Rejected,None
1802,2022-07-01,1,Tunisia,Female,25-34,Accepted,Refugee status
1803,2025-02-01,2,Turkey,Male,25-34,Pending,None
1804,2025-11-01,1,Algeria,Female,18-24,Accepted,Subsidiary protection
1805,2022-04-01,2,Italy,Male,18-24,Rejected,None
1806,2023-11-01,9,Ukraine,Female,35-44,Withdrawn,None
1807,2022-04-01,5,China,Male,35-44,Withdrawn,None
1808,2023-12-01,3,Portugal,Male,25-34,Accepted,Subsidiary protection
1809,2025-06-01,1,Bangladesh,Male,25-34,Rejected,None
1810,2023-01-01,4,Nigeria,Female,45-54,Accepted,Subsidiary protection
1811,2025-03-01,7,Morocco,Female,55+,Rejected,None
1812,2025-04-01,2,Afghanistan,Male,25-34,Accepted,Temporary protection
1813,2022-01-01,8,Guinea,Female,25-34,Pending,None
1814,2024-02-01,2,Italy,Male,55+,Accepted,Refugee status
1815,2023-01-01,1,Syria,Male,18-24,Pending,None
1816,2025-11-01,7,Algeria,Male,25-34,Accepted,Subsidiary protection
1817,2024-10-01,4,Morocco,Female,25-34,Rejected,None
1818,2024-01-01,3,Portugal,Male,25-34,Pending,None
1819,2024-08-01,9,China,Male,45-54,Rejected,None
1820,2022-09-01,7,Algeria,Male,25-34,Pending,None
1821,2024-01-01,10,Portugal,Male,45-54,Pending,None
1822,2025-01-01,5,Turkey,Female,25-34,Pending,None
1823,2025-10-01,4,Bangladesh,Male,18-24,Pending,None
1824,2022-08-01,4,Senegal,Female,45-54,Rejected,None
1825,2025-08-01,2,India,Female,25-34,Rejected,None
1826,2023-02-01,1,Syria,Male,35-44,Rejected,None
1827,2025-06-01,7,India,Male,25-34,Rejected,None
1828,2025-10-01,1,Italy,Female,18-24,Rejected,None
1829,2025-03-01,8,Morocco,Female,35-44,Rejected,None
1830,2025-11-01,1,Turkey,Male,25-34,Accepted,Temporary protection
1831,2024-03-01,1,Italy,Male,45-54,Pending,None
1832,2025-02-01,1,Côte d'Ivoire,Male,25-34,Rejected,None
1833,2025-08-01,2,Portugal,Male,25-34,Accepted,Refugee status
1834,2022-10-01,1,Guinea,Male,35-44,Rejected,None
1835,2024-11-01,1,Tunisia,Female,25-34,Rejected,None
1836,2024-12-01,5,Italy,Female,18-24,Accepted,Subsidiary protection
1837,2023-12-01,2,Senegal,Male,25-34,Withdrawn,None
1838,2024-05-01,1,Syria,Male,35-44,Pending,None
1839,2024-08-01,1,Italy,Female,18-24,Rejected,None
1840,2023-10-01,1,Portugal,Female,35-44,Rejected,None
1841,2024-05-01,9,Ukraine,Male,45-54,Rejected,None
1842,2023-10-01,8,Syria,Male,18-24,Accepted,Refugee status
1843,2023-11-01,2,Morocco,Male,25-34,Pending,None
1844,2023-10-01,1,Nigeria,Male,25-34,Pending,None
1845,2023-11-01,1,Guinea,Male,25-34,Accepted,Subsidiary protection
1846,2023-04-01,6,Georgia,Male,35-44,Accepted,Refugee status
1847,2022-06-01,1,Tunisia,Female,55+,Accepted,Refugee status
1848,2024-02-01,5,Morocco,Male,55+,Accepted,Subsidiary protection
1849,2023-09-01,1,Afghanistan,Male,25-34,Accepted,Refugee status
1850,2022-02-01,6,Ukraine,Male,25-34,Pending,None
1851,2024-02-01,2,Ukraine,Male,25-34,Pending,None
1852,2025-05-01,1,Italy,Female,35-44,Rejected,None
1853,2023-01-01,1,Ukraine,Male,25-34,Rejected,None
1854,2025-08-01,5,Côte d'Ivoire,Male,35-44,Accepted,Refugee status
1855,2024-02-01,5,Ukraine,Male,25-34,Accepted,Subsidiary protection
1856,2023-07-01,4,Turkey,Male,18-24,Pending,None
1857,2025-06-01,1,Nigeria,Male,35-44,Pending,None
1858,2025-10-01,5,Afghanistan,Female,25-34,Rejected,None
1859,2025-09-01,1,Italy,Female,55+,Pending,None
1860,2025-02-01,4,Italy,Male,35-44,Pending,None
1861,2024-07-01,7,Portugal,Male,25-34,Accepted,Subsidiary protection
1862,2025-05-01,1,Turkey,Male,18-24,Rejected,None
1863,2025-06-01,7,India,Male,25-34,Accepted,Refugee status
1864,2025-07-01,8,Senegal,Female,35-44,Rejected,None
1865,2025-04-01,9,Portugal,Male,45-54,Rejected,None
1866,2023-05-01,1,Georgia,Male,35-44,Rejected,None
1867,2025-11-01,8,Bangladesh,Male,45-54,Accepted,Subsidiary protection
1868,2025-04-01,1,Turkey,Male,35-44,Pending,None
1869,2025-06-01,2,Ukraine,Female,25-34,Accepted,Temporary protection
1870,2022-07-01,4,Algeria,Female,25-34,Rejected,None
1871,2022-01-01,1,Algeria,Female,25-34,Rejected,None
1872,2025-11-01,2,Guinea,Female,25-34,Withdrawn,None
1873,2024-06-01,8,Côte d'Ivoire,Male,18-24,Accepted,Refugee status
1874,2024-05-01,1,Portugal,Male,25-34,Pending,None
1875,2024-10-01,4,Tunisia,Female,35-44,Accepted,Temporary protection
1876,2024-10-01,7,Spain,Male,18-24,Rejected,None
1877,2022-02-01,1,India,Female,25-34,Pending,None
1878,2023-03-01,9,Italy,Male,18-24,Accepted,Temporary protection
1879,2024-02-01,10,Portugal,Male,35-44,Accepted,Refugee status
1880,2022-02-01,1,Portugal,Female,25-34,Accepted,Temporary protection
1881,2025-07-01,3,Tunisia,Female,25-34,Accepted,Subsidiary protection
1882,2022-08-01,1,Tunisia,Female,45-54,Accepted,Subsidiary protection
1883,2023-09-01,10,Algeria,Female,25-34,Rejected,None
1884,2022-07-01,1,Bangladesh,Male,25-34,Pending,None
1885,2022-04-01,2,Nigeria,Female,25-34,Rejected,None
1886,2023-10-01,5,Syria,Female,55+,Pending,None
1887,2025-02-01,5,Bangladesh,Male,25-34,Pending,None
1888,2023-03-01,5,Syria,Female,25-34,Pending,None
1889,2023-11-01,1,Italy,Female,35-44,Pending,None
1890,2025-10-01,6,Côte d'Ivoire,Female,35-44,Accepted,Refugee status
1891,2023-07-01,6,China,Male,55+,Accepted,Subsidiary protection
1892,2025-05-01,4,Spain,Male,18-24,Pending,None
1893,2025-12-01,6,Guinea,Male,55+,Rejected,None
1894,2024-02-01,1,Syria,Female,35-44,Rejected,None
1895,2024-06-01,1,Portugal,Female,35-44,Withdrawn,None
1896,2025-05-01,1,Bangladesh,Male,35-44,Rejected,None
1897,2024-09-01,1,Afghanistan,Male,18-24,Accepted,Refugee status
1898,2024-05-01,1,China,Female,25-34,Accepted,Subsidiary protection
1899,2025-07-01,1,Bangladesh,Male,18-24,Withdrawn,None
1900,2025-09-01,2,Turkey,Male,25-34,Accepted,Refugee status
1901,2023-03-01,5,Senegal,Female,25-34,Accepted,Subsidiary protection
1902,2024-12-01,4,Côte d'Ivoire,Male,45-54,Pending,None
1903,2023-01-01,7,Nigeria,Male,25-34,Pending,None
1904,2024-12-01,2,Senegal,Male,35-44,Rejected,None
1905,2022-05-01,2,Bangladesh,Female,25-34,Pending,None
1906,2023-02-01,1,India,Female,35-44,Pending,None
1907,2025-03-01,6,Georgia,Female,18-24,Rejected,None
1908,2025-03-01,4,Turkey,Female,18-24,Rejected,None
1909,2023-11-01,1,Morocco,Female,25-34,Rejected,None
1910,2025-02-01,1,Spain,Female,55+,Rejected,None
1911,2023-12-01,1,Spain,Male,25-34,Accepted,Temporary protection
1912,2022-04-01,2,Bangladesh,Male,35-44,Accepted,Subsidiary protection
1913,2025-03-01,1,Tunisia,Male,18-24,Pending,None
1914,2022-03-01,6,Ukraine,Male,25-34,Pending,None
1915,2025-03-01,1,Syria,Male,45-54,Rejected,None
1916,2025-07-01,9,Portugal,Male,25-34,Rejected,None
1917,2022-01-01,1,Portugal,Male,18-24,Pending,None
1918,2025-11-01,2,Algeria,Female,45-54,Accepted,Refugee status
1919,2024-06-01,9,Algeria,Female,18-24,Withdrawn,None
1920,2024-06-01,1,Senegal,Male,35-44,Accepted,Refugee status
1921,2023-04-01,7,Bangladesh,Male,18-24,Pending,None
1922,2022-09-01,1,Italy,Female,45-54,Pending,None
1923,2022-02-01,3,Spain,Male,55+,Accepted,Refugee status
1924,2023-09-01,8,Portugal,Male,25-34,Accepted,Temporary protection
1925,2025-02-01,1,Senegal,Female,45-54,Rejected,None
1926,2022-02-01,1,Nigeria,Female,45-54,Accepted,Subsidiary protection
1927,2022-11-01,1,Spain,Male,35-44,Accepted,Subsidiary protection
1928,2025-04-01,1,Spain,Female,35-44,Pending,None
1929,2023-10-01,2,Spain,Female,35-44,Pending,None
1930,2022-05-01,6,Portugal,Male,18-24,Pending,None
1931,2025-12-01,1,Turkey,Male,25-34,Accepted,Subsidiary protection
1932,2023-05-01,4,Turkey,Female,25-34,Accepted,Subsidiary protection
1933,2022-09-01,6,Portugal,Female,25-34,Pending,None
1934,2024-04-01,7,Senegal,Male,25-34,Withdrawn,None
1935,2022-05-01,10,Turkey,Male,25-34,Accepted,Refugee status
1936,2024-10-01,7,Spain,Male,25-34,Rejected,None
1937,2024-07-01,1,Ukraine,Male,25-34,Rejected,None
1938,2025-08-01,1,Portugal,Male,18-24,Pending,None
1939,2023-03-01,6,Tunisia,Female,18-24,Pending,None
1940,2023-09-01,1,Portugal,Male,25-34,Pending,None
1941,2024-09-01,1,Guinea,Male,55+,Rejected,None
1942,2022-10-01,7,Guinea,Male,25-34,Accepted,Refugee status
1943,2023-06-01,3,Bangladesh,Male,45-54,Pending,None
1944,2022-06-01,2,China,Male,55+,Pending,None
1945,2024-10-01,3,India,Male,35-44,Pending,None
1946,2024-08-01,1,Spain,Male,25-34,Accepted,Refugee status
1947,2022-05-01,1,Syria,Female,25-34,Rejected,None
1948,2022-07-01,10,Bangladesh,Male,25-34,Accepted,Subsidiary protection
1949,2023-08-01,1,Turkey,Female,18-24,Pending,None
1950,2024-08-01,3,Bangladesh,Female,25-34,Rejected,None
1951,2025-02-01,1,Turkey,Male,25-34,Rejected,None
1952,2023-10-01,1,Guinea,Male,25-34,Accepted,Temporary protection
1953,2025-03-01,1,Italy,Female,25-34,Rejected,None
1954,2023-08-01,1,Portugal,Male,35-44,Rejected,None
1955,2024-05-01,5,India,Female,25-34,Accepted,Refugee status
1956,2023-01-01,1,Georgia,Female,25-34,Pending,None
1957,2024-07-01,3,China,Male,25-34,Accepted,Subsidiary protection
1958,2025-08-01,5,India,Female,25-34,Pending,None
1959,2023-02-01,2,Syria,Male,25-34,Pending,None
1960,2024-11-01,1,Senegal,Male,25-34,Rejected,None
1961,2023-10-01,1,Algeria,Male,25-34,Rejected,None
1962,2024-02-01,1,Portugal,Male,55+,Rejected,None
1963,2024-04-01,1,Guinea,Male,35-44,Rejected,None
1964,2023-09-01,2,Italy,Male,35-44,Withdrawn,None
1965,2024-08-01,2,Ukraine,Female,25-34,Rejected,None
1966,2023-06-01,1,China,Male,45-54,Rejected,None
1967,2022-08-01,1,Afghanistan,Male,25-34,Rejected,None
1968,2023-08-01,5,India,Male,45-54,Pending,None
1969,2023-10-01,1,Guinea,Female,25-34,Withdrawn,None
1970,2025-05-01,2,Turkey,Male,45-54,Withdrawn,None
1971,2024-07-01,9,Bangladesh,Male,55+,Pending,None
1972,2023-09-01,6,Côte d'Ivoire,Female,25-34,Accepted,Subsidiary protection
1973,2025-05-01,1,Turkey,Male,18-24,Pending,None
1974,2022-01-01,4,Spain,Male,35-44,Accepted,Subsidiary protection
1975,2024-09-01,10,India,Male,25-34,Accepted,Subsidiary protection
1976,2025-09-01,6,Bangladesh,Male,25-34,Pending,None
1977,2024-10-01,4,Bangladesh,Male,25-34,Rejected,None
1978,2024-05-01,4,Turkey,Male,55+,Accepted,Refugee status
1979,2024-02-01,8,Tunisia,Male,45-54,Pending,None
1980,2022-08-01,1,Portugal,Female,25-34,Rejected,None
1981,2022-08-01,4,Turkey,Female,35-44,Withdrawn,None
1982,2022-07-01,2,Italy,Male,25-34,Pending,None
1983,2025-09-01,3,Senegal,Male,25-34,Accepted,Subsidiary protection
1984,2023-07-01,1,Spain,Female,18-24,Pending,None
1985,2025-11-01,7,Syria,Male,18-24,Pending,None
1986,2024-06-01,1,Guinea,Female,18-24,Accepted,Subsidiary protection
1987,2025-01-01,4,Afghanistan,Male,35-44,Pending,None
1988,2025-10-01,9,Tunisia,Male,25-34,Rejected,None
1989,2024-01-01,1,Bangladesh,Female,25-34,Pending,None
1990,2022-03-01,1,Ukraine,Male,35-44,Rejected,None
1991,2025-04-01,2,Syria,Male,18-24,Pending,None
1992,2023-05-01,4,Italy,Female,25-34,Rejected,None
1993,2022-08-01,1,Algeria,Female,25-34,Accepted,Refugee status
1994,2023-01-01,6,Ukraine,Male,35-44,Pending,None
1995,2025-12-01,5,Nigeria,Male,18-24,Pending,None
1996,2023-09-01,1,Afghanistan,Male,25-34,Accepted,Subsidiary protection
1997,2024-04-01,3,Portugal,Female,25-34,Rejected,None
1998,2025-03-01,2,Senegal,Female,35-44,Accepted,Refugee status
1999,2024-04-01,2,Nigeria,Female,18-24,Accepted,Temporary protection
2000,2022-08-01,10,Tunisia,Male,55+,Rejected,None
2001,2022-05-01,2,Senegal,Male,25-34,Pending,None
2002,2025-09-01,1,Bangladesh,Male,25-34,Rejected,None
2003,2022-10-01,2,Afghanistan,Male,35-44,Pending,None
2004,2023-01-01,4,Portugal,Female,45-54,Rejected,None
2005,2022-02-01,3,Tunisia,Male,35-44,Rejected,None
2006,2025-01-01,1,Tunisia,Female,35-44,Pending,None
2007,2024-01-01,1,Syria,Male,35-44,Pending,None
2008,2024-07-01,6,Turkey,Male,35-44,Rejected,None
2009,2022-09-01,1,Italy,Male,25-34,Rejected,None
2010,2024-03-01,1,Morocco,Female,25-34,Accepted,Temporary protection
2011,2024-03-01,10,Italy,Male,25-34,Accepted,Subsidiary protection
2012,2025-05-01,5,Morocco,Male,35-44,Pending,None
2013,2024-11-01,1,Senegal,Female,25-34,Rejected,None
2014,2024-06-01,1,Italy,Male,18-24,Pending,None
2015,2024-09-01,2,Georgia,Female,25-34,Accepted,Refugee status
2016,2025-02-01,5,Côte d'Ivoire,Male,35-44,Accepted,Temporary protection
2017,2022-11-01,1,Senegal,Male,25-34,Pending,None
2018,2024-05-01,6,Spain,Male,35-44,Rejected,None
2019,2025-10-01,1,Georgia,Male,25-34,Accepted,Refugee status
2020,2024-11-01,1,India,Male,18-24,Accepted,Refugee status
2021,2025-05-01,4,Tunisia,Male,35-44,Rejected,None
2022,2022-03-01,6,Tunisia,Female,18-24,Accepted,Refugee status
2023,2025-05-01,5,Syria,Male,25-34,Rejected,None
2024,2024-07-01,1,Nigeria,Female,45-54,Rejected,None
2025,2022-09-01,2,Bangladesh,Male,25-34,Rejected,None
2026,2025-07-01,1,Turkey,Male,25-34,Pending,None
2027,2025-07-01,1,Guinea,Female,18-24,Pending,None
2028,2024-08-01,2,Afghanistan,Female,25-34,Accepted,Refugee status
2029,2025-11-01,4,Nigeria,Male,25-34,Pending,None
2030,2025-04-01,7,Italy,Female,25-34,Pending,None
2031,2023-09-01,10,Spain,Male,25-34,Pending,None
2032,2025-12-01,4,Georgia,Female,45-54,Pending,None
2033,2023-11-01,7,Nigeria,Female,25-34,Accepted,Temporary protection
2034,2022-08-01,1,Bangladesh,Male,18-24,Pending,None
2035,2022-06-01,7,Morocco,Male,45-54,Pending,None
2036,2024-10-01,1,Tunisia,Male,35-44,Rejected,None
2037,2022-07-01,2,China,Female,18-24,Rejected,None
2038,2025-08-01,1,Tunisia,Female,25-34,Accepted,Refugee status
2039,2025-09-01,3,Ukraine,Male,25-34,Rejected,None
2040,2022-02-01,5,Côte d'Ivoire,Male,35-44,Pending,None
2041,2022-09-01,1,Turkey,Male,35-44,Rejected,None
2042,2022-09-01,7,Nigeria,Female,35-44,Accepted,Subsidiary protection
2043,2024-10-01,9,Guinea,Female,25-34,Accepted,Subsidiary protection
2044,2022-12-01,4,Morocco,Male,25-34,Rejected,None
2045,2024-09-01,1,Algeria,Male,25-34,Rejected,None
2046,2025-07-01,6,Turkey,Male,35-44,Pending,None
2047,2024-08-01,1,Morocco,Male,25-34,Accepted,Subsidiary protection
2048,2025-11-01,1,Algeria,Male,25-34,Rejected,None
2049,2023-12-01,1,Portugal,Female,25-34,Accepted,Refugee status
2050,2025-08-01,2,Tunisia,Male,35-44,Accepted,Refugee status
2051,2025-02-01,1,Georgia,Female,35-44,Pending,None
2052,2023-11-01,1,Tunisia,Female,25-34,Pending,None
2053,2023-02-01,2,Syria,Female,25-34,Accepted,Temporary protection
2054,2024-09-01,6,Spain,Male,35-44,Accepted,Refugee status
2055,2025-02-01,8,India,Male,35-44,Pending,None
2056,2022-05-01,7,Algeria,Female,25-34,Rejected,None
2057,2023-04-01,1,Senegal,Male,35-44,Rejected,None
2058,2025-11-01,7,Guinea,Male,35-44,Pending,None
2059,2022-07-01,5,China,Male,18-24,Pending,None
2060,2025-10-01,1,Spain,Male,25-34,Rejected,None
2061,2022-07-01,2,China,Male,18-24,Rejected,None
2062,2024-05-01,2,Spain,Female,35-44,Withdrawn,None
2063,2023-04-01,2,Nigeria,Male,35-44,Rejected,None
2064,2022-07-01,7,Georgia,Male,18-24,Rejected,None
2065,2022-11-01,2,Portugal,Male,25-34,Pending,None
2066,2025-10-01,1,Turkey,Female,35-44,Pending,None
2067,2023-02-01,6,Côte d'Ivoire,Female,35-44,Pending,None
2068,2025-07-01,7,Algeria,Female,25-34,Accepted,Refugee status
2069,2024-07-01,4,China,Female,25-34,Pending,None
2070,2025-12-01,3,Spain,Male,25-34,Accepted,Subsidiary protection
2071,2023-11-01,6,India,Female,18-24,Pending,None
2072,2024-01-01,1,Portugal,Female,55+,Accepted,Subsidiary protection
2073,2022-04-01,4,Côte d'Ivoire,Male,35-44,Rejected,None
2074,2023-05-01,9,Portugal,Female,25-34,Rejected,None
2075,2024-05-01,7,Ukraine,Male,55+,Accepted,Subsidiary protection
2076,2023-07-01,1,Portugal,Female,25-34,Pending,None
2077,2022-09-01,9,Senegal,Male,45-54,Pending,None
2078,2023-12-01,1,Italy,Male,45-54,Accepted,Refugee status
2079,2025-11-01,4,Portugal,Female,18-24,Pending,None
2080,2025-08-01,5,China,Female,55+,Rejected,None
2081,2023-06-01,1,China,Male,35-44,Withdrawn,None
2082,2022-07-01,1,Nigeria,Male,25-34,Pending,None
2083,2022-01-01,4,Georgia,Female,25-34,Pending,None
2084,2024-08-01,1,Italy,Male,18-24,Pending,None
2085,2024-10-01,2,Bangladesh,Female,35-44,Rejected,None
2086,2025-08-01,6,China,Female,25-34,Pending,None
2087,2024-04-01,5,Guinea,Male,25-34,Rejected,None
2088,2023-02-01,8,Nigeria,Male,25-34,Accepted,Refugee status
2089,2022-02-01,9,Nigeria,Male,25-34,Accepted,Refugee status
2090,2024-02-01,9,Spain,Male,25-34,Rejected,None
2091,2023-02-01,2,Georgia,Female,18-24,Pending,None
2092,2025-03-01,1,Tunisia,Female,35-44,Rejected,None
2093,2024-07-01,5,Guinea,Female,25-34,Pending,None
2094,2024-01-01,9,Spain,Male,35-44,Rejected,None
2095,2024-12-01,6,Spain,Female,25-34,Rejected,None
2096,2024-02-01,5,China,Male,25-34,Pending,None
2097,2024-08-01,7,Guinea,Male,45-54,Accepted,Subsidiary protection
2098,2025-01-01,2,Nigeria,Male,25-34,Rejected,None
2099,2022-04-01,3,Turkey,Male,25-34,Pending,None
2100,2022-08-01,1,Nigeria,Female,25-34,Accepted,Temporary protection
2101,2023-12-01,5,Nigeria,Male,25-34,Pending,None
2102,2024-11-01,2,Côte d'Ivoire,Male,25-34,Rejected,None
2103,2023-09-01,1,Guinea,Female,45-54,Accepted,Subsidiary protection
2104,2025-08-01,1,Italy,Female,18-24,Accepted,Subsidiary protection
2105,2025-11-01,3,Ukraine,Female,35-44,Rejected,None
2106,2022-05-01,4,Ukraine,Male,18-24,Rejected,None
2107,2024-08-01,7,Spain,Male,18-24,Pending,None
2108,2022-03-01,9,Spain,Female,35-44,Pending,None
2109,2025-02-01,1,Afghanistan,Male,35-44,Pending,None
2110,2022-05-01,1,Turkey,Male,25-34,Rejected,None
2111,2022-05-01,1,Ukraine,Male,25-34,Accepted,Subsidiary protection
2112,2024-12-01,1,Georgia,Male,25-34,Pending,None
2113,2023-08-01,6,China,Female,45-54,Accepted,Subsidiary protection
2114,2023-07-01,5,Morocco,Male,35-44,Accepted,Subsidiary protection
2115,2023-09-01,1,Portugal,Male,45-54,Accepted,Subsidiary protection
2116,2023-11-01,4,China,Male,25-34,Accepted,Subsidiary protection
2117,2024-09-01,7,Spain,Male,25-34,Pending,None
2118,2024-11-01,1,Italy,Female,35-44,Pending,None
2119,2025-10-01,8,China,Male,45-54,Rejected,None
2120,2024-02-01,1,Côte d'Ivoire,Female,35-44,Rejected,None
2121,2025-05-01,1,Côte d'Ivoire,Male,18-24,Rejected,None
2122,2024-05-01,2,India,Male,25-34,Pending,None
2123,2022-04-01,1,Côte d'Ivoire,Female,45-54,Withdrawn,None
2124,2025-05-01,1,Morocco,Female,35-44,Pending,None
2125,2023-10-01,1,Algeria,Male,55+,Rejected,None
2126,2023-10-01,1,Guinea,Male,35-44,Rejected,None
2127,2025-05-01,4,Spain,Male,18-24,Pending,None
2128,2025-06-01,1,Portugal,Male,25-34,Pending,None
2129,2025-12-01,1,Senegal,Male,25-34,Rejected,None
2130,2024-02-01,4,Bangladesh,Male,18-24,Accepted,Refugee status
2131,2023-10-01,4,India,Female,35-44,Withdrawn,None
2132,2023-08-01,5,Morocco,Female,25-34,Rejected,None
2133,2023-05-01,3,Georgia,Male,25-34,Rejected,None
2134,2023-01-01,8,China,Female,25-34,Accepted,Subsidiary protection
2135,2023-04-01,1,Italy,Male,45-54,Accepted,Refugee status
2136,2024-12-01,7,China,Female,35-44,Withdrawn,None
2137,2023-03-01,2,Georgia,Male,25-34,Rejected,None
2138,2024-06-01,8,Tunisia,Male,35-44,Pending,None
2139,2022-12-01,1,Tunisia,Male,45-54,Accepted,Subsidiary protection
2140,2025-03-01,9,Bangladesh,Male,35-44,Pending,None
2141,2023-09-01,8,Senegal,Female,25-34,Withdrawn,None
2142,2024-03-01,1,Syria,Female,18-24,Rejected,None
2143,2025-11-01,2,Nigeria,Male,35-44,Accepted,Subsidiary protection
2144,2025-06-01,1,Algeria,Female,18-24,Withdrawn,None
2145,2023-04-01,1,India,Male,25-34,Pending,None
2146,2023-02-01,2,Ukraine,Male,18-24,Accepted,Subsidiary protection
2147,2024-03-01,4,Tunisia,Male,25-34,Accepted,Refugee status
2148,2024-12-01,2,Turkey,Male,25-34,Pending,None
2149,2025-11-01,1,Georgia,Female,25-34,Pending,None
2150,2023-07-01,1,China,Male,18-24,Accepted,Subsidiary protection
2151,2024-04-01,1,Afghanistan,Male,35-44,Pending,None
2152,2022-06-01,1,Côte d'Ivoire,Male,55+,Withdrawn,None
2153,2024-12-01,3,Georgia,Male,18-24,Pending,None
2154,2024-02-01,1,Bangladesh,Female,35-44,Pending,None
2155,2024-08-01,7,Spain,Male,25-34,Pending,None
2156,2022-12-01,6,Portugal,Male,35-44,Accepted,Refugee status
2157,2023-09-01,10,Turkey,Male,18-24,Rejected,None
2158,2022-03-01,1,Georgia,Male,45-54,Withdrawn,None
2159,2023-06-01,1,Ukraine,Female,18-24,Pending,None
2160,2023-06-01,1,Italy,Male,25-34,Pending,None
2161,2023-10-01,2,Morocco,Male,35-44,Pending,None
2162,2025-11-01,9,Senegal,Female,35-44,Accepted,Subsidiary protection
2163,2024-06-01,4,Spain,Male,25-34,Pending,None
2164,2025-07-01,9,Senegal,Female,25-34,Pending,None
2165,2022-10-01,9,Tunisia,Male,35-44,Rejected,None
2166,2025-12-01,2,Morocco,Female,55+,Rejected,None
2167,2024-05-01,2,Spain,Female,35-44,Pending,None
2168,2022-02-01,1,Algeria,Male,18-24,Accepted,Refugee status
2169,2025-06-01,6,Guinea,Female,45-54,Rejected,None
2170,2022-08-01,4,Georgia,Male,35-44,Pending,None
2171,2025-03-01,1,Georgia,Male,25-34,Accepted,Subsidiary protection
2172,2022-12-01,9,Italy,Female,18-24,Pending,None
2173,2024-09-01,7,Ukraine,Male,25-34,Accepted,Temporary protection
2174,2024-12-01,9,Guinea,Male,25-34,Accepted,Refugee status
2175,2022-06-01,1,Tunisia,Male,25-34,Rejected,None
2176,2025-11-01,6,Algeria,Male,25-34,Accepted,Subsidiary protection
2177,2025-07-01,5,Portugal,Male,35-44,Rejected,None
2178,2023-08-01,1,Côte d'Ivoire,Female,18-24,Pending,None
2179,2022-12-01,1,Nigeria,Male,35-44,Accepted,Subsidiary protection
2180,2024-05-01,1,Italy,Female,18-24,Rejected,None
2181,2025-02-01,1,Morocco,Male,55+,Accepted,Subsidiary protection
2182,2022-05-01,5,India,Female,35-44,Accepted,Temporary protection
2183,2022-08-01,8,Senegal,Male,35-44,Rejected,None
2184,2024-07-01,10,Algeria,Male,25-34,Rejected,None
2185,2023-02-01,1,Spain,Male,25-34,Accepted,Refugee status
2186,2025-08-01,5,Morocco,Female,35-44,Accepted,Refugee status
2187,2024-03-01,1,Portugal,Male,45-54,Rejected,None
2188,2024-08-01,1,Senegal,Female,25-34,Withdrawn,None
2189,2023-05-01,7,China,Male,25-34,Rejected,None
2190,2024-08-01,9,China,Male,25-34,Pending,None
2191,2023-01-01,10,Afghanistan,Female,35-44,Rejected,None
2192,2023-12-01,3,Côte d'Ivoire,Male,35-44,Pending,None
2193,2022-02-01,6,Senegal,Male,25-34,Accepted,Subsidiary protection
2194,2023-10-01,2,Tunisia,Male,35-44,Rejected,None
2195,2025-01-01,6,Guinea,Female,35-44,Pending,None
2196,2023-06-01,1,Turkey,Male,45-54,Rejected,None
2197,2022-03-01,1,Georgia,Male,35-44,Pending,None
2198,2025-04-01,10,Nigeria,Female,25-34,Rejected,None
2199,2023-02-01,1,Senegal,Male,35-44,Accepted,Subsidiary protection
2200,2024-07-01,8,India,Male,35-44,Pending,None
2201,2024-11-01,1,Italy,Female,35-44,Accepted,Subsidiary protection
2202,2023-03-01,7,Guinea,Male,25-34,Rejected,None
2203,2023-03-01,9,India,Male,35-44,Accepted,Subsidiary protection
2204,2024-01-01,1,Afghanistan,Male,18-24,Rejected,None
2205,2023-11-01,2,China,Male,25-34,Rejected,None
2206,2022-06-01,7,India,Female,25-34,Pending,None
2207,2022-04-01,1,Syria,Female,35-44,Pending,None
2208,2022-03-01,1,Côte d'Ivoire,Male,25-34,Pending,None
2209,2023-04-01,1,Nigeria,Male,35-44,Pending,None
2210,2022-07-01,1,Afghanistan,Female,45-54,Accepted,Subsidiary protection
2211,2025-01-01,1,Bangladesh,Male,35-44,Pending,None
2212,2025-06-01,1,Turkey,Male,45-54,Accepted,Refugee status
2213,2025-03-01,1,Ukraine,Female,18-24,Accepted,Refugee status
2214,2023-01-01,10,Algeria,Female,18-24,Accepted,Temporary protection
2215,2023-05-01,1,India,Male,25-34,Withdrawn,None
2216,2025-11-01,1,Georgia,Male,45-54,Rejected,None
2217,2022-07-01,7,Bangladesh,Male,35-44,Pending,None
2218,2023-05-01,6,Syria,Male,25-34,Accepted,Refugee status
2219,2023-10-01,3,Guinea,Male,45-54,Pending,None
2220,2023-08-01,2,Morocco,Male,35-44,Accepted,Subsidiary protection
2221,2025-10-01,2,Côte d'Ivoire,Male,35-44,Accepted,Subsidiary protection
2222,2025-03-01,10,Senegal,Female,18-24,Withdrawn,None
2223,2025-12-01,8,Senegal,Female,45-54,Pending,None
2224,2022-11-01,1,China,Male,25-34,Pending,None
2225,2022-04-01,3,China,Female,18-24,Pending,None
2226,2025-08-01,6,Georgia,Male,18-24,Accepted,Refugee status
2227,2022-07-01,7,Georgia,Male,25-34,Withdrawn,None
2228,2024-08-01,1,China,Male,25-34,Accepted,Subsidiary protection
2229,2025-07-01,9,Côte d'Ivoire,Female,25-34,Accepted,Refugee status
2230,2022-03-01,7,Afghanistan,Female,25-34,Pending,None
2231,2024-06-01,3,Bangladesh,Female,25-34,Accepted,Temporary protection
2232,2025-10-01,3,Nigeria,Male,18-24,Pending,None
2233,2025-11-01,3,Syria,Male,55+,Pending,None
2234,2023-02-01,7,Syria,Male,35-44,Rejected,None
2235,2023-01-01,4,Tunisia,Female,25-34,Pending,None
2236,2022-12-01,7,China,Female,45-54,Pending,None
2237,2024-05-01,8,India,Male,35-44,Pending,None
2238,2025-08-01,6,Spain,Female,18-24,Pending,None
2239,2025-08-01,1,Algeria,Male,35-44,Accepted,Subsidiary protection
2240,2023-04-01,2,Côte d'Ivoire,Female,18-24,Pending,None
2241,2024-01-01,1,Côte d'Ivoire,Male,25-34,Rejected,None
2242,2024-11-01,1,Morocco,Male,35-44,Accepted,Refugee status
2243,2024-09-01,5,Italy,Male,45-54,Accepted,Subsidiary protection
2244,2022-02-01,3,Nigeria,Male,25-34,Pending,None
2245,2025-07-01,1,Ukraine,Male,35-44,Rejected,None
2246,2025-09-01,5,Nigeria,Female,45-54,Accepted,Subsidiary protection
2247,2024-07-01,1,Algeria,Female,45-54,Rejected,None
2248,2023-08-01,9,Turkey,Male,18-24,Accepted,Refugee status
2249,2025-02-01,5,Nigeria,Male,18-24,Rejected,None
2250,2022-09-01,1,Algeria,Male,25-34,Accepted,Refugee status
2251,2022-11-01,8,China,Female,18-24,Rejected,None
2252,2025-12-01,1,Algeria,Male,45-54,Accepted,Subsidiary protection
2253,2023-05-01,1,Afghanistan,Male,18-24,Withdrawn,None
2254,2024-12-01,2,Georgia,Female,45-54,Rejected,None
2255,2023-08-01,1,Portugal,Female,25-34,Pending,None
2256,2025-03-01,7,Senegal,Female,18-24,Rejected,None
2257,2025-03-01,9,Nigeria,Male,25-34,Pending,None
2258,2024-01-01,7,Italy,Female,35-44,Rejected,None
2259,2023-07-01,2,Guinea,Female,18-24,Accepted,Subsidiary protection
2260,2024-10-01,1,Syria,Male,55+,Accepted,Refugee status
2261,2022-10-01,2,Spain,Female,18-24,Pending,None
2262,2023-02-01,1,Syria,Male,45-54,Rejected,None
2263,2022-03-01,8,Morocco,Female,18-24,Withdrawn,None
2264,2024-01-01,1,Syria,Male,35-44,Accepted,Subsidiary protection
2265,2024-07-01,1,Spain,Female,25-34,Pending,None
2266,2023-07-01,6,China,Female,35-44,Rejected,None
2267,2024-12-01,4,Afghanistan,Male,35-44,Pending,None
2268,2023-09-01,9,Senegal,Female,25-34,Withdrawn,None
2269,2022-11-01,10,Ukraine,Female,18-24,Pending,None
2270,2022-01-01,2,Algeria,Male,25-34,Accepted,Subsidiary protection
2271,2025-05-01,9,Morocco,Male,25-34,Pending,None
2272,2025-03-01,9,Tunisia,Male,45-54,Withdrawn,None
2273,2023-10-01,8,Bangladesh,Female,25-34,Accepted,Temporary protection
2274,2022-11-01,9,Bangladesh,Male,25-34,Withdrawn,None
2275,2024-05-01,4,Afghanistan,Female,25-34,Pending,None
2276,2023-11-01,1,Morocco,Male,35-44,Accepted,Subsidiary protection
2277,2023-05-01,8,Ukraine,Male,18-24,Pending,None
2278,2024-08-01,1,Algeria,Female,25-34,Rejected,None
2279,2022-11-01,9,Turkey,Male,25-34,Pending,None
2280,2022-02-01,3,Morocco,Male,25-34,Accepted,Refugee status
2281,2022-08-01,3,Afghanistan,Male,25-34,Rejected,None
2282,2023-05-01,7,Portugal,Male,25-34,Pending,None
2283,2025-04-01,2,Turkey,Male,55+,Rejected,None
2284,2023-01-01,1,Portugal,Male,25-34,Rejected,None
2285,2025-11-01,7,Afghanistan,Female,45-54,Accepted,Subsidiary protection
2286,2022-07-01,1,Syria,Male,25-34,Accepted,Subsidiary protection
2287,2025-12-01,7,Morocco,Male,35-44,Pending,None
2288,2025-04-01,9,Spain,Male,35-44,Accepted,Refugee status
2289,2022-04-01,2,Afghanistan,Male,55+,Rejected,None
2290,2024-02-01,5,China,Female,18-24,Pending,None
2291,2024-09-01,1,Portugal,Male,25-34,Withdrawn,None
2292,2023-10-01,7,Senegal,Male,25-34,Accepted,Refugee status
2293,2025-12-01,3,Guinea,Male,18-24,Pending,None
2294,2022-07-01,1,Senegal,Female,45-54,Pending,None
2295,2024-02-01,8,Spain,Male,55+,Accepted,Subsidiary protection
2296,2024-01-01,2,Turkey,Female,35-44,Withdrawn,None
2297,2024-06-01,7,Bangladesh,Male,25-34,Rejected,None
2298,2023-01-01,2,Côte d'Ivoire,Male,35-44,Accepted,Temporary protection
2299,2023-12-01,9,Afghanistan,Female,55+,Withdrawn,None
2300,2022-07-01,5,Nigeria,Male,45-54,Pending,None
2301,2022-06-01,5,Portugal,Male,45-54,Accepted,Refugee status
2302,2024-02-01,1,Senegal,Female,25-34,Rejected,None
2303,2024-12-01,6,Morocco,Male,25-34,Accepted,Refugee status
2304,2024-09-01,3,Turkey,Female,18-24,Pending,None
2305,2025-10-01,6,Italy,Female,18-24,Rejected,None
2306,2022-03-01,8,Côte d'Ivoire,Male,25-34,Pending,None
2307,2023-09-01,6,Ukraine,Female,18-24,Accepted,Subsidiary protection
2308,2022-03-01,3,Côte d'Ivoire,Female,35-44,Rejected,None
2309,2023-06-01,8,Senegal,Female,35-44,Pending,None
2310,2024-12-01,6,Ukraine,Male,35-44,Rejected,None
2311,2024-05-01,6,Georgia,Male,18-24,Rejected,None
2312,2022-10-01,9,Guinea,Male,25-34,Pending,None
2313,2022-04-01,1,China,Male,55+,Pending,None
2314,2022-08-01,3,Morocco,Female,55+,Rejected,None
2315,2023-09-01,1,China,Male,55+,Accepted,Temporary protection
2316,2025-11-01,6,Ukraine,Male,45-54,Pending,None
2317,2023-07-01,2,Spain,Male,18-24,Pending,None
2318,2022-09-01,6,Algeria,Male,35-44,Pending,None
2319,2023-01-01,1,Senegal,Female,25-34,Accepted,Subsidiary protection
2320,2024-09-01,5,Tunisia,Male,25-34,Rejected,None
2321,2023-02-01,1,China,Male,25-34,Accepted,Refugee status
2322,2025-04-01,2,Morocco,Female,35-44,Pending,None
2323,2022-02-01,4,Turkey,Female,25-34,Rejected,None
2324,2023-04-01,5,Georgia,Male,25-34,Accepted,Temporary protection
2325,2023-01-01,3,Afghanistan,Male,45-54,Pending,None
2326,2023-11-01,6,Tunisia,Male,25-34,Withdrawn,None
2327,2023-08-01,1,Syria,Male,35-44,Accepted,Subsidiary protection
2328,2024-03-01,5,Morocco,Male,35-44,Accepted,Subsidiary protection
2329,2023-04-01,2,Georgia,Male,18-24,Rejected,None
2330,2022-10-01,1,Côte d'Ivoire,Male,25-34,Pending,None
2331,2024-07-01,8,Italy,Female,18-24,Accepted,Refugee status
2332,2023-03-01,10,Bangladesh,Female,35-44,Rejected,None
2333,2025-07-01,1,India,Male,35-44,Pending,None
2334,2025-11-01,1,Bangladesh,Male,25-34,Rejected,None
2335,2022-12-01,6,Afghanistan,Female,35-44,Pending,None
2336,2023-02-01,10,Syria,Male,25-34,Rejected,None
2337,2025-10-01,2,Portugal,Female,25-34,Accepted,Refugee status
2338,2025-03-01,7,Bangladesh,Male,35-44,Accepted,Subsidiary protection
2339,2023-10-01,1,Guinea,Female,45-54,Accepted,Subsidiary protection
2340,2024-02-01,1,Guinea,Male,25-34,Pending,None
2341,2022-12-01,1,Portugal,Male,35-44,Pending,None
2342,2024-07-01,5,Portugal,Male,25-34,Rejected,None
2343,2025-10-01,4,India,Male,25-34,Rejected,None
2344,2023-10-01,5,India,Female,18-24,Pending,None
2345,2023-09-01,1,Senegal,Female,25-34,Rejected,None
2346,2024-05-01,1,Côte d'Ivoire,Male,25-34,Pending,None
2347,2025-04-01,4,Bangladesh,Male,45-54,Accepted,Subsidiary protection
2348,2024-02-01,3,Italy,Male,25-34,Accepted,Temporary protection
2349,2023-10-01,2,Portugal,Male,55+,Rejected,None
2350,2023-12-01,5,Algeria,Female,25-34,Accepted,Subsidiary protection
2351,2022-01-01,2,Ukraine,Male,25-34,Pending,None
2352,2025-03-01,8,Spain,Female,25-34,Pending,None
2353,2023-06-01,6,India,Male,45-54,Accepted,Subsidiary protection
2354,2025-07-01,1,Italy,Male,25-34,Accepted,Subsidiary protection
2355,2023-06-01,8,Algeria,Male,25-34,Pending,None
2356,2023-01-01,3,Afghanistan,Female,18-24,Pending,None
2357,2025-07-01,3,Afghanistan,Male,35-44,Pending,None
2358,2022-07-01,6,Guinea,Male,45-54,Pending,None
2359,2025-02-01,9,Syria,Male,35-44,Accepted,Refugee status
2360,2025-03-01,1,Senegal,Male,25-34,Withdrawn,None
2361,2022-11-01,1,Portugal,Female,45-54,Pending,None
2362,2022-11-01,7,Tunisia,Male,25-34,Pending,None
2363,2023-04-01,2,Syria,Male,25-34,Accepted,Refugee status
2364,2025-06-01,8,Portugal,Female,25-34,Accepted,Subsidiary protection
2365,2023-05-01,2,Côte d'Ivoire,Male,35-44,Accepted,Refugee status
2366,2022-05-01,10,Turkey,Female,35-44,Accepted,Temporary protection
2367,2023-08-01,1,Turkey,Male,35-44,Pending,None
2368,2022-05-01,9,India,Male,18-24,Rejected,None
2369,2024-02-01,7,Guinea,Female,25-34,Accepted,Subsidiary protection
2370,2022-09-01,10,Morocco,Female,18-24,Rejected,None
2371,2023-02-01,1,Spain,Female,45-54,Accepted,Refugee status
2372,2022-01-01,2,Syria,Female,18-24,Rejected,None
2373,2022-01-01,1,India,Male,45-54,Rejected,None
2374,2024-12-01,7,Morocco,Male,25-34,Pending,None
2375,2025-09-01,1,Bangladesh,Male,25-34,Pending,None
2376,2023-08-01,3,Senegal,Male,35-44,Pending,None
2377,2022-01-01,1,Nigeria,Male,45-54,Rejected,None
2378,2025-10-01,6,Afghanistan,Male,35-44,Pending,None
2379,2023-08-01,6,Afghanistan,Female,25-34,Accepted,Refugee status
2380,2023-06-01,1,Côte d'Ivoire,Male,25-34,Accepted,Subsidiary protection
2381,2025-03-01,5,Nigeria,Male,25-34,Rejected,None
2382,2024-10-01,1,Turkey,Male,35-44,Accepted,Subsidiary protection
2383,2024-12-01,9,Tunisia,Male,25-34,Accepted,Subsidiary protection
2384,2024-09-01,8,Senegal,Female,35-44,Pending,None
2385,2022-01-01,1,Côte d'Ivoire,Female,35-44,Pending,None
2386,2023-04-01,2,Syria,Male,25-34,Pending,None
2387,2024-09-01,4,Guinea,Female,18-24,Rejected,None
2388,2025-07-01,7,Syria,Male,25-34,Withdrawn,None
2389,2024-07-01,9,Senegal,Male,25-34,Rejected,None
2390,2023-08-01,2,Nigeria,Male,18-24,Pending,None
2391,2025-07-01,3,Côte d'Ivoire,Male,25-34,Pending,None
2392,2024-03-01,1,Spain,Male,25-34,Accepted,Refugee status
2393,2022-07-01,2,Morocco,Female,25-34,Pending,None
2394,2023-08-01,10,Spain,Male,25-34,Rejected,None
2395,2025-05-01,9,Ukraine,Male,18-24,Rejected,None
2396,2023-09-01,2,Georgia,Male,55+,Withdrawn,None
2397,2024-03-01,1,Italy,Male,35-44,Rejected,None
2398,2022-03-01,4,Syria,Female,25-34,Accepted,Temporary protection
2399,2024-08-01,2,Italy,Male,25-34,Pending,None
2400,2023-03-01,6,Portugal,Male,35-44,Rejected,None
2401,2022-05-01,5,Guinea,Male,25-34,Accepted,Subsidiary protection
2402,2025-10-01,5,Spain,Male,35-44,Rejected,None
2403,2023-08-01,2,Guinea,Male,45-54,Pending,None
2404,2025-04-01,4,Morocco,Male,45-54,Accepted,Subsidiary protection
2405,2024-10-01,5,India,Male,18-24,Accepted,Temporary protection
2406,2025-07-01,5,Italy,Female,25-34,Pending,None
2407,2023-09-01,5,Afghanistan,Male,25-34,Accepted,Subsidiary protection
2408,2024-11-01,8,Portugal,Male,18-24,Pending,None
2409,2025-09-01,1,Tunisia,Male,45-54,Accepted,Subsidiary protection
2410,2024-08-01,1,Senegal,Female,55+,Accepted,Temporary protection
2411,2024-08-01,1,Syria,Male,35-44,Pending,None
2412,2025-08-01,6,Turkey,Male,25-34,Rejected,None
2413,2023-06-01,1,Italy,Male,18-24,Pending,None
2414,2024-02-01,3,Turkey,Female,25-34,Rejected,None
2415,2024-12-01,1,Nigeria,Male,35-44,Pending,None
2416,2025-08-01,9,Algeria,Male,25-34,Rejected,None
2417,2025-03-01,4,Tunisia,Female,35-44,Accepted,Temporary protection
2418,2023-08-01,1,Algeria,Male,55+,Rejected,None
2419,2025-02-01,2,Bangladesh,Male,25-34,Accepted,Subsidiary protection
2420,2024-05-01,1,Senegal,Male,55+,Accepted,Subsidiary protection
2421,2023-10-01,8,Guinea,Male,25-34,Rejected,None
2422,2023-11-01,8,Tunisia,Female,25-34,Accepted,Refugee status
2423,2025-01-01,7,Spain,Female,25-34,Accepted,Temporary protection
2424,2022-01-01,2,Georgia,Male,18-24,Accepted,Temporary protection
2425,2025-10-01,9,Senegal,Female,35-44,Rejected,None
2426,2022-10-01,1,Morocco,Male,35-44,Accepted,Subsidiary protection
2427,2024-10-01,5,Tunisia,Male,35-44,Rejected,None
2428,2025-09-01,3,Senegal,Female,25-34,Pending,None
2429,2022-11-01,2,Bangladesh,Female,35-44,Pending,None
2430,2024-05-01,1,Tunisia,Female,35-44,Accepted,Subsidiary protection
2431,2024-02-01,1,Ukraine,Male,25-34,Rejected,None
2432,2022-03-01,7,Bangladesh,Female,18-24,Pending,None
2433,2024-08-01,5,Senegal,Male,35-44,Pending,None
2434,2025-11-01,9,Côte d'Ivoire,Male,45-54,Withdrawn,None
2435,2025-07-01,5,Morocco,Male,35-44,Pending,None
2436,2025-09-01,1,Ukraine,Male,55+,Accepted,Subsidiary protection
2437,2023-12-01,1,China,Male,18-24,Pending,None
2438,2024-11-01,6,India,Female,35-44,Pending,None
2439,2022-12-01,1,Georgia,Female,25-34,Pending,None
2440,2023-02-01,1,Senegal,Female,25-34,Pending,None
2441,2025-09-01,2,Turkey,Male,25-34,Accepted,Subsidiary protection
2442,2023-03-01,6,Afghanistan,Male,35-44,Pending,None
2443,2024-11-01,5,Algeria,Female,35-44,Accepted,Refugee status
2444,2025-06-01,1,China,Male,25-34,Pending,None
2445,2024-07-01,8,Tunisia,Female,35-44,Rejected,None
2446,2022-03-01,10,China,Male,25-34,Pending,None
2447,2025-10-01,7,Bangladesh,Female,25-34,Pending,None
2448,2022-12-01,1,Côte d'Ivoire,Male,18-24,Rejected,None
2449,2025-12-01,7,China,Male,18-24,Rejected,None
2450,2022-08-01,3,Italy,Male,25-34,Accepted,Subsidiary protection
2451,2023-05-01,1,Nigeria,Female,55+,Accepted,Refugee status
2452,2024-11-01,5,Bangladesh,Male,45-54,Rejected,None
2453,2022-03-01,10,Bangladesh,Male,45-54,Rejected,None
2454,2023-07-01,2,Georgia,Female,25-34,Accepted,Subsidiary protection
2455,2025-08-01,1,Georgia,Female,35-44,Accepted,Temporary protection
2456,2025-08-01,1,Guinea,Male,45-54,Pending,None
2457,2024-03-01,4,Tunisia,Male,18-24,Pending,None
2458,2025-03-01,7,Algeria,Male,25-34,Pending,None
2459,2025-03-01,1,India,Male,25-34,Pending,None
2460,2025-12-01,1,Tunisia,Male,45-54,Rejected,None
2461,2023-09-01,9,Syria,Male,25-34,Rejected,None
2462,2023-03-01,8,Spain,Female,55+,Pending,None
2463,2025-07-01,9,Ukraine,Female,18-24,Pending,None
2464,2023-11-01,1,Spain,Male,25-34,Accepted,Refugee status
2465,2024-05-01,9,Guinea,Male,25-34,Accepted,Temporary protection
2466,2024-08-01,1,Turkey,Male,25-34,Rejected,None
2467,2025-03-01,3,Tunisia,Male,55+,Withdrawn,None
2468,2025-11-01,3,Spain,Male,35-44,Accepted,Subsidiary protection
2469,2023-06-01,10,Portugal,Female,35-44,Pending,None
2470,2023-05-01,1,Syria,Male,18-24,Rejected,None
2471,2025-07-01,9,Morocco,Female,35-44,Accepted,Temporary protection
2472,2023-04-01,9,Senegal,Female,55+,Accepted,Refugee status
2473,2024-08-01,9,Turkey,Male,35-44,Rejected,None
2474,2024-07-01,2,Tunisia,Female,25-34,Accepted,Refugee status
2475,2023-10-01,2,Tunisia,Male,35-44,Pending,None
2476,2024-08-01,1,Spain,Male,25-34,Rejected,None
2477,2024-11-01,3,Bangladesh,Male,18-24,Pending,None
2478,2022-10-01,1,Guinea,Male,45-54,Pending,None
2479,2022-09-01,5,Côte d'Ivoire,Male,25-34,Accepted,Subsidiary protection
2480,2023-10-01,8,Tunisia,Male,25-34,Pending,None
2481,2025-06-01,9,India,Male,45-54,Rejected,None
2482,2023-07-01,2,Algeria,Female,35-44,Withdrawn,None
2483,2023-11-01,2,Spain,Male,25-34,Withdrawn,None
2484,2023-09-01,3,Georgia,Male,25-34,Pending,None
2485,2025-02-01,9,India,Male,35-44,Withdrawn,None
2486,2022-07-01,1,Senegal,Female,25-34,Pending,None
2487,2024-05-01,1,Algeria,Female,25-34,Accepted,Subsidiary protection
2488,2024-08-01,1,Nigeria,Female,25-34,Pending,None
2489,2022-10-01,6,Italy,Male,25-34,Rejected,None
2490,2022-10-01,2,Senegal,Male,25-34,Pending,None
2491,2024-10-01,10,Italy,Female,25-34,Rejected,None
2492,2022-02-01,10,Guinea,Male,25-34,Rejected,None
2493,2022-11-01,8,China,Male,45-54,Accepted,Subsidiary protection
2494,2023-12-01,3,Côte d'Ivoire,Male,25-34,Rejected,None
2495,2022-01-01,9,Syria,Female,25-34,Pending,None
2496,2022-02-01,2,China,Male,45-54,Pending,None
2497,2024-07-01,2,Algeria,Female,35-44,Accepted,Subsidiary protection
2498,2024-08-01,3,Ukraine,Male,25-34,Rejected,None
2499,2025-10-01,5,Italy,Female,35-44,Pending,None
2500,2024-05-01,1,Morocco,Female,18-24,Rejected,None
2501,2022-06-01,4,Portugal,Female,35-44,Pending,None
2502,2024-04-01,10,India,Female,45-54,Rejected,None
2503,2022-02-01,1,China,Female,25-34,Pending,None
2504,2022-05-01,1,Afghanistan,Male,45-54,Accepted,Subsidiary protection
2505,2022-11-01,9,Italy,Male,25-34,Accepted,Temporary protection
2506,2022-06-01,7,Senegal,Male,18-24,Accepted,Refugee status
2507,2025-11-01,1,Tunisia,Female,18-24,Pending,None
2508,2024-08-01,3,China,Female,18-24,Accepted,Refugee status
2509,2024-05-01,1,Senegal,Male,55+,Pending,None
2510,2022-02-01,1,Georgia,Female,55+,Pending,None
2511,2022-07-01,1,China,Male,18-24,Pending,None
2512,2022-06-01,1,Italy,Male,25-34,Rejected,None
2513,2024-06-01,5,Bangladesh,Female,45-54,Pending,None
2514,2025-01-01,1,Spain,Female,25-34,Accepted,Subsidiary protection
2515,2024-06-01,1,Senegal,Male,35-44,Pending,None
2516,2022-09-01,1,Ukraine,Male,25-34,Accepted,Refugee status
2517,2023-01-01,1,Turkey,Male,18-24,Accepted,Subsidiary protection
2518,2023-12-01,4,Turkey,Female,25-34,Pending,None
2519,2023-10-01,6,Senegal,Male,35-44,Withdrawn,None
2520,2022-05-01,10,Portugal,Male,45-54,Withdrawn,None
2521,2023-09-01,1,Côte d'Ivoire,Male,35-44,Pending,None
2522,2022-12-01,1,Morocco,Male,25-34,Rejected,None
2523,2022-10-01,6,Côte d'Ivoire,Male,25-34,Rejected,None
2524,2025-07-01,1,Nigeria,Female,45-54,Withdrawn,None
2525,2022-06-01,3,Tunisia,Female,25-34,Pending,None
2526,2025-01-01,6,Morocco,Male,25-34,Rejected,None
2527,2022-03-01,2,China,Male,25-34,Pending,None
2528,2022-10-01,2,Syria,Male,35-44,Accepted,Subsidiary protection
2529,2025-07-01,2,Nigeria,Male,18-24,Accepted,Refugee status
2530,2022-11-01,3,Spain,Male,25-34,Rejected,None
2531,2022-03-01,1,Syria,Female,35-44,Rejected,None
2532,2023-11-01,1,Portugal,Male,35-44,Pending,None
2533,2022-12-01,4,Bangladesh,Male,18-24,Pending,None
2534,2024-07-01,1,Georgia,Male,25-34,Accepted,Refugee status
2535,2024-03-01,1,Afghanistan,Male,25-34,Accepted,Refugee status
2536,2024-04-01,2,Côte d'Ivoire,Male,25-34,Accepted,Refugee status
2537,2022-02-01,2,Spain,Male,25-34,Rejected,None
2538,2023-02-01,1,Turkey,Female,25-34,Rejected,None
2539,2022-02-01,8,Spain,Male,25-34,Rejected,None
2540,2025-10-01,1,Turkey,Female,35-44,Pending,None
2541,2022-05-01,8,India,Female,35-44,Pending,None
2542,2025-05-01,10,Tunisia,Female,55+,Rejected,None
2543,2025-06-01,1,India,Female,25-34,Accepted,Refugee status
2544,2024-08-01,1,Bangladesh,Male,35-44,Accepted,Refugee status
2545,2025-03-01,1,Senegal,Male,45-54,Pending,None
2546,2025-08-01,8,Bangladesh,Male,25-34,Rejected,None
2547,2025-08-01,10,Guinea,Female,18-24,Pending,None
2548,2023-03-01,4,Syria,Male,25-34,Rejected,None
2549,2025-01-01,9,India,Male,35-44,Pending,None
2550,2023-03-01,6,Turkey,Female,25-34,Pending,None
2551,2022-07-01,4,Côte d'Ivoire,Female,18-24,Accepted,Subsidiary protection
2552,2023-03-01,9,Morocco,Female,18-24,Pending,None
2553,2025-10-01,3,Spain,Female,25-34,Withdrawn,None
2554,2022-08-01,2,Afghanistan,Male,18-24,Accepted,Temporary protection
2555,2024-04-01,6,Senegal,Female,45-54,Accepted,Refugee status
2556,2022-07-01,6,Georgia,Male,18-24,Pending,None
2557,2023-11-01,2,Turkey,Male,25-34,Accepted,Subsidiary protection
2558,2025-08-01,3,Georgia,Male,45-54,Pending,None
2559,2025-10-01,1,Georgia,Male,35-44,Accepted,Refugee status
2560,2025-06-01,1,Italy,Male,45-54,Withdrawn,None
2561,2025-05-01,2,Afghanistan,Male,45-54,Pending,None
2562,2024-03-01,3,Portugal,Female,25-34,Rejected,None
2563,2022-02-01,1,Nigeria,Male,18-24,Withdrawn,None
2564,2024-08-01,1,Nigeria,Male,45-54,Withdrawn,None
2565,2023-10-01,1,Côte d'Ivoire,Male,25-34,Rejected,None
2566,2022-12-01,8,Portugal,Male,18-24,Rejected,None
2567,2024-10-01,5,Spain,Female,35-44,Accepted,Refugee status
2568,2022-02-01,1,Georgia,Male,18-24,Accepted,Refugee status
2569,2022-08-01,5,China,Female,25-34,Rejected,None
2570,2023-10-01,3,Nigeria,Male,35-44,Pending,None
2571,2022-09-01,4,Senegal,Male,25-34,Pending,None
2572,2024-09-01,7,Côte d'Ivoire,Female,18-24,Accepted,Subsidiary protection
2573,2025-03-01,3,Nigeria,Male,35-44,Pending,None
2574,2024-09-01,1,Bangladesh,Male,25-34,Accepted,Refugee status
2575,2022-07-01,7,Spain,Female,45-54,Rejected,None
2576,2024-06-01,1,Afghanistan,Male,18-24,Rejected,None
2577,2025-10-01,9,Morocco,Female,25-34,Accepted,Temporary protection
2578,2025-09-01,9,Afghanistan,Female,45-54,Accepted,Subsidiary protection
2579,2022-08-01,2,Georgia,Female,18-24,Pending,None
2580,2022-11-01,6,Nigeria,Male,45-54,Pending,None
2581,2022-09-01,9,Portugal,Female,45-54,Pending,None
2582,2023-01-01,9,Ukraine,Male,18-24,Rejected,None
2583,2025-08-01,1,Morocco,Male,25-34,Rejected,None
2584,2022-04-01,1,Ukraine,Male,18-24,Accepted,Subsidiary protection
2585,2024-03-01,3,Ukraine,Male,45-54,Accepted,Subsidiary protection
2586,2025-09-01,4,Nigeria,Female,55+,Withdrawn,None
2587,2025-04-01,2,Côte d'Ivoire,Female,25-34,Pending,None
2588,2023-10-01,1,Algeria,Male,55+,Pending,None
2589,2024-02-01,2,Algeria,Male,25-34,Accepted,Refugee status
2590,2023-08-01,1,Guinea,Female,35-44,Accepted,Subsidiary protection
2591,2024-09-01,2,Tunisia,Female,25-34,Withdrawn,None
2592,2025-12-01,1,Bangladesh,Female,18-24,Rejected,None
2593,2024-04-01,2,Portugal,Female,25-34,Withdrawn,None
2594,2023-09-01,4,Algeria,Male,25-34,Rejected,None
2595,2025-08-01,2,Bangladesh,Male,25-34,Rejected,None
2596,2023-05-01,1,Afghanistan,Male,25-34,Rejected,None
2597,2022-04-01,2,Ukraine,Female,45-54,Accepted,Refugee status
2598,2022-11-01,1,Turkey,Male,35-44,Accepted,Subsidiary protection
2599,2024-08-01,1,Syria,Female,25-34,Rejected,None
2600,2023-10-01,5,Ukraine,Male,25-34,Pending,None
2601,2025-07-01,5,Ukraine,Female,45-54,Accepted,Refugee status
2602,2024-09-01,1,Afghanistan,Male,25-34,Accepted,Refugee status
2603,2024-04-01,9,Syria,Male,25-34,Rejected,None
2604,2025-08-01,7,Nigeria,Male,25-34,Accepted,Subsidiary protection
2605,2024-12-01,8,Georgia,Female,45-54,Accepted,Refugee status
2606,2022-10-01,3,Syria,Male,25-34,Rejected,None
2607,2024-11-01,3,China,Female,25-34,Accepted,Refugee status
2608,2024-10-01,5,Afghanistan,Male,45-54,Pending,None
2609,2025-09-01,4,Spain,Male,35-44,Accepted,Temporary protection
2610,2022-01-01,5,India,Female,45-54,Pending,None
2611,2022-08-01,2,Senegal,Male,25-34,Rejected,None
2612,2025-03-01,1,Spain,Male,55+,Rejected,None
2613,2025-11-01,7,Algeria,Male,45-54,Pending,None
2614,2023-02-01,2,Italy,Male,35-44,Pending,None
2615,2025-11-01,4,India,Male,55+,Pending,None
2616,2022-02-01,2,Georgia,Male,25-34,Rejected,None
2617,2024-10-01,3,India,Male,25-34,Pending,None
2618,2023-07-01,5,Algeria,Female,25-34,Accepted,Refugee status
2619,2024-07-01,4,China,Female,35-44,Accepted,Refugee status
2620,2025-07-01,1,Georgia,Male,35-44,Rejected,None
2621,2024-04-01,1,Spain,Male,45-54,Accepted,Refugee status
2622,2022-12-01,1,Turkey,Female,25-34,Accepted,Subsidiary protection
2623,2025-10-01,4,Algeria,Male,25-34,Accepted,Subsidiary protection
2624,2023-02-01,2,India,Male,25-34,Rejected,None
2625,2024-01-01,1,Turkey,Male,35-44,Accepted,Temporary protection
2626,2022-09-01,1,Syria,Female,35-44,Accepted,Subsidiary protection
2627,2025-07-01,6,Ukraine,Male,55+,Pending,None
2628,2025-12-01,1,Bangladesh,Male,55+,Pending,None
2629,2023-07-01,2,Bangladesh,Male,25-34,Accepted,Refugee status
2630,2023-09-01,3,Côte d'Ivoire,Female,18-24,Accepted,Temporary protection
2631,2023-11-01,3,Italy,Male,25-34,Rejected,None
2632,2025-10-01,1,Morocco,Male,35-44,Withdrawn,None
2633,2024-06-01,6,Afghanistan,Male,18-24,Pending,None
2634,2022-05-01,1,India,Female,25-34,Accepted,Subsidiary protection
2635,2025-01-01,5,Turkey,Female,45-54,Rejected,None
2636,2023-10-01,2,Turkey,Male,25-34,Pending,None
2637,2022-04-01,3,Morocco,Female,45-54,Accepted,Temporary protection
2638,2023-11-01,3,Spain,Female,25-34,Accepted,Refugee status
2639,2022-04-01,9,India,Male,55+,Accepted,Subsidiary protection
2640,2023-01-01,2,Ukraine,Female,35-44,Pending,None
2641,2024-12-01,1,Côte d'Ivoire,Male,35-44,Pending,None
2642,2023-12-01,2,Bangladesh,Female,25-34,Pending,None
2643,2023-09-01,3,Italy,Female,25-34,Rejected,None
2644,2023-05-01,1,China,Male,35-44,Pending,None
2645,2025-07-01,9,Senegal,Male,25-34,Pending,None
2646,2022-12-01,1,Tunisia,Male,25-34,Accepted,Refugee status
2647,2025-10-01,9,Turkey,Female,55+,Withdrawn,None
2648,2023-06-01,2,Côte d'Ivoire,Male,45-54,Pending,None
2649,2023-07-01,4,Guinea,Male,45-54,Rejected,None
2650,2024-07-01,5,Turkey,Male,35-44,Pending,None
2651,2025-01-01,1,Bangladesh,Female,35-44,Pending,None
2652,2023-11-01,2,India,Male,45-54,Withdrawn,None
2653,2024-07-01,1,India,Female,35-44,Rejected,None
2654,2023-08-01,1,Nigeria,Male,18-24,Accepted,Subsidiary protection
2655,2025-02-01,5,Ukraine,Female,25-34,Pending,None
2656,2025-05-01,1,Spain,Male,18-24,Accepted,Temporary protection
2657,2025-06-01,4,Spain,Male,18-24,Pending,None
2658,2024-07-01,2,Bangladesh,Female,35-44,Accepted,Subsidiary protection
2659,2023-02-01,10,Guinea,Female,45-54,Rejected,None
2660,2024-07-01,8,Nigeria,Male,18-24,Accepted,Subsidiary protection
2661,2024-06-01,1,Tunisia,Female,35-44,Rejected,None
2662,2022-11-01,7,Bangladesh,Female,25-34,Pending,None
2663,2025-06-01,1,Afghanistan,Female,35-44,Rejected,None
2664,2025-01-01,3,Georgia,Male,35-44,Withdrawn,None
2665,2023-10-01,7,Algeria,Male,25-34,Rejected,None
2666,2022-02-01,1,Morocco,Male,25-34,Pending,None
2667,2024-11-01,6,Syria,Male,25-34,Pending,None
2668,2022-11-01,1,Italy,Male,25-34,Accepted,Refugee status
2669,2024-12-01,8,Italy,Male,35-44,Accepted,Refugee status
2670,2023-08-01,2,Guinea,Male,25-34,Rejected,None
2671,2024-11-01,1,Tunisia,Female,25-34,Accepted,Temporary protection
2672,2025-07-01,1,Portugal,Male,25-34,Accepted,Refugee status
2673,2022-05-01,4,Turkey,Male,18-24,Pending,None
2674,2022-02-01,5,Ukraine,Male,25-34,Withdrawn,None
2675,2024-09-01,5,Afghanistan,Female,25-34,Pending,None
2676,2023-10-01,3,Italy,Male,45-54,Rejected,None
2677,2024-10-01,2,Portugal,Male,45-54,Rejected,None
2678,2022-06-01,4,Côte d'Ivoire,Female,18-24,Pending,None
2679,2025-06-01,1,Afghanistan,Male,35-44,Rejected,None
2680,2022-12-01,1,Senegal,Male,25-34,Pending,None
2681,2022-07-01,1,Afghanistan,Male,25-34,Pending,None
2682,2023-08-01,6,Bangladesh,Female,25-34,Accepted,Refugee status
2683,2025-04-01,2,Italy,Female,25-34,Rejected,None
2684,2022-05-01,1,Nigeria,Male,35-44,Accepted,Refugee status
2685,2024-01-01,8,Guinea,Male,25-34,Pending,None
2686,2025-04-01,2,China,Male,18-24,Accepted,Subsidiary protection
2687,2024-01-01,1,Morocco,Male,25-34,Accepted,Subsidiary protection
2688,2022-04-01,2,Senegal,Female,18-24,Pending,None
2689,2022-10-01,9,Georgia,Female,55+,Pending,None
2690,2024-05-01,7,Morocco,Male,25-34,Pending,None
2691,2024-08-01,4,China,Male,18-24,Accepted,Refugee status
2692,2022-08-01,6,Georgia,Male,25-34,Rejected,None
2693,2023-07-01,3,Bangladesh,Female,25-34,Rejected,None
2694,2022-06-01,7,Nigeria,Female,35-44,Pending,None
2695,2024-04-01,7,Senegal,Female,35-44,Rejected,None
2696,2023-11-01,1,Syria,Male,35-44,Accepted,Subsidiary protection
2697,2024-08-01,2,Turkey,Female,25-34,Pending,None
2698,2023-05-01,1,Nigeria,Male,45-54,Rejected,None
2699,2025-12-01,5,Tunisia,Female,18-24,Rejected,None
2700,2022-03-01,1,Nigeria,Female,25-34,Accepted,Subsidiary protection
2701,2022-12-01,3,India,Female,45-54,Pending,None
2702,2022-04-01,10,Morocco,Male,25-34,Pending,None
2703,2025-06-01,3,Guinea,Female,55+,Accepted,Subsidiary protection
2704,2023-03-01,1,Syria,Female,35-44,Rejected,None
2705,2022-02-01,1,Nigeria,Male,25-34,Rejected,None
2706,2025-02-01,9,Afghanistan,Male,35-44,Pending,None
2707,2025-07-01,6,Nigeria,Male,45-54,Accepted,Refugee status
2708,2025-05-01,6,Nigeria,Male,45-54,Accepted,Refugee status
2709,2022-11-01,2,Georgia,Female,25-34,Pending,None
2710,2022-04-01,3,India,Male,35-44,Rejected,None
2711,2023-03-01,4,Syria,Male,25-34,Accepted,Refugee status
2712,2022-09-01,6,Turkey,Male,18-24,Rejected,None
2713,2025-01-01,3,China,Male,25-34,Pending,None
2714,2023-05-01,1,Turkey,Female,25-34,Pending,None
2715,2023-10-01,4,Italy,Male,25-34,Accepted,Refugee status
2716,2024-08-01,5,Ukraine,Female,45-54,Accepted,Refugee status
2717,2023-10-01,1,Bangladesh,Male,25-34,Accepted,Temporary protection
2718,2023-02-01,3,Côte d'Ivoire,Male,18-24,Rejected,None
2719,2022-11-01,2,Senegal,Male,25-34,Rejected,None
2720,2022-11-01,8,Côte d'Ivoire,Male,35-44,Rejected,None
2721,2022-07-01,2,Tunisia,Male,25-34,Pending,None
2722,2024-05-01,5,Spain,Female,45-54,Accepted,Temporary protection
2723,2022-11-01,3,Bangladesh,Female,18-24,Accepted,Refugee status
2724,2024-09-01,7,Spain,Male,25-34,Accepted,Subsidiary protection
2725,2023-06-01,9,Afghanistan,Female,45-54,Pending,None
2726,2023-12-01,1,Afghanistan,Male,35-44,Withdrawn,None
2727,2025-05-01,1,China,Male,35-44,Pending,None
2728,2024-09-01,6,Spain,Male,18-24,Withdrawn,None
2729,2023-02-01,5,Guinea,Female,18-24,Rejected,None
2730,2022-01-01,4,Bangladesh,Male,25-34,Accepted,Refugee status
2731,2024-11-01,2,Ukraine,Male,45-54,Pending,None
2732,2023-04-01,6,Bangladesh,Female,18-24,Accepted,Refugee status
2733,2022-04-01,6,India,Female,45-54,Pending,None
2734,2024-06-01,2,Tunisia,Male,35-44,Withdrawn,None
2735,2025-03-01,1,Senegal,Male,55+,Pending,None
2736,2024-08-01,10,Côte d'Ivoire,Male,18-24,Accepted,Subsidiary protection
2737,2025-04-01,2,Nigeria,Male,18-24,Accepted,Refugee status
2738,2022-10-01,1,Georgia,Male,25-34,Pending,None
2739,2025-06-01,10,Turkey,Male,25-34,Accepted,Refugee status
2740,2023-04-01,6,Senegal,Male,45-54,Rejected,None
2741,2024-02-01,4,Georgia,Female,45-54,Pending,None
2742,2022-11-01,6,Algeria,Female,25-34,Pending,None
2743,2024-06-01,1,Bangladesh,Male,35-44,Accepted,Refugee status
2744,2025-08-01,4,Senegal,Male,45-54,Accepted,Subsidiary protection
2745,2025-11-01,1,Tunisia,Male,25-34,Accepted,Subsidiary protection
2746,2023-03-01,8,Algeria,Female,25-34,Pending,None
2747,2023-08-01,1,Turkey,Female,45-54,Accepted,Refugee status
2748,2025-07-01,1,Tunisia,Male,45-54,Pending,None
2749,2023-03-01,1,Afghanistan,Female,55+,Pending,None
2750,2025-07-01,2,Ukraine,Male,35-44,Accepted,Refugee status
2751,2024-02-01,1,Ukraine,Female,25-34,Accepted,Refugee status
2752,2024-02-01,4,Portugal,Male,35-44,Accepted,Refugee status
2753,2025-09-01,6,Syria,Female,18-24,Pending,None
2754,2025-06-01,1,Nigeria,Male,45-54,Rejected,None
2755,2025-09-01,8,Morocco,Male,25-34,Pending,None
2756,2022-04-01,8,Senegal,Male,25-34,Pending,None
2757,2022-06-01,1,Côte d'Ivoire,Female,35-44,Rejected,None
2758,2022-07-01,1,Italy,Female,18-24,Withdrawn,None
2759,2024-02-01,4,Spain,Female,25-34,Withdrawn,None
2760,2023-08-01,1,Portugal,Male,25-34,Accepted,Refugee status
2761,2022-11-01,3,Syria,Female,18-24,Pending,None
2762,2024-10-01,4,Afghanistan,Male,18-24,Rejected,None
2763,2022-11-01,5,China,Female,18-24,Rejected,None
2764,2025-11-01,6,Georgia,Male,35-44,Withdrawn,None
2765,2023-06-01,8,Guinea,Female,25-34,Accepted,Subsidiary protection
2766,2023-11-01,4,Ukraine,Male,18-24,Accepted,Subsidiary protection
2767,2022-03-01,1,Senegal,Female,25-34,Pending,None
2768,2022-01-01,1,Afghanistan,Male,35-44,Pending,None
2769,2022-08-01,4,Ukraine,Male,25-34,Rejected,None
2770,2022-09-01,6,Georgia,Female,25-34,Withdrawn,None
2771,2022-05-01,6,Côte d'Ivoire,Male,35-44,Accepted,Subsidiary protection
2772,2023-10-01,3,Afghanistan,Female,55+,Pending,None
2773,2024-10-01,4,Senegal,Male,18-24,Accepted,Refugee status
2774,2024-10-01,10,Afghanistan,Male,25-34,Pending,None
2775,2025-03-01,2,Turkey,Male,25-34,Withdrawn,None
2776,2024-05-01,1,Georgia,Female,45-54,Pending,None
2777,2022-07-01,10,Italy,Female,25-34,Pending,None
2778,2025-07-01,9,Morocco,Male,35-44,Accepted,Subsidiary protection
2779,2025-05-01,1,Georgia,Female,25-34,Accepted,Subsidiary protection
2780,2023-01-01,2,Algeria,Male,25-34,Rejected,None
2781,2025-06-01,6,Georgia,Male,55+,Accepted,Refugee status
2782,2024-02-01,1,Portugal,Female,18-24,Rejected,None
2783,2023-07-01,1,Ukraine,Female,25-34,Accepted,Refugee status
2784,2022-07-01,1,Turkey,Female,55+,Pending,None
2785,2025-09-01,4,Tunisia,Male,25-34,Pending,None
2786,2024-07-01,1,Nigeria,Male,18-24,Accepted,Temporary protection
2787,2023-09-01,1,Georgia,Male,25-34,Accepted,Subsidiary protection
2788,2025-01-01,1,Côte d'Ivoire,Female,45-54,Accepted,Subsidiary protection
2789,2025-02-01,6,Ukraine,Male,55+,Pending,None
2790,2024-01-01,7,China,Male,35-44,Pending,None
2791,2022-11-01,6,Guinea,Male,55+,Pending,None
2792,2023-10-01,1,Algeria,Female,18-24,Rejected,None
2793,2024-06-01,9,Bangladesh,Female,35-44,Accepted,Subsidiary protection
2794,2022-09-01,10,Ukraine,Male,25-34,Pending,None
2795,2022-06-01,1,Côte d'Ivoire,Male,18-24,Accepted,Refugee status
2796,2025-09-01,10,Syria,Male,35-44,Withdrawn,None
2797,2024-04-01,2,Italy,Female,25-34,Pending,None
2798,2024-06-01,1,Ukraine,Male,35-44,Pending,None
2799,2023-10-01,4,Spain,Female,45-54,Accepted,Refugee status
2800,2025-04-01,3,Algeria,Female,25-34,Pending,None
2801,2023-06-01,8,Ukraine,Male,18-24,Pending,None
2802,2022-02-01,2,Ukraine,Male,45-54,Withdrawn,None
2803,2025-01-01,6,Algeria,Male,35-44,Rejected,None
2804,2023-01-01,7,Côte d'Ivoire,Male,25-34,Rejected,None
2805,2025-01-01,1,Portugal,Male,25-34,Withdrawn,None
2806,2023-12-01,5,Nigeria,Female,35-44,Pending,None
2807,2023-06-01,3,Turkey,Female,18-24,Rejected,None
2808,2024-02-01,1,Turkey,Female,18-24,Withdrawn,None
2809,2023-10-01,2,Spain,Male,25-34,Accepted,Subsidiary protection
2810,2023-08-01,8,Ukraine,Male,18-24,Rejected,None
2811,2023-02-01,5,Côte d'Ivoire,Male,55+,Rejected,None
2812,2023-05-01,5,Nigeria,Male,25-34,Pending,None
2813,2023-04-01,1,Guinea,Female,35-44,Pending,None
2814,2023-10-01,5,Afghanistan,Female,35-44,Rejected,None
2815,2025-11-01,6,Côte d'Ivoire,Male,18-24,Accepted,Subsidiary protection
2816,2023-06-01,9,Italy,Female,18-24,Accepted,Refugee status
2817,2024-06-01,7,Georgia,Female,25-34,Pending,None
2818,2022-02-01,1,Italy,Male,25-34,Pending,None
2819,2022-01-01,9,India,Male,18-24,Pending,None
2820,2024-10-01,7,Spain,Male,45-54,Accepted,Refugee status
2821,2024-09-01,1,Nigeria,Female,35-44,Pending,None
2822,2025-02-01,6,Morocco,Male,25-34,Pending,None
2823,2024-03-01,1,Georgia,Male,18-24,Withdrawn,None
2824,2023-03-01,4,Nigeria,Male,18-24,Accepted,Temporary protection
2825,2022-05-01,1,Algeria,Female,35-44,Withdrawn,None
2826,2025-11-01,6,Afghanistan,Male,45-54,Pending,None
2827,2022-09-01,1,Turkey,Male,25-34,Accepted,Subsidiary protection
2828,2025-12-01,7,Italy,Male,25-34,Rejected,None
2829,2023-02-01,1,India,Male,25-34,Withdrawn,None
2830,2024-04-01,1,Bangladesh,Male,35-44,Rejected,None
2831,2022-05-01,1,Afghanistan,Male,45-54,Rejected,None
2832,2025-03-01,2,Senegal,Female,25-34,Pending,None
2833,2023-08-01,5,Algeria,Male,45-54,Pending,None
2834,2024-03-01,3,India,Female,25-34,Rejected,None
2835,2022-07-01,3,Côte d'Ivoire,Male,25-34,Accepted,Refugee status
2836,2023-01-01,8,Italy,Male,45-54,Pending,None
2837,2023-08-01,4,Spain,Male,25-34,Pending,None
2838,2022-04-01,3,Algeria,Male,18-24,Rejected,None
2839,2024-12-01,2,Tunisia,Female,18-24,Pending,None
2840,2023-05-01,10,Portugal,Female,25-34,Accepted,Refugee status
2841,2024-12-01,1,Tunisia,Male,18-24,Pending,None
2842,2022-09-01,1,India,Female,55+,Pending,None
2843,2022-02-01,3,Syria,Female,35-44,Accepted,Subsidiary protection
2844,2025-09-01,5,Italy,Male,25-34,Pending,None
2845,2022-11-01,1,Guinea,Male,35-44,Rejected,None
2846,2025-11-01,8,Bangladesh,Male,25-34,Pending,None
2847,2024-10-01,1,Côte d'Ivoire,Male,18-24,Rejected,None
2848,2024-02-01,5,Senegal,Male,25-34,Accepted,Refugee status
2849,2024-07-01,1,Guinea,Female,25-34,Accepted,Refugee status
2850,2024-04-01,8,Algeria,Female,18-24,Accepted,Temporary protection
2851,2023-07-01,2,Senegal,Male,35-44,Accepted,Subsidiary protection
2852,2025-09-01,1,Senegal,Male,25-34,Pending,None
2853,2022-03-01,1,Spain,Male,25-34,Pending,None
2854,2024-12-01,1,India,Male,35-44,Accepted,Temporary protection
2855,2024-06-01,2,Senegal,Female,35-44,Pending,None
2856,2022-08-01,1,Turkey,Male,55+,Rejected,None
2857,2024-08-01,4,Afghanistan,Female,45-54,Accepted,Refugee status
2858,2025-10-01,3,Guinea,Male,18-24,Pending,None
2859,2023-03-01,3,Turkey,Male,18-24,Pending,None
2860,2024-04-01,1,Guinea,Male,25-34,Pending,None
2861,2023-07-01,2,Spain,Male,25-34,Pending,None
2862,2022-01-01,10,Côte d'Ivoire,Male,45-54,Accepted,Refugee status
2863,2022-03-01,2,Afghanistan,Male,35-44,Pending,None
2864,2022-10-01,7,Spain,Female,25-34,Accepted,Temporary protection
2865,2024-07-01,1,China,Male,45-54,Pending,None
2866,2025-03-01,1,India,Male,25-34,Withdrawn,None
2867,2022-04-01,10,Nigeria,Male,35-44,Accepted,Temporary protection
2868,2022-07-01,5,Portugal,Female,35-44,Rejected,None
2869,2025-06-01,5,Georgia,Female,25-34,Accepted,Subsidiary protection
2870,2025-05-01,2,Italy,Male,25-34,Pending,None
2871,2024-02-01,6,Senegal,Female,18-24,Accepted,Refugee status
2872,2025-02-01,9,Tunisia,Male,18-24,Accepted,Subsidiary protection
2873,2022-11-01,1,Portugal,Female,25-34,Accepted,Refugee status
2874,2022-02-01,1,Syria,Female,35-44,Rejected,None
2875,2025-08-01,8,Syria,Male,25-34,Pending,None
2876,2023-04-01,1,Tunisia,Male,45-54,Pending,None
2877,2023-06-01,2,Turkey,Male,25-34,Rejected,None
2878,2024-01-01,1,Bangladesh,Female,25-34,Pending,None
2879,2024-06-01,2,Algeria,Female,25-34,Rejected,None
2880,2022-04-01,2,Spain,Male,18-24,Rejected,None
2881,2024-05-01,1,Syria,Female,25-34,Rejected,None
2882,2024-04-01,1,Senegal,Female,25-34,Pending,None
2883,2024-12-01,2,Portugal,Male,55+,Pending,None
2884,2025-12-01,3,Portugal,Female,35-44,Accepted,Temporary protection
2885,2024-11-01,6,Italy,Male,18-24,Pending,None
2886,2024-05-01,6,Afghanistan,Male,25-34,Rejected,None
2887,2025-07-01,1,Guinea,Female,45-54,Accepted,Subsidiary protection
2888,2023-12-01,2,Tunisia,Male,45-54,Accepted,Refugee status
2889,2022-03-01,7,Côte d'Ivoire,Male,45-54,Pending,None
2890,2025-06-01,4,Spain,Female,35-44,Accepted,Refugee status
2891,2025-11-01,8,Senegal,Male,25-34,Accepted,Refugee status
2892,2025-11-01,9,China,Male,35-44,Accepted,Subsidiary protection
2893,2025-08-01,1,Georgia,Female,35-44,Pending,None
2894,2025-08-01,1,Bangladesh,Male,45-54,Accepted,Refugee status
2895,2024-10-01,1,Syria,Male,45-54,Rejected,None
2896,2022-02-01,1,Nigeria,Female,25-34,Pending,None
2897,2024-12-01,5,Côte d'Ivoire,Male,25-34,Pending,None
2898,2022-05-01,1,Italy,Female,25-34,Rejected,None
2899,2022-08-01,9,Morocco,Female,45-54,Rejected,None
2900,2024-06-01,5,Senegal,Male,25-34,Pending,None
2901,2025-09-01,9,India,Female,18-24,Pending,None
2902,2022-11-01,4,Ukraine,Female,25-34,Rejected,None
2903,2022-08-01,1,Morocco,Female,35-44,Accepted,Subsidiary protection
2904,2024-02-01,1,Nigeria,Male,55+,Accepted,Refugee status
2905,2023-06-01,6,China,Female,25-34,Pending,None
2906,2025-05-01,1,Morocco,Male,35-44,Rejected,None
2907,2022-10-01,8,Nigeria,Male,25-34,Pending,None
2908,2025-10-01,1,Senegal,Male,25-34,Accepted,Subsidiary protection
2909,2023-01-01,4,Portugal,Male,25-34,Rejected,None
2910,2023-05-01,2,Ukraine,Male,35-44,Accepted,Subsidiary protection
2911,2024-09-01,4,Afghanistan,Female,45-54,Pending,None
2912,2025-05-01,7,Bangladesh,Male,35-44,Pending,None
2913,2023-12-01,1,Ukraine,Female,25-34,Rejected,None
2914,2024-01-01,9,China,Male,25-34,Rejected,None
2915,2024-07-01,4,Algeria,Male,45-54,Withdrawn,None
2916,2024-08-01,2,India,Female,45-54,Rejected,None
2917,2025-02-01,10,Italy,Male,35-44,Accepted,Refugee status
2918,2022-07-01,7,Georgia,Male,35-44,Rejected,None
2919,2025-10-01,1,Guinea,Male,35-44,Accepted,Refugee status
2920,2022-04-01,1,India,Male,25-34,Rejected,None
2921,2022-12-01,9,Portugal,Male,25-34,Accepted,Refugee status
2922,2025-02-01,4,Afghanistan,Male,55+,Accepted,Temporary protection
2923,2023-02-01,3,Côte d'Ivoire,Male,25-34,Pending,None
2924,2024-05-01,1,Spain,Female,25-34,Accepted,Refugee status
2925,2022-08-01,4,Tunisia,Female,18-24,Accepted,Refugee status
2926,2025-04-01,1,Morocco,Male,25-34,Accepted,Subsidiary protection
2927,2023-03-01,1,India,Male,25-34,Accepted,Refugee status
2928,2022-06-01,2,Italy,Male,25-34,Rejected,None
2929,2022-06-01,1,Algeria,Male,55+,Rejected,None
2930,2022-09-01,4,Turkey,Male,45-54,Accepted,Subsidiary protection
2931,2024-12-01,5,Georgia,Male,55+,Rejected,None
2932,2022-04-01,5,Bangladesh,Male,25-34,Accepted,Refugee status
2933,2024-05-01,1,Tunisia,Male,35-44,Accepted,Temporary protection
2934,2024-08-01,1,Syria,Male,25-34,Rejected,None
2935,2023-04-01,6,Georgia,Male,25-34,Pending,None
2936,2024-06-01,4,Turkey,Male,25-34,Rejected,None
2937,2023-03-01,1,Portugal,Female,25-34,Pending,None
2938,2023-09-01,6,Nigeria,Female,25-34,Rejected,None
2939,2022-02-01,2,Portugal,Female,25-34,Rejected,None
2940,2022-07-01,1,Nigeria,Male,25-34,Accepted,Subsidiary protection
2941,2022-05-01,6,China,Male,18-24,Pending,None
2942,2022-02-01,2,Bangladesh,Male,45-54,Pending,None
2943,2023-05-01,3,Senegal,Male,25-34,Pending,None
2944,2023-01-01,8,Guinea,Male,35-44,Rejected,None
2945,2023-01-01,1,Algeria,Male,18-24,Accepted,Subsidiary protection
2946,2022-01-01,4,Senegal,Female,25-34,Pending,None
2947,2025-02-01,1,Morocco,Male,18-24,Accepted,Refugee status
2948,2025-10-01,10,Italy,Male,55+,Pending,None
2949,2024-12-01,1,Algeria,Male,45-54,Rejected,None
2950,2022-09-01,9,Georgia,Male,45-54,Pending,None
2951,2025-02-01,2,Bangladesh,Male,25-34,Rejected,None
2952,2023-01-01,7,Italy,Female,25-34,Rejected,None
2953,2023-03-01,6,Nigeria,Male,45-54,Pending,None
2954,2025-03-01,1,Morocco,Male,25-34,Pending,None
2955,2022-11-01,5,Ukraine,Male,18-24,Accepted,Refugee status
2956,2025-12-01,1,Côte d'Ivoire,Female,25-34,Rejected,None
2957,2025-06-01,1,Syria,Male,45-54,Pending,None
2958,2024-06-01,1,Italy,Male,18-24,Accepted,Refugee status
2959,2024-01-01,6,Guinea,Male,18-24,Accepted,Temporary protection
2960,2023-01-01,1,Algeria,Male,25-34,Pending,None
2961,2024-08-01,5,Ukraine,Male,25-34,Pending,None
2962,2023-10-01,6,Afghanistan,Male,25-34,Accepted,Temporary protection
2963,2024-08-01,1,Portugal,Female,25-34,Pending,None
2964,2022-03-01,1,Italy,Female,35-44,Accepted,Refugee status
2965,2023-06-01,4,Morocco,Male,18-24,Rejected,None
2966,2022-06-01,1,Afghanistan,Male,35-44,Rejected,None
2967,2023-08-01,1,Morocco,Male,25-34,Accepted,Temporary protection
2968,2024-11-01,1,Tunisia,Male,25-34,Pending,None
2969,2022-06-01,1,Bangladesh,Male,35-44,Accepted,Subsidiary protection
2970,2025-04-01,5,Tunisia,Female,35-44,Pending,None
2971,2025-04-01,1,Morocco,Female,35-44,Accepted,Subsidiary protection
2972,2023-01-01,9,Bangladesh,Male,25-34,Pending,None
2973,2022-10-01,6,Côte d'Ivoire,Male,45-54,Pending,None
2974,2024-12-01,10,Tunisia,Female,35-44,Pending,None
2975,2025-01-01,5,Italy,Male,25-34,Pending,None
2976,2024-07-01,1,Senegal,Female,25-34,Rejected,None
2977,2022-08-01,1,Tunisia,Male,25-34,Withdrawn,None
2978,2024-01-01,1,Nigeria,Male,35-44,Rejected,None
2979,2023-01-01,6,India,Female,25-34,Pending,None
2980,2023-02-01,5,Côte d'Ivoire,Male,25-34,Accepted,Temporary protection
2981,2024-04-01,1,Nigeria,Male,45-54,Accepted,Temporary protection
2982,2025-12-01,5,Ukraine,Male,25-34,Rejected,None
2983,2022-10-01,1,Ukraine,Female,18-24,Rejected,None
2984,2022-12-01,5,India,Male,55+,Pending,None
2985,2022-12-01,1,Senegal,Male,25-34,Accepted,Subsidiary protection
2986,2022-11-01,1,Morocco,Male,25-34,Pending,None
2987,2025-10-01,3,India,Female,25-34,Accepted,Subsidiary protection
2988,2022-06-01,10,Syria,Male,25-34,Withdrawn,None
2989,2022-10-01,5,Bangladesh,Female,25-34,Rejected,None
2990,2024-08-01,2,Algeria,Female,25-34,Pending,None
2991,2023-05-01,3,Tunisia,Male,35-44,Rejected,None
2992,2025-08-01,2,Afghanistan,Male,25-34,Pending,None
2993,2024-05-01,1,Italy,Female,35-44,Pending,None
2994,2022-07-01,5,Morocco,Female,35-44,Rejected,None
2995,2023-12-01,1,Senegal,Female,55+,Rejected,None
2996,2022-06-01,4,Georgia,Male,25-34,Pending,None
2997,2023-09-01,1,Italy,Male,25-34,Rejected,None
2998,2025-08-01,7,Algeria,Male,45-54,Pending,None
2999,2023-12-01,1,Bangladesh,Female,55+,Accepted,Subsidiary protection
3000,2024-08-01,1,Algeria,Female,35-44,Withdrawn,None
3001,2023-07-01,2,Italy,Male,25-34,Rejected,None
3002,2025-11-01,6,Morocco,Female,55+,Accepted,Refugee status
3003,2024-05-01,10,Bangladesh,Female,25-34,Accepted,Refugee status
3004,2024-11-01,1,Nigeria,Male,25-34,Rejected,None
3005,2025-03-01,1,Italy,Male,35-44,Withdrawn,None
3006,2025-02-01,5,Spain,Male,25-34,Pending,None
3007,2025-10-01,1,China,Female,18-24,Pending,None
3008,2023-11-01,1,Georgia,Female,35-44,Accepted,Subsidiary protection
3009,2022-08-01,1,Guinea,Male,35-44,Accepted,Refugee status
3010,2022-12-01,1,Georgia,Male,45-54,Pending,None
3011,2022-12-01,4,Turkey,Male,18-24,Accepted,Refugee status
3012,2024-04-01,3,Côte d'Ivoire,Female,25-34,Pending,None
3013,2022-05-01,1,Syria,Male,35-44,Withdrawn,None
3014,2023-06-01,1,Afghanistan,Male,35-44,Pending,None
3015,2024-12-01,1,Spain,Male,45-54,Rejected,None
3016,2023-11-01,8,Georgia,Male,25-34,Withdrawn,None
3017,2023-05-01,3,China,Male,25-34,Accepted,Refugee status
3018,2024-01-01,8,Spain,Female,25-34,Pending,None
3019,2022-07-01,10,Bangladesh,Female,25-34,Rejected,None
3020,2022-02-01,3,Portugal,Male,35-44,Accepted,Subsidiary protection
3021,2024-11-01,9,Portugal,Male,25-34,Accepted,Refugee status
3022,2024-06-01,1,Bangladesh,Female,25-34,Pending,None
3023,2024-09-01,1,Afghanistan,Male,35-44,Accepted,Temporary protection
3024,2023-06-01,5,Guinea,Male,25-34,Accepted,Subsidiary protection
3025,2022-11-01,1,Senegal,Male,45-54,Rejected,None
3026,2025-03-01,4,Georgia,Female,18-24,Withdrawn,None
3027,2024-12-01,8,Côte d'Ivoire,Male,25-34,Accepted,Refugee status
3028,2022-03-01,10,Georgia,Male,18-24,Pending,None
3029,2025-11-01,4,China,Male,25-34,Accepted,Refugee status
3030,2024-03-01,6,Spain,Male,45-54,Pending,None
3031,2023-03-01,4,Guinea,Male,35-44,Pending,None
3032,2023-06-01,2,Tunisia,Female,25-34,Accepted,Refugee status
3033,2024-03-01,2,Spain,Male,25-34,Pending,None
3034,2022-05-01,4,Syria,Male,18-24,Pending,None
3035,2022-04-01,2,Algeria,Female,25-34,Pending,None
3036,2023-08-01,6,Tunisia,Female,25-34,Pending,None
3037,2025-10-01,1,Bangladesh,Male,18-24,Rejected,None
3038,2023-08-01,6,China,Female,45-54,Accepted,Refugee status
3039,2025-06-01,3,Côte d'Ivoire,Male,35-44,Rejected,None
3040,2025-01-01,1,Tunisia,Female,45-54,Rejected,None
3041,2025-05-01,7,Spain,Female,25-34,Rejected,None
3042,2022-08-01,4,Italy,Female,25-34,Pending,None
3043,2025-12-01,6,Georgia,Male,25-34,Accepted,Refugee status
3044,2025-04-01,1,China,Female,45-54,Accepted,Refugee status
3045,2025-06-01,1,Tunisia,Male,25-34,Accepted,Subsidiary protection
3046,2022-03-01,8,Guinea,Male,18-24,Pending,None
3047,2023-01-01,3,Bangladesh,Female,35-44,Pending,None
3048,2024-01-01,1,Georgia,Male,25-34,Accepted,Refugee status
3049,2024-07-01,3,Spain,Male,25-34,Rejected,None
3050,2024-08-01,2,Syria,Female,45-54,Accepted,Refugee status
3051,2025-11-01,10,Turkey,Male,45-54,Pending,None
3052,2022-01-01,1,China,Male,25-34,Accepted,Temporary protection
3053,2023-01-01,4,Turkey,Female,35-44,Rejected,None
3054,2022-04-01,1,Turkey,Male,25-34,Rejected,None
3055,2024-02-01,1,India,Male,25-34,Rejected,None
3056,2023-02-01,5,China,Male,35-44,Accepted,Temporary protection
3057,2024-06-01,1,Syria,Male,25-34,Accepted,Refugee status
3058,2023-07-01,1,Italy,Male,18-24,Accepted,Subsidiary protection
3059,2023-01-01,3,India,Male,35-44,Pending,None
3060,2023-05-01,2,Portugal,Male,25-34,Accepted,Refugee status
3061,2024-07-01,9,Nigeria,Female,25-34,Rejected,None
3062,2025-11-01,5,Syria,Male,18-24,Accepted,Subsidiary protection
3063,2022-09-01,1,Turkey,Male,55+,Accepted,Subsidiary protection
3064,2022-09-01,1,China,Male,45-54,Pending,None
3065,2025-11-01,4,Italy,Male,35-44,Accepted,Subsidiary protection
3066,2025-07-01,1,Algeria,Female,25-34,Pending,None
3067,2025-07-01,1,Nigeria,Male,18-24,Accepted,Subsidiary protection
3068,2025-10-01,10,Guinea,Female,55+,Accepted,Temporary protection
3069,2022-11-01,6,Syria,Male,25-34,Pending,None
3070,2022-09-01,1,Turkey,Male,35-44,Pending,None
3071,2024-08-01,1,Italy,Male,25-34,Pending,None
3072,2025-01-01,7,Afghanistan,Male,25-34,Pending,None
3073,2025-04-01,4,Italy,Male,25-34,Accepted,Refugee status
3074,2025-12-01,1,Côte d'Ivoire,Male,25-34,Rejected,None
3075,2025-08-01,3,Nigeria,Female,35-44,Pending,None
3076,2022-12-01,8,Tunisia,Male,35-44,Pending,None
3077,2023-03-01,1,Algeria,Male,18-24,Accepted,Subsidiary protection
3078,2024-01-01,6,India,Female,45-54,Pending,None
3079,2023-03-01,8,Tunisia,Female,35-44,Rejected,None
3080,2025-01-01,3,Senegal,Male,35-44,Rejected,None
3081,2025-04-01,10,Morocco,Male,25-34,Rejected,None
3082,2024-12-01,1,Turkey,Female,35-44,Accepted,Refugee status
3083,2022-01-01,6,Turkey,Male,35-44,Rejected,None
3084,2025-04-01,2,Portugal,Female,25-34,Accepted,Refugee status
3085,2023-02-01,2,Nigeria,Male,18-24,Rejected,None
3086,2023-05-01,5,India,Male,25-34,Accepted,Subsidiary protection
3087,2024-03-01,4,Turkey,Male,35-44,Accepted,Refugee status
3088,2022-06-01,2,Bangladesh,Male,25-34,Rejected,None
3089,2024-12-01,2,China,Male,45-54,Rejected,None
3090,2024-09-01,3,Georgia,Male,45-54,Accepted,Refugee status
3091,2023-10-01,10,Georgia,Male,35-44,Withdrawn,None
3092,2023-05-01,7,Nigeria,Male,18-24,Accepted,Refugee status
3093,2023-02-01,2,Afghanistan,Female,25-34,Accepted,Temporary protection
3094,2024-08-01,2,Afghanistan,Male,55+,Accepted,Refugee status
3095,2025-12-01,8,Afghanistan,Male,25-34,Rejected,None
3096,2023-11-01,6,China,Male,18-24,Withdrawn,None
3097,2025-11-01,5,Senegal,Male,25-34,Rejected,None
3098,2023-11-01,6,Tunisia,Male,25-34,Accepted,Refugee status
3099,2022-01-01,1,Georgia,Male,35-44,Accepted,Refugee status
3100,2025-07-01,1,Morocco,Male,45-54,Pending,None
3101,2023-05-01,1,China,Male,25-34,Rejected,None
3102,2024-07-01,3,Italy,Male,35-44,Withdrawn,None
3103,2023-11-01,6,Syria,Male,35-44,Rejected,None
3104,2024-06-01,7,Turkey,Female,35-44,Accepted,Temporary protection
3105,2025-01-01,8,Afghanistan,Male,18-24,Accepted,Refugee status
3106,2025-11-01,1,India,Female,35-44,Accepted,Subsidiary protection
3107,2025-11-01,6,Algeria,Female,35-44,Pending,None
3108,2023-01-01,10,Bangladesh,Male,18-24,Withdrawn,None
3109,2022-02-01,1,Tunisia,Male,45-54,Pending,None
3110,2024-10-01,1,Italy,Female,25-34,Rejected,None
3111,2022-10-01,8,India,Male,35-44,Accepted,Refugee status
3112,2023-06-01,1,Nigeria,Male,35-44,Rejected,None
3113,2025-01-01,6,Guinea,Male,35-44,Rejected,None
3114,2024-05-01,2,Nigeria,Female,18-24,Accepted,Subsidiary protection
3115,2024-05-01,2,Senegal,Male,35-44,Accepted,Temporary protection
3116,2025-04-01,9,Guinea,Female,25-34,Pending,None
3117,2024-07-01,2,Italy,Female,25-34,Pending,None
3118,2025-09-01,2,Italy,Female,18-24,Accepted,Refugee status
3119,2022-10-01,1,Nigeria,Female,25-34,Accepted,Refugee status
3120,2023-09-01,1,Ukraine,Male,35-44,Accepted,Refugee status
3121,2023-10-01,2,Nigeria,Female,25-34,Accepted,Refugee status
3122,2025-04-01,5,Tunisia,Male,18-24,Pending,None
3123,2025-05-01,1,Senegal,Male,55+,Rejected,None
3124,2023-05-01,2,Ukraine,Female,25-34,Rejected,None
3125,2025-09-01,2,Côte d'Ivoire,Male,25-34,Withdrawn,None
3126,2024-08-01,7,Georgia,Male,45-54,Pending,None
3127,2022-12-01,1,Syria,Male,25-34,Pending,None
3128,2025-07-01,8,Spain,Male,25-34,Pending,None
3129,2022-09-01,9,Tunisia,Female,18-24,Withdrawn,None
3130,2024-09-01,1,Spain,Male,35-44,Accepted,Temporary protection
3131,2025-09-01,2,India,Female,35-44,Rejected,None
3132,2024-10-01,6,Portugal,Female,25-34,Rejected,None
3133,2024-01-01,1,Côte d'Ivoire,Female,35-44,Pending,None
3134,2025-05-01,7,Bangladesh,Female,18-24,Accepted,Refugee status
3135,2022-10-01,10,Algeria,Male,25-34,Accepted,Subsidiary protection
3136,2023-01-01,5,Syria,Female,35-44,Accepted,Refugee status
3137,2024-07-01,1,Ukraine,Female,45-54,Withdrawn,None
3138,2024-12-01,1,Tunisia,Male,35-44,Pending,None
3139,2023-02-01,2,Ukraine,Male,35-44,Rejected,None
3140,2024-07-01,1,Senegal,Male,35-44,Pending,None
3141,2025-02-01,6,Senegal,Male,18-24,Rejected,None
3142,2024-03-01,3,Portugal,Female,25-34,Pending,None
3143,2022-08-01,5,China,Male,35-44,Accepted,Refugee status
3144,2025-11-01,4,Ukraine,Female,35-44,Rejected,None
3145,2023-06-01,1,Georgia,Male,35-44,Accepted,Subsidiary protection
3146,2023-08-01,6,China,Male,25-34,Withdrawn,None
3147,2024-04-01,7,Tunisia,Male,25-34,Rejected,None
3148,2022-12-01,3,China,Female,35-44,Pending,None
3149,2022-04-01,4,Morocco,Male,25-34,Accepted,Subsidiary protection
3150,2025-05-01,1,Tunisia,Male,25-34,Pending,None
3151,2025-01-01,5,Afghanistan,Male,18-24,Pending,None
3152,2022-09-01,9,Morocco,Male,25-34,Pending,None
3153,2024-01-01,6,Nigeria,Male,35-44,Pending,None
3154,2024-12-01,1,Bangladesh,Female,25-34,Rejected,None
3155,2025-12-01,1,China,Male,35-44,Withdrawn,None
3156,2025-09-01,9,Côte d'Ivoire,Female,55+,Pending,None
3157,2022-04-01,5,Bangladesh,Male,25-34,Rejected,None
3158,2025-04-01,1,Bangladesh,Male,35-44,Pending,None
3159,2022-07-01,4,India,Female,25-34,Accepted,Refugee status
3160,2024-07-01,1,Italy,Female,25-34,Pending,None
3161,2024-05-01,9,Algeria,Female,25-34,Pending,None
3162,2025-09-01,2,India,Male,25-34,Accepted,Temporary protection
3163,2024-04-01,1,Senegal,Male,35-44,Rejected,None
3164,2023-12-01,1,Syria,Male,35-44,Accepted,Refugee status
3165,2024-06-01,1,Ukraine,Male,25-34,Rejected,None
3166,2022-04-01,5,Syria,Male,18-24,Pending,None
3167,2022-02-01,5,Algeria,Male,45-54,Accepted,Temporary protection
3168,2024-12-01,5,Ukraine,Female,55+,Pending,None
3169,2023-12-01,1,Nigeria,Male,25-34,Pending,None
3170,2024-11-01,7,Morocco,Male,45-54,Pending,None
3171,2023-12-01,7,Portugal,Female,45-54,Pending,None
3172,2025-06-01,4,Bangladesh,Male,25-34,Rejected,None
3173,2023-03-01,4,Algeria,Male,25-34,Accepted,Refugee status
3174,2023-08-01,1,Afghanistan,Female,18-24,Rejected,None
3175,2023-01-01,8,Italy,Female,25-34,Pending,None
3176,2022-07-01,1,Senegal,Male,25-34,Pending,None
3177,2022-06-01,7,Côte d'Ivoire,Female,18-24,Accepted,Refugee status
3178,2022-05-01,2,Turkey,Male,25-34,Pending,None
3179,2022-05-01,1,Spain,Female,18-24,Pending,None
3180,2023-05-01,1,Tunisia,Male,25-34,Pending,None
3181,2023-10-01,10,Portugal,Male,45-54,Rejected,None
3182,2025-03-01,4,Senegal,Female,35-44,Accepted,Temporary protection
3183,2025-04-01,2,Morocco,Male,35-44,Pending,None
3184,2024-02-01,9,Afghanistan,Female,25-34,Accepted,Refugee status
3185,2024-05-01,3,Turkey,Male,25-34,Rejected,None
3186,2022-09-01,7,Algeria,Male,25-34,Pending,None
3187,2023-01-01,8,Syria,Male,25-34,Pending,None
3188,2022-12-01,6,Senegal,Male,35-44,Withdrawn,None
3189,2023-12-01,1,Turkey,Male,25-34,Rejected,None
3190,2023-05-01,9,Morocco,Male,25-34,Accepted,Subsidiary protection
3191,2022-11-01,5,China,Female,25-34,Pending,None
3192,2023-12-01,2,Spain,Female,18-24,Pending,None
3193,2022-06-01,6,Tunisia,Female,18-24,Rejected,None
3194,2025-05-01,1,Spain,Male,18-24,Rejected,None
3195,2025-01-01,1,Syria,Female,45-54,Accepted,Subsidiary protection
3196,2025-12-01,5,Tunisia,Male,55+,Pending,None
3197,2023-01-01,5,Nigeria,Female,18-24,Pending,None
3198,2024-05-01,3,Algeria,Male,25-34,Rejected,None
3199,2025-03-01,5,Portugal,Female,25-34,Rejected,None
3200,2023-07-01,9,Morocco,Male,25-34,Accepted,Refugee status
3201,2025-09-01,1,Guinea,Female,25-34,Accepted,Subsidiary protection
3202,2022-09-01,2,Spain,Male,55+,Rejected,None
3203,2022-09-01,1,India,Female,25-34,Rejected,None
3204,2024-01-01,9,Georgia,Male,25-34,Pending,None
3205,2023-06-01,1,Nigeria,Female,25-34,Withdrawn,None
3206,2024-06-01,2,Côte d'Ivoire,Male,25-34,Pending,None
3207,2025-05-01,8,Italy,Male,25-34,Accepted,Subsidiary protection
3208,2023-04-01,5,Guinea,Male,18-24,Pending,None
3209,2024-12-01,1,China,Female,45-54,Rejected,None
3210,2023-04-01,10,Guinea,Female,25-34,Accepted,Refugee status
3211,2022-03-01,1,Guinea,Male,35-44,Pending,None
3212,2025-04-01,3,Côte d'Ivoire,Male,25-34,Accepted,Refugee status
3213,2024-02-01,1,Côte d'Ivoire,Male,18-24,Accepted,Refugee status
3214,2024-08-01,5,China,Female,55+,Accepted,Refugee status
3215,2023-06-01,1,Afghanistan,Male,25-34,Pending,None
3216,2023-10-01,7,Georgia,Male,35-44,Pending,None
3217,2025-04-01,4,Morocco,Male,45-54,Withdrawn,None
3218,2024-03-01,1,India,Male,25-34,Pending,None
3219,2022-08-01,8,Ukraine,Male,25-34,Accepted,Refugee status
3220,2024-01-01,6,Bangladesh,Female,25-34,Pending,None
3221,2022-07-01,3,Portugal,Female,18-24,Rejected,None
3222,2022-09-01,3,Algeria,Female,18-24,Accepted,Subsidiary protection
3223,2025-12-01,3,Syria,Male,35-44,Rejected,None
3224,2025-06-01,4,Côte d'Ivoire,Male,45-54,Accepted,Refugee status
3225,2025-06-01,8,Italy,Male,35-44,Accepted,Refugee status
3226,2022-05-01,1,Italy,Male,25-34,Withdrawn,None
3227,2025-12-01,2,India,Female,18-24,Rejected,None
3228,2022-11-01,6,Côte d'Ivoire,Male,25-34,Rejected,None
3229,2022-09-01,10,Georgia,Male,45-54,Rejected,None
3230,2024-03-01,1,Nigeria,Male,25-34,Accepted,Subsidiary protection
3231,2023-07-01,1,Morocco,Male,25-34,Rejected,None
3232,2023-11-01,7,Algeria,Male,55+,Accepted,Refugee status
3233,2025-06-01,10,Afghanistan,Male,55+,Rejected,None
3234,2024-05-01,6,Italy,Female,25-34,Withdrawn,None
3235,2023-03-01,4,Algeria,Male,55+,Accepted,Temporary protection
3236,2025-09-01,1,Syria,Male,25-34,Accepted,Subsidiary protection
3237,2024-10-01,9,Bangladesh,Female,45-54,Pending,None
3238,2023-02-01,6,Tunisia,Female,25-34,Rejected,None
3239,2022-03-01,5,Nigeria,Male,18-24,Rejected,None
3240,2022-08-01,8,Côte d'Ivoire,Male,35-44,Rejected,None
3241,2022-10-01,8,Turkey,Male,25-34,Accepted,Temporary protection
3242,2022-06-01,1,Turkey,Male,55+,Rejected,None
3243,2025-09-01,1,Guinea,Male,25-34,Pending,None
3244,2022-03-01,1,China,Female,25-34,Accepted,Temporary protection
3245,2025-10-01,9,Georgia,Female,25-34,Accepted,Refugee status
3246,2025-02-01,4,Syria,Male,35-44,Accepted,Subsidiary protection
3247,2022-04-01,5,Syria,Female,18-24,Pending,None
3248,2023-10-01,2,Bangladesh,Male,35-44,Pending,None
3249,2022-01-01,2,Côte d'Ivoire,Male,25-34,Rejected,None
3250,2023-01-01,1,Spain,Female,25-34,Accepted,Refugee status
3251,2023-01-01,9,Côte d'Ivoire,Female,18-24,Pending,None
3252,2024-09-01,2,Guinea,Male,18-24,Rejected,None
3253,2022-10-01,7,China,Female,25-34,Pending,None
3254,2025-02-01,1,Ukraine,Female,35-44,Pending,None
3255,2024-10-01,1,Georgia,Female,25-34,Pending,None
3256,2025-09-01,1,Algeria,Male,18-24,Pending,None
3257,2024-03-01,1,Tunisia,Male,25-34,Rejected,None
3258,2023-08-01,5,Bangladesh,Female,35-44,Rejected,None
3259,2024-11-01,1,Italy,Male,45-54,Rejected,None
3260,2024-10-01,4,Nigeria,Male,25-34,Accepted,Subsidiary protection
3261,2022-11-01,1,Algeria,Male,25-34,Accepted,Refugee status
3262,2023-01-01,10,Guinea,Female,25-34,Rejected,None
3263,2024-07-01,1,Ukraine,Female,25-34,Rejected,None
3264,2025-06-01,6,China,Male,35-44,Accepted,Refugee status
3265,2024-02-01,8,Spain,Male,25-34,Accepted,Refugee status
3266,2025-08-01,10,Tunisia,Male,45-54,Pending,None
3267,2024-03-01,5,Spain,Male,35-44,Pending,None
3268,2024-07-01,4,Morocco,Female,25-34,Pending,None
3269,2023-06-01,4,Nigeria,Male,45-54,Rejected,None
3270,2024-08-01,6,Turkey,Female,45-54,Accepted,Temporary protection
3271,2022-04-01,8,Morocco,Male,25-34,Rejected,None
3272,2024-08-01,3,Georgia,Female,35-44,Accepted,Refugee status
3273,2023-08-01,6,Bangladesh,Male,45-54,Accepted,Subsidiary protection
3274,2024-05-01,10,Portugal,Male,25-34,Accepted,Temporary protection
3275,2025-12-01,1,Portugal,Male,45-54,Pending,None
3276,2023-10-01,4,Senegal,Male,18-24,Withdrawn,None
3277,2024-09-01,1,Spain,Male,45-54,Pending,None
3278,2024-12-01,2,Algeria,Male,35-44,Rejected,None
3279,2022-09-01,6,Guinea,Male,18-24,Pending,None
3280,2025-11-01,2,Portugal,Male,18-24,Accepted,Refugee status
3281,2024-03-01,1,Tunisia,Female,35-44,Accepted,Refugee status
3282,2024-12-01,7,Ukraine,Female,25-34,Pending,None
3283,2022-07-01,1,Italy,Female,18-24,Accepted,Subsidiary protection
3284,2023-03-01,3,Georgia,Male,25-34,Accepted,Temporary protection
3285,2025-10-01,1,Senegal,Male,18-24,Rejected,None
3286,2024-01-01,10,Afghanistan,Female,18-24,Accepted,Temporary protection
3287,2022-02-01,2,Afghanistan,Female,25-34,Pending,None
3288,2024-05-01,7,Algeria,Male,25-34,Pending,None
3289,2025-05-01,2,Afghanistan,Male,25-34,Withdrawn,None
3290,2022-04-01,2,Tunisia,Male,35-44,Pending,None
3291,2022-10-01,1,China,Male,18-24,Rejected,None
3292,2023-12-01,2,Morocco,Male,45-54,Pending,None
3293,2023-08-01,8,China,Male,55+,Accepted,Refugee status
3294,2022-05-01,5,Turkey,Male,45-54,Accepted,Temporary protection
3295,2022-10-01,1,Guinea,Male,25-34,Withdrawn,None
3296,2024-01-01,4,Georgia,Male,45-54,Accepted,Refugee status
3297,2024-05-01,3,Georgia,Male,35-44,Pending,None
3298,2022-05-01,5,Syria,Male,25-34,Accepted,Refugee status
3299,2024-11-01,6,India,Male,55+,Pending,None
3300,2023-06-01,4,India,Male,25-34,Rejected,None
3301,2025-12-01,8,India,Female,25-34,Accepted,Subsidiary protection
3302,2025-10-01,5,Senegal,Male,25-34,Rejected,None
3303,2024-06-01,1,Ukraine,Male,25-34,Rejected,None
3304,2022-01-01,2,Spain,Female,45-54,Pending,None
3305,2022-07-01,8,Italy,Male,35-44,Withdrawn,None
3306,2023-02-01,1,Syria,Male,35-44,Withdrawn,None
3307,2023-10-01,1,Afghanistan,Male,25-34,Rejected,None
3308,2023-06-01,6,Afghanistan,Female,45-54,Accepted,Subsidiary protection
3309,2025-02-01,2,Italy,Male,25-34,Rejected,None
3310,2024-05-01,1,Spain,Male,25-34,Pending,None
3311,2023-03-01,7,Guinea,Female,25-34,Rejected,None
3312,2025-11-01,1,Tunisia,Male,25-34,Pending,None
3313,2025-07-01,6,Afghanistan,Male,35-44,Rejected,None
3314,2024-07-01,2,Syria,Female,25-34,Rejected,None
3315,2022-11-01,6,Bangladesh,Female,25-34,Withdrawn,None
3316,2025-07-01,6,Italy,Female,25-34,Rejected,None
3317,2024-12-01,1,Georgia,Male,25-34,Rejected,None
3318,2022-08-01,7,Ukraine,Male,25-34,Rejected,None
3319,2022-09-01,4,Bangladesh,Male,55+,Accepted,Refugee status
3320,2023-02-01,8,Afghanistan,Female,45-54,Pending,None
3321,2024-07-01,1,Guinea,Female,45-54,Withdrawn,None
3322,2025-07-01,6,Portugal,Male,35-44,Accepted,Subsidiary protection
3323,2022-07-01,10,Tunisia,Female,55+,Rejected,None
3324,2022-01-01,6,China,Female,25-34,Accepted,Refugee status
3325,2024-09-01,9,Portugal,Male,25-34,Accepted,Refugee status
3326,2023-10-01,2,Guinea,Male,45-54,Accepted,Temporary protection
3327,2022-04-01,6,Syria,Female,35-44,Withdrawn,None
3328,2023-10-01,4,Senegal,Male,25-34,Pending,None
3329,2022-02-01,1,Turkey,Female,25-34,Accepted,Subsidiary protection
3330,2025-10-01,5,Guinea,Female,25-34,Pending,None
3331,2025-06-01,2,China,Female,25-34,Accepted,Refugee status
3332,2023-10-01,9,Portugal,Male,45-54,Accepted,Subsidiary protection
3333,2025-04-01,7,Afghanistan,Female,25-34,Pending,None
3334,2025-08-01,8,China,Female,25-34,Rejected,None
3335,2022-02-01,5,Italy,Female,25-34,Rejected,None
3336,2024-05-01,7,Georgia,Male,35-44,Rejected,None
3337,2022-11-01,2,Portugal,Female,35-44,Rejected,None
3338,2023-03-01,5,Portugal,Female,18-24,Pending,None
3339,2024-07-01,1,Morocco,Male,25-34,Accepted,Refugee status
3340,2022-08-01,4,Turkey,Male,25-34,Rejected,None
3341,2025-09-01,1,Georgia,Male,35-44,Rejected,None
3342,2023-12-01,7,Bangladesh,Male,18-24,Rejected,None
3343,2025-06-01,2,Côte d'Ivoire,Male,25-34,Accepted,Refugee status
3344,2022-01-01,10,Guinea,Female,25-34,Rejected,None
3345,2025-02-01,8,Portugal,Male,45-54,Rejected,None
3346,2023-05-01,4,Syria,Female,35-44,Accepted,Refugee status
3347,2024-10-01,1,Turkey,Male,25-34,Pending,None
3348,2024-02-01,5,Italy,Male,25-34,Rejected,None
3349,2024-04-01,6,Côte d'Ivoire,Male,25-34,Rejected,None
3350,2024-03-01,3,China,Male,18-24,Rejected,None
3351,2023-12-01,4,Italy,Female,25-34,Pending,None
3352,2023-10-01,8,Bangladesh,Male,18-24,Pending,None
3353,2025-11-01,1,Senegal,Female,35-44,Rejected,None
3354,2025-11-01,3,Guinea,Female,45-54,Pending,None
3355,2024-05-01,8,Spain,Male,18-24,Accepted,Temporary protection
3356,2022-08-01,2,Algeria,Male,45-54,Accepted,Refugee status
3357,2022-03-01,8,Senegal,Male,25-34,Pending,None
3358,2025-12-01,4,Syria,Female,18-24,Accepted,Refugee status
3359,2022-09-01,2,Côte d'Ivoire,Female,18-24,Pending,None
3360,2024-10-01,10,Afghanistan,Male,18-24,Pending,None
3361,2024-11-01,1,Nigeria,Female,25-34,Withdrawn,None
3362,2025-04-01,2,Ukraine,Male,25-34,Accepted,Subsidiary protection
3363,2023-03-01,1,Nigeria,Female,25-34,Withdrawn,None
3364,2024-07-01,10,Guinea,Female,35-44,Accepted,Refugee status
3365,2023-10-01,1,China,Male,25-34,Rejected,None
3366,2022-11-01,1,Afghanistan,Female,25-34,Pending,None
3367,2024-11-01,1,Spain,Female,45-54,Pending,None
3368,2025-01-01,4,Tunisia,Female,25-34,Pending,None
3369,2024-01-01,1,Guinea,Female,35-44,Pending,None
3370,2025-05-01,1,Georgia,Male,35-44,Withdrawn,None
3371,2024-06-01,4,Senegal,Male,35-44,Accepted,Refugee status
3372,2025-01-01,5,Bangladesh,Male,25-34,Accepted,Refugee status
3373,2025-01-01,4,Georgia,Male,45-54,Accepted,Temporary protection
3374,2025-06-01,4,Georgia,Female,18-24,Pending,None
3375,2024-07-01,5,Georgia,Female,25-34,Rejected,None
3376,2022-04-01,8,Morocco,Male,35-44,Rejected,None
3377,2025-11-01,5,Georgia,Female,45-54,Pending,None
3378,2025-11-01,6,Algeria,Male,35-44,Accepted,Refugee status
3379,2024-11-01,2,Spain,Female,35-44,Pending,None
3380,2025-10-01,9,Turkey,Male,55+,Rejected,None
3381,2022-10-01,7,Nigeria,Male,25-34,Accepted,Refugee status
3382,2025-08-01,4,Algeria,Male,25-34,Rejected,None
3383,2022-07-01,2,Georgia,Female,35-44,Withdrawn,None
3384,2024-07-01,1,Spain,Male,25-34,Pending,None
3385,2024-01-01,10,Morocco,Male,25-34,Pending,None
3386,2025-05-01,1,Georgia,Male,35-44,Rejected,None
3387,2024-02-01,3,Algeria,Male,25-34,Accepted,Subsidiary protection
3388,2024-06-01,2,Italy,Female,45-54,Accepted,Refugee status
3389,2023-04-01,1,Ukraine,Male,25-34,Accepted,Refugee status
3390,2023-12-01,2,Côte d'Ivoire,Male,35-44,Accepted,Subsidiary protection
3391,2023-06-01,4,Ukraine,Male,18-24,Accepted,Subsidiary protection
3392,2025-09-01,1,Bangladesh,Female,55+,Withdrawn,None
3393,2024-03-01,1,Morocco,Male,55+,Accepted,Subsidiary protection
3394,2022-10-01,4,Algeria,Female,35-44,Pending,None
3395,2022-03-01,6,Morocco,Male,25-34,Pending,None
3396,2025-05-01,5,Ukraine,Male,25-34,Withdrawn,None
3397,2024-06-01,10,Portugal,Male,18-24,Accepted,Refugee status
3398,2023-10-01,1,Bangladesh,Female,18-24,Accepted,Refugee status
3399,2023-02-01,3,Bangladesh,Female,25-34,Pending,None
3400,2023-03-01,2,Morocco,Female,25-34,Rejected,None
3401,2024-06-01,1,Italy,Female,55+,Accepted,Refugee status
3402,2024-01-01,8,Portugal,Female,35-44,Withdrawn,None
3403,2024-02-01,1,Spain,Male,35-44,Pending,None
3404,2024-07-01,3,Guinea,Male,35-44,Pending,None
3405,2025-09-01,1,Portugal,Male,25-34,Pending,None
3406,2022-09-01,2,Italy,Male,55+,Accepted,Subsidiary protection
3407,2024-07-01,7,Afghanistan,Female,25-34,Withdrawn,None
3408,2025-01-01,6,Turkey,Male,25-34,Accepted,Subsidiary protection
3409,2023-12-01,6,Senegal,Female,35-44,Rejected,None
3410,2023-07-01,1,Côte d'Ivoire,Female,25-34,Rejected,None
3411,2024-02-01,1,Spain,Female,35-44,Pending,None
3412,2024-10-01,6,Spain,Male,25-34,Accepted,Refugee status
3413,2023-05-01,1,Turkey,Male,25-34,Rejected,None
3414,2022-08-01,2,China,Female,18-24,Accepted,Subsidiary protection
3415,2022-05-01,7,Nigeria,Male,35-44,Pending,None
3416,2022-03-01,2,Afghanistan,Male,35-44,Rejected,None
3417,2025-08-01,3,India,Male,35-44,Accepted,Refugee status
3418,2022-08-01,9,Senegal,Female,25-34,Withdrawn,None
3419,2024-08-01,8,Morocco,Male,55+,Rejected,None
3420,2022-09-01,1,India,Female,18-24,Accepted,Temporary protection
3421,2024-02-01,8,India,Female,25-34,Accepted,Subsidiary protection
3422,2025-01-01,3,Georgia,Male,35-44,Rejected,None
3423,2022-08-01,7,Italy,Female,35-44,Withdrawn,None
3424,2023-12-01,2,Côte d'Ivoire,Female,35-44,Accepted,Refugee status
3425,2023-09-01,9,Morocco,Male,55+,Pending,None
3426,2025-01-01,7,India,Male,25-34,Pending,None
3427,2024-04-01,2,Ukraine,Female,35-44,Pending,None
3428,2024-12-01,2,Bangladesh,Female,25-34,Accepted,Refugee status
3429,2024-05-01,1,India,Female,35-44,Accepted,Refugee status
3430,2022-12-01,1,Turkey,Male,25-34,Pending,None
3431,2024-04-01,2,Nigeria,Male,25-34,Accepted,Refugee status
3432,2025-08-01,2,Portugal,Male,55+,Withdrawn,None
3433,2023-08-01,5,Ukraine,Male,35-44,Pending,None
3434,2025-01-01,5,Guinea,Male,35-44,Rejected,None
3435,2024-08-01,1,China,Female,25-34,Pending,None
3436,2022-05-01,1,China,Male,18-24,Rejected,None
3437,2022-05-01,1,Tunisia,Female,25-34,Withdrawn,None
3438,2024-04-01,2,Georgia,Male,18-24,Pending,None
3439,2022-10-01,3,Italy,Male,35-44,Rejected,None
3440,2023-08-01,1,China,Male,35-44,Pending,None
3441,2023-10-01,1,Tunisia,Male,18-24,Accepted,Refugee status
3442,2023-11-01,1,Algeria,Male,25-34,Pending,None
3443,2024-11-01,3,Guinea,Male,45-54,Accepted,Refugee status
3444,2023-06-01,10,Tunisia,Female,18-24,Pending,None
3445,2022-05-01,9,Guinea,Male,25-34,Rejected,None
3446,2023-12-01,2,Algeria,Female,18-24,Pending,None
3447,2025-06-01,4,Turkey,Male,25-34,Rejected,None
3448,2023-06-01,4,Syria,Female,25-34,Pending,None
3449,2025-01-01,2,China,Male,25-34,Pending,None
3450,2023-11-01,8,Turkey,Male,45-54,Accepted,Subsidiary protection
3451,2022-10-01,1,Tunisia,Male,25-34,Rejected,None
3452,2024-03-01,2,Nigeria,Male,18-24,Rejected,None
3453,2023-12-01,8,India,Male,35-44,Rejected,None
3454,2024-12-01,2,Portugal,Male,25-34,Accepted,Refugee status
3455,2024-09-01,3,Senegal,Female,35-44,Withdrawn,None
3456,2022-08-01,8,Syria,Male,25-34,Pending,None
3457,2022-03-01,1,Guinea,Male,25-34,Withdrawn,None
3458,2022-07-01,10,Portugal,Male,18-24,Accepted,Refugee status
3459,2024-09-01,1,Bangladesh,Male,35-44,Pending,None
3460,2023-12-01,5,Nigeria,Male,25-34,Accepted,Refugee status
3461,2023-07-01,1,Turkey,Female,55+,Accepted,Refugee status
3462,2023-11-01,4,Guinea,Female,25-34,Accepted,Subsidiary protection
3463,2022-01-01,1,China,Male,35-44,Pending,None
3464,2024-04-01,5,Ukraine,Female,25-34,Accepted,Subsidiary protection
3465,2022-08-01,4,Ukraine,Female,55+,Accepted,Refugee status
3466,2024-06-01,2,India,Female,25-34,Rejected,None
3467,2022-08-01,9,Afghanistan,Male,25-34,Withdrawn,None
3468,2023-02-01,8,Ukraine,Male,45-54,Withdrawn,None
3469,2025-10-01,6,Italy,Female,25-34,Accepted,Refugee status
3470,2024-08-01,6,Afghanistan,Female,35-44,Accepted,Temporary protection
3471,2025-07-01,1,Turkey,Male,45-54,Rejected,None
3472,2023-12-01,1,Turkey,Male,55+,Rejected,None
3473,2024-11-01,1,Algeria,Male,35-44,Rejected,None
3474,2023-12-01,2,Turkey,Female,18-24,Rejected,None
3475,2024-07-01,1,Bangladesh,Male,25-34,Accepted,Refugee status
3476,2024-05-01,1,Portugal,Female,35-44,Rejected,None
3477,2022-01-01,4,Italy,Male,25-34,Rejected,None
3478,2024-06-01,1,Bangladesh,Male,35-44,Pending,None
3479,2022-07-01,1,Afghanistan,Female,45-54,Accepted,Refugee status
3480,2024-06-01,6,Georgia,Female,35-44,Pending,None
3481,2022-06-01,1,Morocco,Female,25-34,Pending,None
3482,2025-04-01,3,Portugal,Female,35-44,Rejected,None
3483,2024-05-01,7,Senegal,Male,25-34,Rejected,None
3484,2023-12-01,2,Côte d'Ivoire,Female,35-44,Withdrawn,None
3485,2025-09-01,1,Portugal,Female,25-34,Withdrawn,None
3486,2025-10-01,7,Portugal,Male,35-44,Accepted,Refugee status
3487,2023-02-01,6,Nigeria,Male,25-34,Pending,None
3488,2025-10-01,4,Spain,Female,25-34,Pending,None
3489,2023-09-01,4,Algeria,Female,18-24,Withdrawn,None
3490,2023-05-01,6,Spain,Female,35-44,Accepted,Refugee status
3491,2025-10-01,2,Algeria,Female,55+,Accepted,Subsidiary protection
3492,2025-07-01,1,Nigeria,Female,25-34,Accepted,Subsidiary protection
3493,2025-06-01,5,Afghanistan,Male,35-44,Pending,None
3494,2023-09-01,1,Tunisia,Male,35-44,Rejected,None
3495,2024-05-01,5,Bangladesh,Female,35-44,Rejected,None
3496,2025-11-01,8,Turkey,Female,45-54,Rejected,None
3497,2022-02-01,3,Côte d'Ivoire,Female,45-54,Accepted,Refugee status
3498,2025-09-01,1,Guinea,Female,45-54,Pending,None
3499,2025-09-01,5,China,Male,25-34,Pending,None
3500,2023-10-01,8,Turkey,Male,18-24,Pending,None
3501,2022-02-01,1,Turkey,Female,25-34,Accepted,Refugee status
3502,2023-05-01,4,Algeria,Female,25-34,Pending,None
3503,2022-06-01,1,Nigeria,Female,18-24,Accepted,Subsidiary protection
3504,2024-09-01,7,Afghanistan,Female,45-54,Accepted,Refugee status
3505,2023-06-01,1,Portugal,Male,45-54,Accepted,Temporary protection
3506,2023-06-01,5,Algeria,Male,35-44,Pending,None
3507,2024-04-01,4,China,Female,25-34,Accepted,Refugee status
3508,2024-08-01,2,Turkey,Female,25-34,Rejected,None
3509,2022-07-01,8,China,Male,55+,Pending,None
3510,2023-09-01,8,Turkey,Male,25-34,Accepted,Temporary protection
3511,2022-05-01,2,Côte d'Ivoire,Female,25-34,Accepted,Refugee status
3512,2024-01-01,2,Georgia,Male,55+,Rejected,None
3513,2023-04-01,5,Bangladesh,Male,45-54,Rejected,None
3514,2023-07-01,1,Senegal,Female,25-34,Rejected,None
3515,2022-09-01,1,Portugal,Male,25-34,Rejected,None
3516,2025-03-01,1,Tunisia,Male,25-34,Rejected,None
3517,2023-02-01,1,Italy,Female,45-54,Rejected,None
3518,2024-05-01,5,Tunisia,Male,25-34,Rejected,None
3519,2024-07-01,1,Algeria,Male,25-34,Accepted,Subsidiary protection
3520,2024-09-01,1,Georgia,Female,25-34,Rejected,None
3521,2022-01-01,9,Portugal,Male,55+,Pending,None
3522,2025-04-01,1,Guinea,Female,18-24,Withdrawn,None
3523,2024-08-01,1,Spain,Female,35-44,Pending,None
3524,2025-03-01,3,Bangladesh,Male,18-24,Pending,None
3525,2024-12-01,7,Turkey,Male,25-34,Pending,None
3526,2024-01-01,8,India,Female,35-44,Rejected,None
3527,2024-12-01,1,China,Male,35-44,Accepted,Refugee status
3528,2023-01-01,6,Tunisia,Female,45-54,Rejected,None
3529,2023-05-01,3,China,Female,25-34,Accepted,Temporary protection
3530,2023-06-01,4,Ukraine,Male,35-44,Accepted,Subsidiary protection
3531,2023-07-01,2,India,Male,25-34,Rejected,None
3532,2024-03-01,1,Spain,Male,25-34,Accepted,Subsidiary protection
3533,2024-12-01,7,Turkey,Male,25-34,Accepted,Refugee status
3534,2022-12-01,4,Portugal,Male,18-24,Rejected,None
3535,2023-04-01,2,Morocco,Female,25-34,Pending,None
3536,2025-02-01,5,Georgia,Male,25-34,Accepted,Refugee status
3537,2025-02-01,2,India,Male,25-34,Pending,None
3538,2022-12-01,7,Algeria,Male,25-34,Accepted,Subsidiary protection
3539,2022-05-01,1,Tunisia,Male,35-44,Rejected,None
3540,2023-05-01,1,Algeria,Female,25-34,Pending,None
3541,2022-06-01,4,Ukraine,Male,25-34,Pending,None
3542,2024-07-01,1,Syria,Male,55+,Rejected,None
3543,2024-11-01,1,Côte d'Ivoire,Male,35-44,Rejected,None
3544,2024-10-01,1,Nigeria,Female,25-34,Accepted,Refugee status
3545,2023-05-01,6,Portugal,Male,25-34,Accepted,Subsidiary protection
3546,2023-07-01,9,Turkey,Male,25-34,Pending,None
3547,2023-12-01,4,Italy,Male,55+,Pending,None
3548,2025-01-01,6,Turkey,Male,35-44,Accepted,Refugee status
3549,2025-10-01,7,Nigeria,Female,35-44,Accepted,Subsidiary protection
3550,2025-08-01,7,India,Male,18-24,Rejected,None
3551,2023-05-01,1,Senegal,Male,25-34,Accepted,Refugee status
3552,2022-08-01,1,Afghanistan,Male,45-54,Pending,None
3553,2022-03-01,5,Syria,Male,25-34,Pending,None
3554,2025-08-01,9,Nigeria,Female,18-24,Rejected,None
3555,2025-10-01,8,India,Male,25-34,Accepted,Subsidiary protection
3556,2024-02-01,1,Ukraine,Female,35-44,Rejected,None
3557,2022-04-01,8,India,Male,25-34,Accepted,Refugee status
3558,2023-10-01,1,Morocco,Male,25-34,Pending,None
3559,2024-11-01,4,Afghanistan,Female,25-34,Rejected,None
3560,2025-03-01,8,China,Female,25-34,Accepted,Subsidiary protection
3561,2025-02-01,2,Georgia,Female,55+,Pending,None
3562,2025-02-01,5,Côte d'Ivoire,Female,25-34,Accepted,Temporary protection
3563,2022-05-01,1,Ukraine,Female,35-44,Rejected,None
3564,2024-09-01,10,Georgia,Male,18-24,Accepted,Refugee status
3565,2025-12-01,1,Portugal,Male,35-44,Accepted,Temporary protection
3566,2023-08-01,5,Bangladesh,Male,25-34,Accepted,Temporary protection
3567,2024-01-01,1,Senegal,Male,25-34,Rejected,None
3568,2023-01-01,1,Morocco,Male,25-34,Rejected,None
3569,2025-03-01,1,Afghanistan,Female,25-34,Rejected,None
3570,2023-06-01,1,Bangladesh,Male,35-44,Pending,None
3571,2025-12-01,1,Spain,Female,35-44,Accepted,Refugee status
3572,2024-04-01,1,Morocco,Male,25-34,Rejected,None
3573,2023-05-01,9,Tunisia,Male,25-34,Pending,None
3574,2024-04-01,1,Afghanistan,Female,18-24,Pending,None
3575,2022-02-01,4,Portugal,Male,18-24,Rejected,None
3576,2025-09-01,5,Turkey,Male,25-34,Rejected,None
3577,2023-10-01,7,Syria,Male,25-34,Withdrawn,None
3578,2023-10-01,2,Algeria,Male,35-44,Accepted,Refugee status
3579,2023-08-01,1,Spain,Male,45-54,Pending,None
3580,2024-08-01,1,Italy,Female,25-34,Pending,None
3581,2025-02-01,1,Tunisia,Female,18-24,Rejected,None
3582,2024-08-01,3,Côte d'Ivoire,Male,35-44,Rejected,None
3583,2022-07-01,4,Côte d'Ivoire,Male,25-34,Accepted,Subsidiary protection
3584,2024-12-01,7,Algeria,Female,25-34,Accepted,Temporary protection
3585,2024-07-01,7,China,Male,25-34,Rejected,None
3586,2025-12-01,7,Portugal,Male,25-34,Pending,None
3587,2023-01-01,1,Algeria,Female,25-34,Pending,None
3588,2025-03-01,6,Ukraine,Female,25-34,Withdrawn,None
3589,2025-07-01,1,Italy,Female,18-24,Accepted,Refugee status
3590,2022-02-01,8,India,Male,35-44,Rejected,None
3591,2025-08-01,3,Portugal,Female,25-34,Withdrawn,None
3592,2025-03-01,5,Portugal,Female,35-44,Rejected,None
3593,2025-03-01,4,Côte d'Ivoire,Male,25-34,Accepted,Temporary protection
3594,2025-12-01,4,Tunisia,Female,25-34,Rejected,None
3595,2022-10-01,3,Morocco,Male,25-34,Accepted,Refugee status
3596,2022-02-01,9,Nigeria,Male,45-54,Rejected,None
3597,2024-06-01,2,Ukraine,Male,25-34,Pending,None
3598,2024-05-01,6,China,Female,18-24,Rejected,None
3599,2025-06-01,2,Morocco,Female,35-44,Rejected,None
3600,2024-05-01,1,Georgia,Male,25-34,Accepted,Refugee status
3601,2022-06-01,2,Guinea,Female,25-34,Rejected,None
3602,2024-02-01,1,Georgia,Male,25-34,Pending,None
3603,2023-07-01,2,Georgia,Male,18-24,Pending,None
3604,2025-07-01,1,Ukraine,Female,25-34,Pending,None
3605,2024-10-01,7,Spain,Male,25-34,Accepted,Temporary protection
3606,2025-04-01,4,Nigeria,Male,25-34,Pending,None
3607,2024-12-01,1,China,Male,45-54,Accepted,Refugee status
3608,2022-09-01,5,Guinea,Female,25-34,Accepted,Subsidiary protection
3609,2025-06-01,9,Portugal,Female,25-34,Pending,None
3610,2022-05-01,1,Spain,Female,35-44,Pending,None
3611,2023-01-01,2,Spain,Female,25-34,Rejected,None
3612,2022-08-01,8,Senegal,Male,35-44,Accepted,Refugee status
3613,2022-05-01,1,Portugal,Male,25-34,Rejected,None
3614,2025-07-01,9,Spain,Female,25-34,Rejected,None
3615,2022-07-01,10,China,Female,45-54,Rejected,None
3616,2022-05-01,2,Portugal,Male,25-34,Rejected,None
3617,2022-05-01,3,Afghanistan,Female,25-34,Rejected,None
3618,2024-08-01,10,Italy,Female,35-44,Accepted,Refugee status
3619,2022-12-01,1,Bangladesh,Male,25-34,Accepted,Temporary protection
3620,2024-09-01,1,Nigeria,Male,25-34,Pending,None
3621,2023-01-01,1,Spain,Female,35-44,Withdrawn,None
3622,2022-11-01,6,Syria,Male,35-44,Rejected,None
3623,2022-08-01,5,Georgia,Male,25-34,Rejected,None
3624,2022-12-01,8,Tunisia,Male,25-34,Rejected,None
3625,2022-12-01,1,Afghanistan,Female,18-24,Accepted,Refugee status
3626,2025-05-01,4,India,Male,35-44,Pending,None
3627,2024-02-01,6,Ukraine,Male,55+,Pending,None
3628,2023-09-01,1,Tunisia,Male,25-34,Pending,None
3629,2025-08-01,8,Senegal,Male,25-34,Rejected,None
3630,2023-12-01,1,Nigeria,Male,45-54,Accepted,Subsidiary protection
3631,2025-07-01,1,Ukraine,Male,25-34,Accepted,Temporary protection
3632,2023-08-01,1,Afghanistan,Male,35-44,Pending,None
3633,2025-12-01,7,Senegal,Female,25-34,Rejected,None
3634,2022-09-01,6,Algeria,Female,25-34,Rejected,None
3635,2024-01-01,8,Algeria,Female,25-34,Rejected,None
3636,2023-10-01,4,Côte d'Ivoire,Female,35-44,Accepted,Subsidiary protection
3637,2025-07-01,9,Afghanistan,Male,25-34,Accepted,Temporary protection
3638,2023-01-01,4,Bangladesh,Male,25-34,Accepted,Temporary protection
3639,2023-05-01,9,Spain,Female,25-34,Pending,None
3640,2023-03-01,8,Spain,Male,45-54,Accepted,Refugee status
3641,2024-06-01,3,Georgia,Male,35-44,Accepted,Subsidiary protection
3642,2022-10-01,1,Bangladesh,Male,18-24,Rejected,None
3643,2023-11-01,10,Ukraine,Male,25-34,Accepted,Refugee status
3644,2024-07-01,3,Côte d'Ivoire,Female,18-24,Pending,None
3645,2022-11-01,6,Tunisia,Male,45-54,Accepted,Subsidiary protection
3646,2023-02-01,3,Afghanistan,Female,25-34,Accepted,Subsidiary protection
3647,2022-07-01,2,Spain,Male,35-44,Rejected,None
3648,2022-08-01,2,Turkey,Male,35-44,Rejected,None
3649,2025-09-01,2,Georgia,Female,35-44,Pending,None
3650,2025-03-01,4,Portugal,Female,35-44,Accepted,Refugee status
3651,2022-10-01,7,Spain,Male,25-34,Accepted,Subsidiary protection
3652,2024-04-01,4,Bangladesh,Female,25-34,Rejected,None
3653,2022-06-01,3,Portugal,Female,18-24,Rejected,None
3654,2025-06-01,1,Bangladesh,Male,25-34,Accepted,Refugee status
3655,2025-01-01,3,Spain,Male,18-24,Rejected,None
3656,2025-02-01,1,Portugal,Male,45-54,Pending,None
3657,2023-04-01,6,Syria,Female,25-34,Rejected,None
3658,2023-06-01,7,Bangladesh,Female,18-24,Rejected,None
3659,2025-06-01,1,Morocco,Female,25-34,Pending,None
3660,2024-03-01,4,Algeria,Female,25-34,Rejected,None
3661,2024-04-01,1,Portugal,Female,18-24,Accepted,Subsidiary protection
3662,2025-12-01,10,Turkey,Male,35-44,Withdrawn,None
3663,2025-04-01,1,China,Female,35-44,Pending,None
3664,2023-06-01,8,India,Female,25-34,Accepted,Refugee status
3665,2022-03-01,6,Nigeria,Male,45-54,Accepted,Refugee status
3666,2022-12-01,10,Turkey,Male,18-24,Pending,None
3667,2025-01-01,6,Guinea,Male,35-44,Rejected,None
3668,2022-08-01,4,Syria,Female,25-34,Rejected,None
3669,2023-03-01,3,Afghanistan,Female,35-44,Accepted,Subsidiary protection
3670,2025-10-01,3,Georgia,Male,25-34,Withdrawn,None
3671,2023-10-01,1,Georgia,Male,25-34,Rejected,None
3672,2022-12-01,10,Italy,Female,25-34,Rejected,None
3673,2024-03-01,4,Senegal,Male,25-34,Pending,None
3674,2025-09-01,4,Ukraine,Male,35-44,Rejected,None
3675,2022-11-01,1,Algeria,Male,25-34,Pending,None
3676,2024-05-01,2,Ukraine,Male,45-54,Accepted,Subsidiary protection
3677,2025-03-01,1,Tunisia,Female,55+,Withdrawn,None
3678,2024-05-01,1,Spain,Female,25-34,Pending,None
3679,2025-07-01,4,Ukraine,Female,55+,Pending,None
3680,2023-08-01,1,Georgia,Female,25-34,Rejected,None
3681,2025-03-01,5,China,Female,18-24,Pending,None
3682,2023-08-01,2,Ukraine,Male,45-54,Pending,None
3683,2022-03-01,2,Turkey,Male,25-34,Pending,None
3684,2023-04-01,6,Turkey,Female,18-24,Rejected,None
3685,2022-07-01,5,Morocco,Male,25-34,Accepted,Temporary protection
3686,2024-12-01,2,India,Male,35-44,Accepted,Subsidiary protection
3687,2023-08-01,9,Algeria,Female,25-34,Rejected,None
3688,2024-12-01,1,India,Female,35-44,Rejected,None
3689,2024-12-01,6,Guinea,Female,45-54,Accepted,Temporary protection
3690,2024-02-01,7,Bangladesh,Male,45-54,Accepted,Subsidiary protection
3691,2025-09-01,1,Algeria,Male,45-54,Rejected,None
3692,2023-10-01,3,Côte d'Ivoire,Male,25-34,Pending,None
3693,2024-10-01,1,Portugal,Male,25-34,Withdrawn,None
3694,2024-07-01,1,Senegal,Male,45-54,Pending,None
3695,2024-11-01,1,Spain,Male,25-34,Rejected,None
3696,2023-12-01,6,Portugal,Male,55+,Rejected,None
3697,2023-09-01,1,Spain,Female,35-44,Pending,None
3698,2025-04-01,1,Morocco,Female,45-54,Pending,None
3699,2025-08-01,1,Portugal,Female,25-34,Pending,None
3700,2022-04-01,6,Guinea,Female,25-34,Accepted,Temporary protection
3701,2025-11-01,1,Senegal,Male,45-54,Accepted,Refugee status
3702,2025-08-01,5,India,Male,25-34,Pending,None
3703,2024-05-01,1,Italy,Male,45-54,Pending,None
3704,2024-02-01,1,Afghanistan,Female,18-24,Accepted,Subsidiary protection
3705,2023-10-01,7,Senegal,Male,25-34,Pending,None
3706,2024-01-01,5,Nigeria,Female,35-44,Rejected,None
3707,2022-09-01,5,Turkey,Male,45-54,Pending,None
3708,2023-07-01,9,Côte d'Ivoire,Male,25-34,Pending,None
3709,2025-10-01,8,Nigeria,Male,25-34,Pending,None
3710,2024-02-01,7,Spain,Female,25-34,Pending,None
3711,2023-06-01,1,India,Male,25-34,Pending,None
3712,2022-11-01,1,Georgia,Male,35-44,Pending,None
3713,2025-02-01,10,Bangladesh,Male,35-44,Pending,None
3714,2023-12-01,4,Guinea,Female,45-54,Accepted,Refugee status
3715,2024-04-01,4,Syria,Female,18-24,Accepted,Refugee status
3716,2023-08-01,3,Syria,Male,18-24,Accepted,Temporary protection
3717,2022-02-01,6,Senegal,Female,35-44,Rejected,None
3718,2023-03-01,4,Côte d'Ivoire,Male,25-34,Rejected,None
3719,2024-05-01,1,Afghanistan,Male,35-44,Pending,None
3720,2022-11-01,1,Guinea,Female,25-34,Accepted,Subsidiary protection
3721,2024-01-01,1,Italy,Female,35-44,Rejected,None
3722,2025-06-01,8,Afghanistan,Male,25-34,Accepted,Subsidiary protection
3723,2022-10-01,2,Georgia,Female,35-44,Pending,None
3724,2025-05-01,8,Spain,Male,25-34,Rejected,None
3725,2022-07-01,4,Bangladesh,Female,18-24,Pending,None
3726,2023-12-01,9,Bangladesh,Male,25-34,Accepted,Subsidiary protection
3727,2024-08-01,8,Bangladesh,Female,25-34,Rejected,None
3728,2022-12-01,2,Senegal,Female,25-34,Withdrawn,None
3729,2022-12-01,4,Senegal,Male,25-34,Rejected,None
3730,2023-10-01,6,Syria,Female,25-34,Withdrawn,None
3731,2022-01-01,1,Nigeria,Male,25-34,Accepted,Refugee status
3732,2025-09-01,1,Morocco,Female,25-34,Accepted,Temporary protection
3733,2023-01-01,6,Spain,Female,25-34,Pending,None
3734,2025-02-01,9,Guinea,Male,25-34,Accepted,Refugee status
3735,2023-02-01,1,Nigeria,Male,18-24,Rejected,None
3736,2025-03-01,2,Ukraine,Male,18-24,Pending,None
3737,2022-09-01,8,Senegal,Female,25-34,Pending,None
3738,2024-10-01,1,Guinea,Male,18-24,Rejected,None
3739,2024-11-01,9,China,Female,35-44,Pending,None
3740,2024-11-01,1,Turkey,Male,25-34,Pending,None
3741,2022-03-01,1,India,Male,18-24,Withdrawn,None
3742,2022-08-01,1,India,Female,25-34,Accepted,Refugee status
3743,2025-06-01,1,Turkey,Male,18-24,Rejected,None
3744,2023-05-01,1,China,Male,45-54,Pending,None
3745,2025-03-01,5,India,Male,25-34,Pending,None
3746,2025-04-01,1,Nigeria,Female,25-34,Pending,None
3747,2024-10-01,9,Afghanistan,Female,35-44,Pending,None
3748,2022-09-01,2,Bangladesh,Male,25-34,Accepted,Refugee status
3749,2023-05-01,3,Morocco,Female,25-34,Rejected,None
3750,2022-04-01,5,Ukraine,Male,35-44,Accepted,Temporary protection
3751,2022-01-01,1,Nigeria,Male,25-34,Accepted,Refugee status
3752,2025-05-01,5,Bangladesh,Female,25-34,Pending,None
3753,2023-11-01,1,Ukraine,Male,18-24,Rejected,None
3754,2025-02-01,7,Bangladesh,Female,35-44,Pending,None
3755,2022-08-01,3,Georgia,Male,25-34,Pending,None
3756,2022-08-01,1,Italy,Male,25-34,Withdrawn,None
3757,2024-04-01,6,Côte d'Ivoire,Male,25-34,Withdrawn,None
3758,2024-02-01,1,Ukraine,Female,25-34,Pending,None
3759,2023-08-01,10,Italy,Male,18-24,Pending,None
3760,2022-03-01,3,Syria,Male,18-24,Accepted,Subsidiary protection
3761,2023-01-01,2,Tunisia,Male,25-34,Accepted,Refugee status
3762,2022-08-01,1,Tunisia,Male,25-34,Rejected,None
3763,2022-08-01,2,Algeria,Female,25-34,Accepted,Refugee status
3764,2023-01-01,7,Tunisia,Female,25-34,Pending,None
3765,2024-08-01,3,Senegal,Male,35-44,Accepted,Refugee status
3766,2024-10-01,5,India,Male,25-34,Pending,None
3767,2025-03-01,1,Tunisia,Male,35-44,Accepted,Refugee status
3768,2023-03-01,8,Turkey,Male,25-34,Accepted,Subsidiary protection
3769,2024-02-01,3,Senegal,Female,25-34,Withdrawn,None
3770,2025-03-01,3,China,Female,25-34,Pending,None
3771,2023-12-01,1,Guinea,Female,25-34,Rejected,None
3772,2022-02-01,1,Ukraine,Female,25-34,Pending,None
3773,2023-12-01,1,Syria,Female,18-24,Rejected,None
3774,2022-01-01,7,Italy,Female,18-24,Pending,None
3775,2023-07-01,4,Georgia,Male,25-34,Pending,None
3776,2023-03-01,1,Spain,Female,25-34,Pending,None
3777,2025-08-01,4,Côte d'Ivoire,Male,35-44,Rejected,None
3778,2024-12-01,2,India,Female,25-34,Pending,None
3779,2024-08-01,1,Bangladesh,Male,18-24,Accepted,Refugee status
3780,2025-10-01,6,Morocco,Male,18-24,Pending,None
3781,2025-10-01,1,Senegal,Male,35-44,Rejected,None
3782,2023-04-01,4,Spain,Female,45-54,Withdrawn,None
3783,2024-03-01,6,Ukraine,Male,45-54,Pending,None
3784,2024-03-01,1,Guinea,Male,45-54,Accepted,Refugee status
3785,2022-02-01,5,Côte d'Ivoire,Male,45-54,Accepted,Refugee status
3786,2022-02-01,1,Guinea,Male,55+,Accepted,Subsidiary protection
3787,2023-05-01,7,Syria,Male,25-34,Pending,None
3788,2022-01-01,1,Ukraine,Male,35-44,Pending,None
3789,2024-10-01,1,Afghanistan,Male,18-24,Rejected,None
3790,2022-01-01,1,China,Male,45-54,Accepted,Temporary protection
3791,2022-11-01,2,Italy,Male,18-24,Pending,None
3792,2022-05-01,1,Italy,Male,35-44,Pending,None
3793,2023-12-01,3,Bangladesh,Male,25-34,Rejected,None
3794,2025-06-01,7,Algeria,Male,25-34,Withdrawn,None
3795,2022-03-01,1,Spain,Female,35-44,Rejected,None
3796,2024-07-01,1,Spain,Male,25-34,Rejected,None
3797,2024-03-01,1,Algeria,Male,55+,Rejected,None
3798,2025-08-01,5,Guinea,Male,25-34,Rejected,None
3799,2024-05-01,5,Senegal,Male,25-34,Accepted,Refugee status
3800,2025-05-01,7,Georgia,Male,45-54,Accepted,Refugee status
3801,2024-10-01,6,Georgia,Male,25-34,Withdrawn,None
3802,2025-01-01,5,Tunisia,Female,25-34,Pending,None
3803,2023-12-01,1,Ukraine,Male,25-34,Accepted,Refugee status
3804,2023-05-01,7,Spain,Male,35-44,Rejected,None
3805,2024-01-01,1,India,Male,25-34,Pending,None
3806,2022-07-01,6,Syria,Female,25-34,Rejected,None
3807,2024-11-01,7,Ukraine,Female,18-24,Rejected,None
3808,2022-05-01,1,Portugal,Male,25-34,Accepted,Temporary protection
3809,2025-09-01,1,Guinea,Male,25-34,Rejected,None
3810,2022-02-01,1,Syria,Male,55+,Pending,None
3811,2022-06-01,7,Guinea,Male,35-44,Withdrawn,None
3812,2022-09-01,2,Guinea,Male,55+,Pending,None
3813,2022-09-01,2,Georgia,Female,35-44,Pending,None
3814,2022-01-01,3,Nigeria,Male,45-54,Accepted,Temporary protection
3815,2025-12-01,6,Nigeria,Male,18-24,Rejected,None
3816,2024-10-01,5,Côte d'Ivoire,Male,35-44,Rejected,None
3817,2023-03-01,6,Turkey,Male,18-24,Accepted,Refugee status
3818,2023-07-01,9,Morocco,Male,18-24,Rejected,None
3819,2022-11-01,1,Senegal,Male,18-24,Accepted,Refugee status
3820,2024-02-01,1,Côte d'Ivoire,Male,35-44,Rejected,None
3821,2023-08-01,5,Bangladesh,Male,35-44,Pending,None
3822,2023-11-01,1,Tunisia,Male,25-34,Withdrawn,None
3823,2023-08-01,5,Georgia,Male,45-54,Rejected,None
3824,2023-02-01,9,Côte d'Ivoire,Male,45-54,Rejected,None
3825,2024-01-01,3,Bangladesh,Male,35-44,Accepted,Refugee status
3826,2022-06-01,1,Spain,Male,35-44,Withdrawn,None
3827,2024-03-01,10,Algeria,Male,25-34,Pending,None
3828,2024-03-01,2,Guinea,Female,25-34,Pending,None
3829,2022-06-01,1,Italy,Female,25-34,Accepted,Refugee status
3830,2025-06-01,2,Morocco,Female,18-24,Withdrawn,None
3831,2025-10-01,1,Morocco,Male,55+,Withdrawn,None
3832,2024-12-01,1,Tunisia,Male,25-34,Accepted,Refugee status
3833,2025-10-01,1,Ukraine,Female,25-34,Rejected,None
3834,2025-09-01,3,Morocco,Male,25-34,Accepted,Refugee status
3835,2024-12-01,3,Tunisia,Male,25-34,Pending,None
3836,2023-06-01,6,Italy,Male,18-24,Rejected,None
3837,2022-11-01,4,Algeria,Male,35-44,Pending,None
3838,2025-05-01,8,Afghanistan,Male,35-44,Rejected,None
3839,2023-12-01,8,Spain,Male,35-44,Pending,None
3840,2024-11-01,1,Algeria,Male,35-44,Pending,None
3841,2025-07-01,1,Afghanistan,Male,45-54,Rejected,None
3842,2025-10-01,6,Nigeria,Female,25-34,Accepted,Refugee status
3843,2024-09-01,1,Spain,Female,25-34,Rejected,None
3844,2023-02-01,2,Côte d'Ivoire,Female,35-44,Rejected,None
3845,2022-04-01,1,Portugal,Female,55+,Pending,None
3846,2025-03-01,3,India,Male,25-34,Rejected,None
3847,2022-02-01,2,Tunisia,Male,25-34,Pending,None
3848,2024-01-01,7,Côte d'Ivoire,Male,18-24,Rejected,None
3849,2023-03-01,5,Ukraine,Male,55+,Accepted,Refugee status
3850,2023-09-01,2,Turkey,Female,25-34,Pending,None
3851,2025-07-01,3,Ukraine,Male,18-24,Accepted,Refugee status
3852,2023-11-01,4,Guinea,Male,45-54,Rejected,None
3853,2022-08-01,1,Bangladesh,Male,45-54,Pending,None
3854,2023-09-01,6,China,Male,25-34,Withdrawn,None
3855,2022-05-01,3,Italy,Male,25-34,Accepted,Refugee status
3856,2025-07-01,5,Morocco,Male,25-34,Pending,None
3857,2022-02-01,1,Senegal,Male,18-24,Rejected,None
3858,2025-10-01,1,Bangladesh,Male,18-24,Rejected,None
3859,2022-11-01,4,India,Male,25-34,Accepted,Refugee status
3860,2024-08-01,6,Georgia,Male,45-54,Pending,None
3861,2025-07-01,1,Morocco,Female,18-24,Rejected,None
3862,2022-10-01,9,Ukraine,Female,35-44,Rejected,None
3863,2025-09-01,7,Syria,Male,25-34,Rejected,None
3864,2023-09-01,3,Algeria,Male,18-24,Rejected,None
3865,2024-01-01,5,Turkey,Female,25-34,Accepted,Temporary protection
3866,2023-06-01,4,Côte d'Ivoire,Male,18-24,Accepted,Refugee status
3867,2025-12-01,1,India,Female,25-34,Rejected,None
3868,2024-09-01,1,Turkey,Male,25-34,Pending,None
3869,2023-06-01,7,Italy,Male,18-24,Accepted,Refugee status
3870,2022-04-01,3,Spain,Male,25-34,Pending,None
3871,2025-07-01,7,Ukraine,Male,18-24,Rejected,None
3872,2024-08-01,2,Algeria,Female,18-24,Pending,None
3873,2022-07-01,1,Bangladesh,Male,35-44,Rejected,None
3874,2023-11-01,1,Morocco,Male,35-44,Pending,None
3875,2023-01-01,1,Guinea,Female,25-34,Rejected,None
3876,2023-01-01,6,Guinea,Male,55+,Rejected,None
3877,2023-11-01,1,Georgia,Female,25-34,Accepted,Temporary protection
3878,2022-04-01,7,Georgia,Male,35-44,Pending,None
3879,2022-12-01,5,Syria,Female,25-34,Accepted,Refugee status
3880,2022-03-01,1,India,Male,25-34,Accepted,Refugee status
3881,2025-10-01,3,Morocco,Male,25-34,Rejected,None
3882,2025-07-01,9,Nigeria,Male,25-34,Rejected,None
3883,2022-08-01,1,Syria,Male,35-44,Rejected,None
3884,2024-04-01,2,Afghanistan,Male,18-24,Pending,None
3885,2022-11-01,2,Italy,Male,45-54,Pending,None
3886,2024-03-01,10,Morocco,Male,25-34,Accepted,Subsidiary protection
3887,2023-10-01,10,Turkey,Female,25-34,Accepted,Refugee status
3888,2022-01-01,7,Italy,Female,25-34,Rejected,None
3889,2025-03-01,2,Nigeria,Male,45-54,Accepted,Subsidiary protection
3890,2025-02-01,8,Afghanistan,Male,18-24,Accepted,Subsidiary protection
3891,2022-03-01,3,Tunisia,Male,25-34,Accepted,Subsidiary protection
3892,2022-11-01,5,Bangladesh,Male,35-44,Accepted,Subsidiary protection
3893,2022-06-01,9,Guinea,Male,25-34,Rejected,None
3894,2023-07-01,1,Georgia,Male,25-34,Pending,None
3895,2023-10-01,8,Senegal,Male,18-24,Pending,None
3896,2024-08-01,2,Ukraine,Female,45-54,Pending,None
3897,2024-07-01,8,Guinea,Male,45-54,Pending,None
3898,2022-07-01,4,Syria,Female,18-24,Accepted,Refugee status
3899,2023-12-01,1,Senegal,Female,35-44,Rejected,None
3900,2025-03-01,6,China,Male,18-24,Rejected,None
3901,2025-07-01,1,Turkey,Male,45-54,Withdrawn,None
3902,2025-05-01,1,Morocco,Male,18-24,Pending,None
3903,2023-03-01,1,Italy,Male,25-34,Pending,None
3904,2024-01-01,7,China,Male,45-54,Pending,None
3905,2022-07-01,8,Georgia,Male,25-34,Rejected,None
3906,2023-06-01,4,Portugal,Female,45-54,Accepted,Refugee status
3907,2023-02-01,1,Guinea,Female,35-44,Pending,None
3908,2023-01-01,2,Côte d'Ivoire,Female,25-34,Pending,None
3909,2025-07-01,1,Portugal,Female,18-24,Rejected,None
3910,2024-11-01,1,Côte d'Ivoire,Male,35-44,Pending,None
3911,2025-05-01,7,Nigeria,Male,25-34,Pending,None
3912,2023-05-01,1,Bangladesh,Female,25-34,Accepted,Refugee status
3913,2023-07-01,1,Guinea,Female,25-34,Accepted,Refugee status
3914,2025-03-01,1,Guinea,Female,25-34,Rejected,None
3915,2022-03-01,9,Georgia,Female,25-34,Accepted,Subsidiary protection
3916,2024-12-01,2,India,Female,35-44,Rejected,None
3917,2024-09-01,5,Tunisia,Female,25-34,Rejected,None
3918,2023-05-01,1,Ukraine,Male,55+,Accepted,Subsidiary protection
3919,2025-10-01,3,Turkey,Male,25-34,Rejected,None
3920,2022-11-01,6,Syria,Male,18-24,Accepted,Refugee status
3921,2023-05-01,1,Algeria,Female,55+,Rejected,None
3922,2023-06-01,1,Afghanistan,Male,55+,Accepted,Temporary protection
3923,2023-06-01,1,Guinea,Male,55+,Pending,None
3924,2023-05-01,8,India,Male,25-34,Rejected,None
3925,2023-11-01,5,Algeria,Female,25-34,Withdrawn,None
3926,2025-10-01,8,Côte d'Ivoire,Male,18-24,Withdrawn,None
3927,2023-12-01,2,Algeria,Female,45-54,Pending,None
3928,2024-07-01,4,Morocco,Male,35-44,Accepted,Refugee status
3929,2024-09-01,3,Senegal,Male,25-34,Rejected,None
3930,2024-08-01,1,Portugal,Female,25-34,Accepted,Temporary protection
3931,2023-04-01,2,China,Female,45-54,Accepted,Refugee status
3932,2023-02-01,1,Algeria,Female,25-34,Withdrawn,None
3933,2023-06-01,1,Tunisia,Male,25-34,Accepted,Subsidiary protection
3934,2023-06-01,10,Ukraine,Male,18-24,Pending,None
3935,2025-04-01,9,Italy,Male,18-24,Pending,None
3936,2023-11-01,7,Bangladesh,Male,25-34,Accepted,Subsidiary protection
3937,2025-09-01,1,Italy,Female,25-34,Accepted,Subsidiary protection
3938,2025-11-01,1,Syria,Male,25-34,Rejected,None
3939,2024-09-01,1,Afghanistan,Male,25-34,Rejected,None
3940,2024-09-01,8,Turkey,Female,25-34,Pending,None
3941,2022-06-01,1,Morocco,Female,45-54,Rejected,None
3942,2022-08-01,1,Nigeria,Female,25-34,Pending,None
3943,2024-11-01,5,India,Male,18-24,Pending,None
3944,2025-12-01,3,China,Male,25-34,Accepted,Subsidiary protection
3945,2025-03-01,5,Senegal,Female,25-34,Accepted,Subsidiary protection
3946,2023-01-01,4,Côte d'Ivoire,Female,25-34,Pending,None
3947,2024-09-01,4,Spain,Female,35-44,Accepted,Subsidiary protection
3948,2024-06-01,8,Senegal,Male,35-44,Rejected,None
3949,2022-03-01,1,Ukraine,Female,25-34,Rejected,None
3950,2025-07-01,1,Bangladesh,Male,25-34,Accepted,Temporary protection
3951,2023-05-01,2,Spain,Male,25-34,Withdrawn,None
3952,2024-06-01,4,Spain,Female,18-24,Pending,None
3953,2023-05-01,3,Bangladesh,Male,18-24,Pending,None
3954,2025-09-01,4,India,Female,25-34,Pending,None
3955,2023-11-01,3,Syria,Male,18-24,Pending,None
3956,2025-05-01,3,Guinea,Male,25-34,Pending,None
3957,2025-10-01,9,Spain,Female,18-24,Pending,None
3958,2022-02-01,1,Nigeria,Male,45-54,Accepted,Refugee status
3959,2023-09-01,9,Georgia,Female,25-34,Pending,None
3960,2024-09-01,4,China,Male,35-44,Pending,None
3961,2025-05-01,1,Ukraine,Male,45-54,Rejected,None
3962,2024-11-01,1,Nigeria,Female,45-54,Accepted,Subsidiary protection
3963,2024-08-01,4,Bangladesh,Male,35-44,Rejected,None
3964,2023-06-01,5,Italy,Female,35-44,Pending,None
3965,2022-08-01,3,Spain,Female,25-34,Rejected,None
3966,2025-08-01,2,Côte d'Ivoire,Female,25-34,Withdrawn,None
3967,2022-03-01,1,Bangladesh,Female,25-34,Pending,None
3968,2025-03-01,4,India,Female,25-34,Accepted,Subsidiary protection
3969,2022-02-01,8,Senegal,Female,25-34,Rejected,None
3970,2023-06-01,2,Morocco,Male,18-24,Accepted,Refugee status
3971,2025-06-01,5,Italy,Male,18-24,Pending,None
3972,2022-11-01,1,China,Male,25-34,Pending,None
3973,2023-01-01,2,Ukraine,Male,45-54,Rejected,None
3974,2022-11-01,6,Côte d'Ivoire,Male,35-44,Accepted,Refugee status
3975,2024-09-01,7,Ukraine,Male,25-34,Rejected,None
3976,2022-11-01,4,Guinea,Female,45-54,Pending,None
3977,2024-10-01,4,Spain,Male,35-44,Pending,None
3978,2024-05-01,1,India,Female,45-54,Accepted,Refugee status
3979,2025-07-01,1,Algeria,Male,35-44,Accepted,Refugee status
3980,2024-07-01,5,Senegal,Male,35-44,Accepted,Subsidiary protection
3981,2023-08-01,6,Ukraine,Male,45-54,Pending,None
3982,2022-08-01,1,Syria,Female,25-34,Accepted,Subsidiary protection
3983,2023-10-01,10,Georgia,Female,35-44,Rejected,None
3984,2024-03-01,9,Tunisia,Male,25-34,Rejected,None
3985,2025-09-01,1,Algeria,Male,45-54,Rejected,None
3986,2023-01-01,1,Ukraine,Male,35-44,Accepted,Refugee status
3987,2023-07-01,2,Turkey,Female,25-34,Rejected,None
3988,2025-08-01,9,Georgia,Male,25-34,Accepted,Refugee status
3989,2025-09-01,2,Morocco,Male,18-24,Pending,None
3990,2025-06-01,1,Ukraine,Male,25-34,Withdrawn,None
3991,2022-09-01,8,Afghanistan,Male,35-44,Pending,None
3992,2022-06-01,1,Senegal,Male,25-34,Pending,None
3993,2023-07-01,9,Guinea,Male,35-44,Pending,None
3994,2023-01-01,7,China,Male,35-44,Accepted,Refugee status
3995,2023-04-01,2,Nigeria,Male,45-54,Accepted,Temporary protection
3996,2025-10-01,7,Italy,Male,55+,Accepted,Subsidiary protection
3997,2024-02-01,6,Ukraine,Male,25-34,Pending,None
3998,2023-03-01,4,Côte d'Ivoire,Male,25-34,Pending,None
3999,2024-11-01,7,Syria,Female,25-34,Pending,None
4000,2025-04-01,3,Côte d'Ivoire,Female,25-34,Pending,None
