support_id,region_id,support_date,program,education_level,age_group,sex,completed,employment_outcome
1,1,2022-11-01,Language course,Master,18-24,Female,Yes,Training
2,8,2025-12-01,Job placement,Master,35-44,Female,Yes,Training
3,8,2025-07-01,Job placement,Master,35-44,Male,No,Employed
4,4,2023-10-01,Employer matching,Lower secondary,25-34,Female,No,Still unemployed
5,7,2025-11-01,Skills training,Bachelor,45-54,Female,Yes,Training
6,8,2023-02-01,CV workshop,Master,35-44,Male,Yes,Employed
7,8,2025-11-01,Skills training,Master,35-44,Female,Yes,Employed
8,10,2024-06-01,CV workshop,Master,35-44,Male,Yes,Employed
9,6,2022-02-01,CV workshop,Lower secondary,35-44,Female,Yes,Employed
10,4,2024-09-01,Employer matching,Upper secondary,18-24,Female,No,Still unemployed
11,5,2025-04-01,CV workshop,Lower secondary,35-44,Female,No,Still unemployed
12,5,2023-03-01,Employer matching,Upper secondary,25-34,Female,No,Training
13,2,2024-07-01,Language course,Bachelor,45-54,Female,No,Employed
14,3,2023-08-01,Language course,Doctorate,35-44,Female,Yes,Still unemployed
15,3,2025-12-01,CV workshop,Master,35-44,Female,Yes,Training
16,6,2025-10-01,Language course,Bachelor,35-44,Male,Yes,Employed
17,5,2024-04-01,Job placement,Master,25-34,Male,Yes,Employed
18,6,2024-02-01,Skills training,Bachelor,35-44,Female,Yes,Employed
19,1,2022-04-01,Job placement,Lower secondary,45-54,Female,Yes,Employed
20,9,2025-12-01,Job placement,Bachelor,25-34,Male,Yes,Employed
21,9,2024-08-01,Language course,Lower secondary,25-34,Male,No,Employed
22,8,2024-01-01,Language course,Upper secondary,55+,Male,Yes,Employed
23,7,2023-05-01,Employer matching,Upper secondary,45-54,Male,Yes,Employed
24,5,2022-08-01,Job placement,Doctorate,18-24,Female,Yes,Employed
25,2,2022-11-01,Language course,Upper secondary,25-34,Male,No,Employed
26,2,2025-03-01,Job placement,Master,45-54,Male,Yes,Employed
27,4,2023-02-01,Job placement,Upper secondary,45-54,Female,Yes,Employed
28,3,2025-06-01,Skills training,Bachelor,25-34,Female,Yes,Employed
29,4,2025-12-01,Job placement,Master,25-34,Female,Yes,Still unemployed
30,6,2022-02-01,Language course,Bachelor,25-34,Female,Yes,Employed
31,5,2025-03-01,Employer matching,Bachelor,35-44,Female,Yes,Employed
32,10,2022-12-01,CV workshop,Master,18-24,Male,Yes,Still unemployed
33,2,2024-01-01,Job placement,Upper secondary,25-34,Female,No,Employed
34,7,2023-10-01,Language course,Upper secondary,18-24,Female,Yes,Employed
35,3,2023-05-01,Job placement,Bachelor,55+,Male,Yes,Still unemployed
36,3,2025-09-01,Skills training,Upper secondary,25-34,Male,Yes,Employed
37,5,2022-11-01,Employer matching,Bachelor,35-44,Female,Yes,Training
38,10,2025-07-01,Employer matching,Master,25-34,Male,Yes,Still unemployed
39,10,2025-06-01,Skills training,Master,18-24,Male,No,Employed
40,9,2024-08-01,Job placement,Upper secondary,18-24,Female,Yes,Still unemployed
41,1,2024-12-01,Job placement,Upper secondary,18-24,Male,Yes,Employed
42,5,2025-01-01,Employer matching,Master,35-44,Male,No,Employed
43,9,2024-09-01,Job placement,Bachelor,35-44,Female,Yes,Employed
44,7,2022-07-01,Employer matching,Master,25-34,Female,Yes,Employed
45,4,2023-06-01,Employer matching,Doctorate,55+,Male,Yes,Training
46,2,2024-04-01,Job placement,Upper secondary,25-34,Male,No,Employed
47,5,2023-12-01,CV workshop,Master,45-54,Male,No,Still unemployed
48,10,2025-02-01,Job placement,Upper secondary,35-44,Male,Yes,Employed
49,3,2025-10-01,Skills training,Upper secondary,25-34,Male,Yes,Employed
50,2,2022-12-01,Job placement,Master,25-34,Male,No,Employed
51,9,2025-04-01,Job placement,Upper secondary,25-34,Female,Yes,Employed
52,9,2022-07-01,Employer matching,Lower secondary,35-44,Male,Yes,Employed
53,8,2025-11-01,CV workshop,Bachelor,35-44,Female,Yes,Employed
54,5,2024-05-01,CV workshop,Upper secondary,25-34,Female,Yes,Still unemployed
55,5,2025-11-01,Language course,Lower secondary,55+,Female,Yes,Training
56,8,2025-09-01,CV workshop,Upper secondary,45-54,Male,Yes,Employed
57,1,2022-02-01,Language course,Upper secondary,25-34,Female,No,Still unemployed
58,4,2025-11-01,Language course,Bachelor,25-34,Female,No,Still unemployed
59,1,2025-12-01,Language course,Bachelor,55+,Female,No,Still unemployed
60,6,2023-09-01,Job placement,Upper secondary,55+,Male,No,Employed
61,10,2023-10-01,Employer matching,Bachelor,25-34,Male,Yes,Training
62,6,2023-11-01,Employer matching,Master,45-54,Female,Yes,Employed
63,1,2024-03-01,CV workshop,Master,55+,Male,Yes,Employed
64,5,2024-07-01,Employer matching,Upper secondary,45-54,Female,Yes,Employed
65,6,2022-04-01,CV workshop,Bachelor,35-44,Male,Yes,Still unemployed
66,5,2022-02-01,Job placement,Upper secondary,25-34,Female,Yes,Employed
67,5,2022-04-01,Skills training,Upper secondary,35-44,Male,Yes,Employed
68,10,2024-03-01,Skills training,Master,35-44,Female,Yes,Employed
69,3,2024-03-01,CV workshop,Lower secondary,25-34,Male,No,Still unemployed
70,5,2024-07-01,Skills training,Doctorate,35-44,Male,Yes,Employed
71,4,2022-12-01,Skills training,Upper secondary,35-44,Male,No,Still unemployed
72,2,2022-07-01,CV workshop,Bachelor,35-44,Female,Yes,Still unemployed
73,10,2023-02-01,Employer matching,Bachelor,45-54,Male,Yes,Employed
74,5,2025-04-01,Skills training,Bachelor,55+,Male,Yes,Still unemployed
75,5,2023-10-01,Language course,Bachelor,25-34,Female,Yes,Employed
76,10,2024-02-01,Employer matching,Lower secondary,45-54,Female,No,Employed
77,3,2022-06-01,Employer matching,Upper secondary,35-44,Male,Yes,Employed
78,3,2025-06-01,Skills training,Master,25-34,Female,Yes,Employed
79,9,2022-09-01,CV workshop,Master,35-44,Male,Yes,Still unemployed
80,4,2024-03-01,CV workshop,Bachelor,35-44,Male,No,Employed
81,5,2025-12-01,Language course,Doctorate,45-54,Female,Yes,Employed
82,3,2023-03-01,Skills training,Lower secondary,25-34,Male,Yes,Still unemployed
83,3,2023-11-01,CV workshop,Master,45-54,Male,No,Employed
84,4,2023-06-01,Employer matching,Bachelor,25-34,Male,No,Training
85,3,2023-02-01,CV workshop,Master,25-34,Female,No,Still unemployed
86,5,2025-10-01,Skills training,Bachelor,35-44,Male,Yes,Employed
87,9,2024-12-01,CV workshop,Master,35-44,Male,No,Still unemployed
88,4,2023-10-01,Employer matching,Doctorate,18-24,Male,Yes,Employed
89,3,2024-05-01,Employer matching,Master,25-34,Male,Yes,Training
90,2,2024-01-01,Employer matching,Lower secondary,25-34,Female,Yes,Employed
91,5,2025-10-01,Job placement,Master,55+,Female,Yes,Employed
92,4,2025-01-01,Language course,Bachelor,55+,Female,No,Still unemployed
93,4,2023-04-01,CV workshop,Upper secondary,25-34,Male,Yes,Employed
94,5,2025-04-01,Skills training,Master,45-54,Male,Yes,Employed
95,6,2023-08-01,Skills training,Bachelor,35-44,Female,Yes,Employed
96,5,2025-09-01,Language course,Bachelor,25-34,Male,No,Employed
97,2,2022-02-01,Employer matching,Master,45-54,Male,Yes,Training
98,7,2024-10-01,Employer matching,Master,55+,Female,No,Still unemployed
99,6,2024-07-01,Employer matching,Bachelor,25-34,Female,No,Still unemployed
100,8,2023-03-01,Language course,Bachelor,25-34,Male,Yes,Training
101,8,2024-06-01,CV workshop,Upper secondary,55+,Female,Yes,Employed
102,9,2022-08-01,Job placement,Bachelor,35-44,Male,Yes,Employed
103,8,2022-08-01,Skills training,Doctorate,25-34,Male,Yes,Training
104,3,2023-11-01,Job placement,Upper secondary,18-24,Female,Yes,Employed
105,2,2025-05-01,Employer matching,Upper secondary,35-44,Female,Yes,Employed
106,7,2022-05-01,Employer matching,Bachelor,35-44,Male,Yes,Training
107,2,2023-01-01,Employer matching,Bachelor,25-34,Male,Yes,Employed
108,2,2025-08-01,Employer matching,Lower secondary,35-44,Male,Yes,Employed
109,7,2023-10-01,CV workshop,Lower secondary,25-34,Female,Yes,Still unemployed
110,7,2025-12-01,CV workshop,Bachelor,25-34,Female,No,Still unemployed
111,2,2022-10-01,CV workshop,Upper secondary,25-34,Female,Yes,Employed
112,10,2024-02-01,CV workshop,Bachelor,45-54,Male,No,Still unemployed
113,1,2023-06-01,CV workshop,Master,25-34,Female,Yes,Employed
114,9,2022-02-01,CV workshop,Upper secondary,25-34,Male,Yes,Employed
115,9,2025-07-01,Job placement,Bachelor,45-54,Male,No,Employed
116,7,2023-03-01,Skills training,Bachelor,18-24,Male,Yes,Employed
117,4,2022-04-01,Job placement,Master,35-44,Female,Yes,Still unemployed
118,3,2023-07-01,Language course,Doctorate,18-24,Male,No,Employed
119,6,2024-02-01,Employer matching,Bachelor,18-24,Male,Yes,Still unemployed
120,2,2023-07-01,Job placement,Upper secondary,25-34,Female,Yes,Training
121,8,2023-03-01,CV workshop,Doctorate,55+,Female,Yes,Employed
122,5,2024-10-01,Skills training,Upper secondary,25-34,Female,Yes,Training
123,6,2024-10-01,Language course,Bachelor,25-34,Male,Yes,Still unemployed
124,4,2025-12-01,Job placement,Doctorate,35-44,Male,Yes,Training
125,2,2022-07-01,CV workshop,Bachelor,45-54,Male,No,Still unemployed
126,7,2022-02-01,Skills training,Upper secondary,25-34,Female,No,Still unemployed
127,7,2025-06-01,Employer matching,Lower secondary,25-34,Male,Yes,Employed
128,2,2025-11-01,Employer matching,Master,25-34,Female,Yes,Training
129,4,2024-08-01,Employer matching,Lower secondary,25-34,Female,No,Training
130,1,2025-09-01,Skills training,Lower secondary,18-24,Male,Yes,Employed
131,4,2024-06-01,Skills training,Upper secondary,18-24,Female,No,Still unemployed
132,8,2025-06-01,CV workshop,Bachelor,35-44,Male,Yes,Employed
133,6,2023-12-01,Job placement,Master,25-34,Female,Yes,Employed
134,7,2023-09-01,Job placement,Lower secondary,45-54,Male,Yes,Employed
135,6,2024-03-01,Skills training,Bachelor,35-44,Male,No,Still unemployed
136,4,2023-07-01,CV workshop,Bachelor,18-24,Male,Yes,Employed
137,5,2023-07-01,Employer matching,Bachelor,35-44,Male,Yes,Employed
138,8,2023-12-01,Language course,Bachelor,35-44,Female,Yes,Employed
139,8,2024-07-01,CV workshop,Bachelor,18-24,Male,Yes,Still unemployed
140,5,2024-08-01,Language course,Master,55+,Female,No,Still unemployed
141,8,2022-01-01,CV workshop,Lower secondary,45-54,Female,Yes,Still unemployed
142,8,2023-01-01,Employer matching,Upper secondary,45-54,Male,Yes,Employed
143,5,2023-01-01,Job placement,Master,35-44,Female,Yes,Employed
144,9,2023-08-01,Employer matching,Lower secondary,45-54,Female,Yes,Employed
145,2,2024-07-01,Employer matching,Doctorate,25-34,Male,Yes,Employed
146,8,2025-11-01,Skills training,Bachelor,45-54,Male,No,Employed
147,6,2024-11-01,Employer matching,Upper secondary,55+,Male,No,Still unemployed
148,10,2022-04-01,Skills training,Bachelor,18-24,Female,Yes,Employed
149,2,2024-09-01,Employer matching,Upper secondary,35-44,Male,Yes,Employed
150,1,2022-10-01,Job placement,Master,18-24,Male,Yes,Employed
151,1,2024-11-01,Job placement,Bachelor,35-44,Male,Yes,Employed
152,2,2022-02-01,Job placement,Upper secondary,45-54,Male,Yes,Employed
153,6,2023-05-01,Employer matching,Master,25-34,Male,Yes,Still unemployed
154,8,2024-05-01,Job placement,Bachelor,25-34,Male,Yes,Employed
155,9,2022-10-01,Employer matching,Bachelor,18-24,Male,Yes,Still unemployed
156,8,2024-01-01,Employer matching,Bachelor,35-44,Male,Yes,Still unemployed
157,3,2023-09-01,CV workshop,Master,18-24,Female,No,Still unemployed
158,5,2022-04-01,Employer matching,Upper secondary,55+,Female,No,Still unemployed
159,1,2023-06-01,Language course,Master,25-34,Female,Yes,Employed
160,6,2023-11-01,Job placement,Bachelor,25-34,Male,Yes,Employed
161,8,2024-04-01,Job placement,Doctorate,55+,Female,No,Still unemployed
162,3,2022-10-01,Job placement,Doctorate,35-44,Female,Yes,Still unemployed
163,6,2025-03-01,Language course,Lower secondary,25-34,Female,Yes,Employed
164,4,2024-08-01,Language course,Upper secondary,45-54,Male,Yes,Still unemployed
165,9,2025-02-01,Job placement,Bachelor,45-54,Male,No,Training
166,1,2025-03-01,Job placement,Upper secondary,45-54,Female,Yes,Employed
167,8,2025-01-01,Employer matching,Bachelor,25-34,Female,No,Still unemployed
168,1,2022-06-01,Job placement,Upper secondary,25-34,Male,Yes,Employed
169,5,2023-07-01,Skills training,Doctorate,35-44,Male,Yes,Employed
170,7,2025-01-01,Language course,Upper secondary,35-44,Male,Yes,Employed
171,5,2023-07-01,Employer matching,Lower secondary,25-34,Male,Yes,Employed
172,6,2023-10-01,Employer matching,Bachelor,18-24,Male,No,Still unemployed
173,7,2023-08-01,Language course,Upper secondary,25-34,Female,Yes,Training
174,8,2024-01-01,Language course,Master,45-54,Male,No,Still unemployed
175,1,2022-02-01,Employer matching,Lower secondary,25-34,Female,Yes,Employed
176,4,2023-10-01,CV workshop,Bachelor,25-34,Female,No,Training
177,6,2024-07-01,Skills training,Upper secondary,25-34,Female,No,Employed
178,9,2024-11-01,CV workshop,Doctorate,35-44,Female,Yes,Employed
179,7,2024-05-01,Language course,Master,55+,Female,Yes,Employed
180,4,2024-11-01,CV workshop,Master,25-34,Female,No,Still unemployed
181,9,2022-04-01,Skills training,Bachelor,45-54,Male,Yes,Employed
182,4,2024-05-01,Language course,Bachelor,35-44,Male,Yes,Still unemployed
183,9,2024-08-01,Job placement,Lower secondary,55+,Male,Yes,Training
184,6,2022-11-01,Skills training,Master,18-24,Male,Yes,Employed
185,8,2023-07-01,CV workshop,Doctorate,45-54,Male,No,Training
186,6,2023-07-01,Job placement,Upper secondary,45-54,Female,Yes,Employed
187,8,2022-03-01,Skills training,Bachelor,45-54,Female,Yes,Training
188,8,2025-04-01,Skills training,Bachelor,45-54,Male,No,Training
189,6,2024-04-01,Skills training,Bachelor,25-34,Male,Yes,Still unemployed
190,5,2023-04-01,Job placement,Bachelor,25-34,Female,Yes,Training
191,5,2025-10-01,Employer matching,Bachelor,18-24,Male,Yes,Employed
192,10,2025-09-01,Employer matching,Master,18-24,Female,Yes,Still unemployed
193,6,2022-04-01,Skills training,Upper secondary,55+,Female,Yes,Training
194,5,2023-02-01,Job placement,Lower secondary,45-54,Male,No,Still unemployed
195,4,2025-10-01,Job placement,Upper secondary,18-24,Male,Yes,Employed
196,1,2024-03-01,Employer matching,Lower secondary,25-34,Female,No,Employed
197,2,2023-08-01,Employer matching,Bachelor,25-34,Female,Yes,Employed
198,6,2024-06-01,Skills training,Bachelor,25-34,Male,Yes,Employed
199,1,2025-02-01,CV workshop,Upper secondary,45-54,Female,Yes,Employed
200,8,2022-09-01,Employer matching,Upper secondary,55+,Male,Yes,Employed
201,4,2022-12-01,Job placement,Master,25-34,Male,Yes,Still unemployed
202,5,2023-12-01,Employer matching,Master,45-54,Female,Yes,Employed
203,6,2022-10-01,Employer matching,Bachelor,25-34,Male,Yes,Employed
204,4,2023-01-01,CV workshop,Lower secondary,45-54,Female,No,Still unemployed
205,7,2022-07-01,Employer matching,Master,18-24,Female,Yes,Employed
206,6,2022-12-01,Skills training,Lower secondary,25-34,Male,Yes,Employed
207,4,2024-05-01,Job placement,Master,35-44,Male,Yes,Employed
208,7,2023-12-01,CV workshop,Bachelor,18-24,Male,Yes,Still unemployed
209,3,2024-05-01,Job placement,Upper secondary,18-24,Male,Yes,Employed
210,7,2023-03-01,Employer matching,Lower secondary,25-34,Male,Yes,Employed
211,1,2024-12-01,Employer matching,Master,25-34,Female,Yes,Employed
212,5,2024-05-01,Skills training,Upper secondary,25-34,Female,Yes,Employed
213,5,2022-02-01,Language course,Bachelor,25-34,Male,Yes,Employed
214,4,2024-11-01,Employer matching,Lower secondary,25-34,Male,No,Employed
215,9,2024-08-01,Job placement,Master,18-24,Male,Yes,Employed
216,9,2024-11-01,Job placement,Master,25-34,Female,No,Still unemployed
217,8,2024-05-01,Language course,Upper secondary,25-34,Male,Yes,Employed
218,3,2022-11-01,Language course,Bachelor,35-44,Female,Yes,Employed
219,4,2025-03-01,Employer matching,Bachelor,25-34,Female,No,Still unemployed
220,4,2023-05-01,Language course,Lower secondary,25-34,Female,Yes,Employed
221,8,2022-11-01,CV workshop,Bachelor,25-34,Male,Yes,Training
222,7,2025-11-01,Skills training,Upper secondary,18-24,Male,Yes,Training
223,2,2024-04-01,Skills training,Upper secondary,18-24,Male,No,Training
224,5,2025-08-01,Employer matching,Doctorate,45-54,Female,No,Still unemployed
225,6,2023-06-01,Employer matching,Upper secondary,25-34,Female,Yes,Training
226,4,2025-09-01,Job placement,Bachelor,35-44,Female,Yes,Employed
227,1,2025-11-01,Skills training,Doctorate,25-34,Female,Yes,Employed
228,2,2024-06-01,CV workshop,Lower secondary,25-34,Female,Yes,Employed
229,10,2023-03-01,Job placement,Upper secondary,25-34,Male,Yes,Training
230,6,2024-03-01,CV workshop,Bachelor,25-34,Male,No,Employed
231,2,2024-05-01,Skills training,Bachelor,35-44,Male,Yes,Employed
232,10,2024-02-01,Skills training,Master,35-44,Female,Yes,Employed
233,10,2023-04-01,CV workshop,Bachelor,25-34,Female,Yes,Employed
234,9,2024-12-01,Job placement,Master,25-34,Male,Yes,Employed
235,6,2024-11-01,Skills training,Upper secondary,25-34,Male,Yes,Employed
236,8,2022-03-01,Job placement,Bachelor,18-24,Female,Yes,Employed
237,10,2024-07-01,CV workshop,Master,35-44,Male,Yes,Employed
238,5,2022-08-01,Skills training,Upper secondary,45-54,Female,No,Employed
239,10,2025-11-01,Employer matching,Bachelor,35-44,Female,Yes,Employed
240,9,2023-01-01,Language course,Upper secondary,18-24,Female,Yes,Employed
241,7,2024-06-01,Employer matching,Bachelor,25-34,Female,Yes,Employed
242,10,2024-07-01,Skills training,Upper secondary,25-34,Female,Yes,Employed
243,5,2025-02-01,Language course,Bachelor,45-54,Female,Yes,Employed
244,3,2023-01-01,Language course,Bachelor,25-34,Male,No,Still unemployed
245,10,2025-04-01,Language course,Bachelor,18-24,Male,Yes,Employed
246,5,2022-07-01,Language course,Upper secondary,35-44,Male,No,Still unemployed
247,7,2022-01-01,Job placement,Upper secondary,35-44,Female,Yes,Training
248,9,2022-05-01,Job placement,Bachelor,55+,Male,No,Still unemployed
249,2,2022-03-01,Language course,Bachelor,35-44,Female,Yes,Employed
250,9,2025-08-01,Job placement,Doctorate,18-24,Male,No,Still unemployed
251,7,2022-04-01,Employer matching,Lower secondary,35-44,Female,Yes,Training
252,9,2024-09-01,Employer matching,Doctorate,25-34,Male,Yes,Training
253,3,2024-02-01,Employer matching,Master,45-54,Female,Yes,Employed
254,10,2023-09-01,CV workshop,Upper secondary,25-34,Male,Yes,Employed
255,2,2022-09-01,Skills training,Bachelor,45-54,Male,Yes,Still unemployed
256,3,2022-05-01,CV workshop,Upper secondary,25-34,Male,No,Employed
257,6,2023-12-01,CV workshop,Bachelor,35-44,Female,Yes,Employed
258,6,2024-07-01,Skills training,Master,35-44,Female,Yes,Employed
259,9,2024-07-01,Job placement,Lower secondary,18-24,Female,Yes,Employed
260,2,2024-06-01,Job placement,Master,25-34,Female,Yes,Employed
261,10,2023-08-01,Employer matching,Bachelor,35-44,Female,Yes,Employed
262,6,2022-01-01,CV workshop,Bachelor,35-44,Male,Yes,Employed
263,7,2025-03-01,CV workshop,Bachelor,18-24,Female,No,Still unemployed
264,1,2023-04-01,Skills training,Upper secondary,18-24,Female,Yes,Employed
265,2,2024-08-01,Language course,Upper secondary,25-34,Male,Yes,Employed
266,5,2025-01-01,Employer matching,Bachelor,25-34,Male,Yes,Still unemployed
267,6,2025-12-01,Employer matching,Bachelor,35-44,Male,Yes,Employed
268,6,2025-06-01,Language course,Bachelor,18-24,Female,No,Still unemployed
269,2,2025-06-01,Job placement,Lower secondary,25-34,Male,Yes,Employed
270,7,2023-01-01,Skills training,Master,25-34,Male,Yes,Still unemployed
271,3,2024-07-01,Employer matching,Bachelor,45-54,Female,Yes,Employed
272,3,2023-10-01,Language course,Master,25-34,Male,Yes,Employed
273,2,2023-12-01,Language course,Bachelor,35-44,Female,No,Employed
274,9,2025-02-01,CV workshop,Lower secondary,45-54,Male,Yes,Employed
275,7,2025-10-01,Language course,Master,35-44,Female,No,Still unemployed
276,1,2024-05-01,Job placement,Doctorate,18-24,Female,Yes,Training
277,2,2022-07-01,CV workshop,Bachelor,35-44,Female,No,Employed
278,7,2023-05-01,Employer matching,Upper secondary,45-54,Male,Yes,Still unemployed
279,7,2022-11-01,Job placement,Bachelor,25-34,Male,No,Still unemployed
280,10,2025-11-01,Skills training,Master,45-54,Male,Yes,Employed
281,10,2025-11-01,Job placement,Lower secondary,35-44,Female,No,Still unemployed
282,9,2024-01-01,Skills training,Lower secondary,35-44,Male,Yes,Employed
283,9,2022-10-01,Language course,Master,35-44,Male,Yes,Training
284,6,2024-07-01,Language course,Upper secondary,25-34,Male,Yes,Employed
285,10,2025-10-01,Skills training,Bachelor,25-34,Female,No,Employed
286,2,2024-01-01,Job placement,Master,45-54,Male,Yes,Employed
287,6,2022-12-01,Employer matching,Upper secondary,45-54,Male,No,Employed
288,1,2022-07-01,Job placement,Doctorate,25-34,Male,Yes,Still unemployed
289,8,2024-05-01,Job placement,Master,35-44,Male,Yes,Employed
290,8,2024-03-01,Language course,Bachelor,35-44,Male,No,Still unemployed
291,10,2023-05-01,Job placement,Bachelor,25-34,Female,Yes,Employed
292,2,2023-02-01,CV workshop,Upper secondary,35-44,Female,Yes,Employed
293,8,2025-01-01,Job placement,Bachelor,25-34,Male,Yes,Employed
294,1,2022-02-01,CV workshop,Lower secondary,25-34,Male,No,Still unemployed
295,1,2024-11-01,Skills training,Upper secondary,25-34,Female,No,Employed
296,5,2022-08-01,Job placement,Bachelor,25-34,Male,Yes,Employed
297,10,2025-12-01,Language course,Master,25-34,Female,Yes,Employed
298,2,2025-09-01,Skills training,Upper secondary,25-34,Male,Yes,Employed
299,4,2022-05-01,Language course,Lower secondary,35-44,Female,Yes,Still unemployed
300,9,2025-03-01,Skills training,Lower secondary,45-54,Female,Yes,Employed
301,10,2024-05-01,Job placement,Master,45-54,Female,No,Employed
302,6,2022-02-01,Skills training,Upper secondary,35-44,Male,Yes,Training
303,4,2023-04-01,CV workshop,Lower secondary,35-44,Female,Yes,Training
304,9,2024-06-01,Employer matching,Master,45-54,Female,No,Still unemployed
305,6,2022-07-01,Job placement,Lower secondary,35-44,Female,No,Still unemployed
306,4,2024-05-01,Job placement,Bachelor,18-24,Male,Yes,Still unemployed
307,3,2023-04-01,Language course,Bachelor,25-34,Female,Yes,Employed
308,10,2023-11-01,Employer matching,Master,25-34,Female,Yes,Employed
309,5,2022-08-01,Employer matching,Bachelor,55+,Female,No,Still unemployed
310,10,2022-07-01,Skills training,Bachelor,35-44,Female,No,Still unemployed
311,2,2025-10-01,Employer matching,Lower secondary,25-34,Male,Yes,Still unemployed
312,6,2025-09-01,Skills training,Bachelor,25-34,Male,No,Still unemployed
313,5,2025-03-01,Language course,Bachelor,55+,Female,Yes,Employed
314,2,2024-01-01,Employer matching,Upper secondary,45-54,Male,No,Employed
315,10,2025-09-01,Employer matching,Master,25-34,Female,No,Employed
316,1,2024-12-01,Employer matching,Bachelor,25-34,Female,Yes,Employed
317,1,2024-03-01,Skills training,Bachelor,25-34,Female,Yes,Employed
318,10,2025-05-01,CV workshop,Upper secondary,55+,Male,Yes,Employed
319,3,2025-06-01,CV workshop,Bachelor,35-44,Male,Yes,Employed
320,6,2025-11-01,CV workshop,Bachelor,18-24,Female,No,Employed
321,2,2025-12-01,Job placement,Bachelor,25-34,Male,Yes,Employed
322,3,2022-06-01,CV workshop,Master,35-44,Female,No,Still unemployed
323,9,2025-12-01,Job placement,Master,35-44,Male,Yes,Still unemployed
324,4,2023-07-01,Employer matching,Bachelor,25-34,Male,No,Still unemployed
325,9,2024-08-01,Language course,Master,35-44,Male,No,Still unemployed
326,10,2024-02-01,Language course,Upper secondary,25-34,Male,Yes,Employed
327,10,2023-03-01,Employer matching,Bachelor,55+,Female,Yes,Employed
328,10,2024-04-01,Job placement,Upper secondary,45-54,Female,Yes,Employed
329,5,2024-04-01,CV workshop,Master,25-34,Female,Yes,Employed
330,3,2025-08-01,Job placement,Bachelor,25-34,Female,No,Still unemployed
331,8,2025-12-01,Job placement,Upper secondary,25-34,Female,No,Training
332,6,2023-12-01,CV workshop,Doctorate,18-24,Male,Yes,Employed
333,2,2022-03-01,Language course,Upper secondary,45-54,Female,Yes,Employed
334,9,2025-01-01,Skills training,Master,45-54,Male,No,Still unemployed
335,9,2025-07-01,Language course,Master,25-34,Male,Yes,Still unemployed
336,8,2023-10-01,Skills training,Bachelor,45-54,Female,No,Still unemployed
337,5,2023-04-01,Job placement,Upper secondary,55+,Male,Yes,Training
338,7,2023-07-01,Language course,Lower secondary,35-44,Male,Yes,Employed
339,2,2023-08-01,CV workshop,Upper secondary,25-34,Female,Yes,Training
340,9,2023-01-01,CV workshop,Master,45-54,Male,No,Still unemployed
341,9,2023-05-01,Language course,Upper secondary,25-34,Male,No,Still unemployed
342,9,2023-03-01,Job placement,Upper secondary,55+,Female,No,Employed
343,5,2022-07-01,Job placement,Lower secondary,25-34,Female,Yes,Employed
344,7,2024-07-01,Skills training,Bachelor,25-34,Female,Yes,Training
345,1,2023-07-01,Skills training,Bachelor,18-24,Female,Yes,Employed
346,5,2022-03-01,Job placement,Bachelor,25-34,Male,Yes,Employed
347,6,2024-06-01,Employer matching,Master,35-44,Male,No,Employed
348,9,2023-03-01,Job placement,Lower secondary,25-34,Male,Yes,Employed
349,9,2022-07-01,CV workshop,Upper secondary,35-44,Female,No,Employed
350,8,2024-09-01,Language course,Bachelor,25-34,Female,Yes,Employed
351,2,2024-10-01,Language course,Upper secondary,35-44,Male,Yes,Employed
352,2,2022-05-01,CV workshop,Upper secondary,35-44,Female,Yes,Employed
353,9,2025-01-01,Job placement,Master,55+,Male,Yes,Employed
354,6,2024-02-01,Language course,Lower secondary,45-54,Female,Yes,Still unemployed
355,9,2022-08-01,Employer matching,Master,25-34,Male,No,Still unemployed
356,6,2023-11-01,Skills training,Master,25-34,Female,No,Still unemployed
357,1,2025-12-01,Skills training,Upper secondary,18-24,Female,Yes,Employed
358,10,2022-04-01,Employer matching,Upper secondary,25-34,Female,Yes,Still unemployed
359,9,2023-12-01,Skills training,Upper secondary,25-34,Female,Yes,Still unemployed
360,5,2022-04-01,Language course,Lower secondary,55+,Female,Yes,Training
361,3,2022-10-01,Employer matching,Bachelor,45-54,Male,Yes,Still unemployed
362,3,2024-05-01,CV workshop,Master,45-54,Male,Yes,Employed
363,9,2024-05-01,Employer matching,Upper secondary,25-34,Male,Yes,Still unemployed
364,2,2024-02-01,Employer matching,Upper secondary,45-54,Male,No,Still unemployed
365,6,2024-04-01,Language course,Bachelor,45-54,Male,No,Training
366,10,2024-11-01,Employer matching,Lower secondary,18-24,Female,No,Employed
367,6,2023-11-01,Language course,Upper secondary,25-34,Male,Yes,Employed
368,6,2024-06-01,Skills training,Upper secondary,35-44,Female,Yes,Employed
369,5,2025-07-01,Skills training,Master,25-34,Male,Yes,Employed
370,3,2023-12-01,Language course,Lower secondary,25-34,Male,Yes,Employed
371,3,2022-06-01,Employer matching,Upper secondary,55+,Male,No,Still unemployed
372,5,2023-09-01,CV workshop,Bachelor,25-34,Female,Yes,Still unemployed
373,5,2024-10-01,Job placement,Upper secondary,25-34,Female,Yes,Employed
374,1,2023-04-01,Employer matching,Upper secondary,25-34,Male,Yes,Employed
375,9,2023-05-01,CV workshop,Doctorate,35-44,Male,No,Employed
376,1,2022-02-01,Job placement,Master,35-44,Male,Yes,Employed
377,3,2025-09-01,Employer matching,Upper secondary,45-54,Female,No,Training
378,4,2022-04-01,Language course,Upper secondary,35-44,Female,Yes,Employed
379,10,2025-06-01,Skills training,Master,55+,Female,Yes,Employed
380,8,2024-04-01,CV workshop,Upper secondary,35-44,Female,No,Employed
381,2,2024-12-01,Employer matching,Bachelor,25-34,Female,Yes,Employed
382,8,2024-04-01,Language course,Upper secondary,45-54,Female,Yes,Still unemployed
383,5,2022-05-01,CV workshop,Bachelor,25-34,Male,Yes,Employed
384,1,2022-03-01,CV workshop,Upper secondary,35-44,Female,Yes,Employed
385,5,2023-02-01,CV workshop,Bachelor,25-34,Female,No,Still unemployed
386,7,2023-09-01,Skills training,Master,18-24,Female,Yes,Employed
387,5,2025-11-01,Job placement,Bachelor,25-34,Male,Yes,Still unemployed
388,8,2025-10-01,Job placement,Master,35-44,Female,Yes,Employed
389,10,2022-08-01,Job placement,Bachelor,55+,Male,No,Training
390,3,2022-10-01,Job placement,Upper secondary,35-44,Female,No,Employed
391,6,2025-10-01,Employer matching,Doctorate,25-34,Female,Yes,Still unemployed
392,2,2025-01-01,CV workshop,Doctorate,45-54,Male,Yes,Still unemployed
393,5,2023-06-01,Job placement,Upper secondary,25-34,Female,Yes,Training
394,8,2024-01-01,Skills training,Doctorate,18-24,Male,No,Employed
395,5,2022-02-01,Language course,Doctorate,25-34,Female,Yes,Employed
396,6,2025-02-01,Employer matching,Upper secondary,18-24,Male,No,Still unemployed
397,5,2025-04-01,Language course,Bachelor,25-34,Female,Yes,Employed
398,4,2023-02-01,Language course,Lower secondary,25-34,Female,Yes,Training
399,8,2022-04-01,Job placement,Lower secondary,25-34,Male,No,Employed
400,6,2025-12-01,Language course,Upper secondary,25-34,Male,Yes,Employed
401,3,2023-12-01,CV workshop,Upper secondary,25-34,Female,Yes,Still unemployed
402,9,2023-06-01,Employer matching,Master,35-44,Male,No,Employed
403,8,2022-02-01,Language course,Upper secondary,18-24,Female,No,Employed
404,1,2024-07-01,Job placement,Master,35-44,Male,Yes,Training
405,7,2025-11-01,Language course,Doctorate,35-44,Male,Yes,Employed
406,6,2024-09-01,CV workshop,Bachelor,35-44,Female,Yes,Employed
407,7,2025-11-01,CV workshop,Master,35-44,Male,Yes,Employed
408,3,2024-08-01,Language course,Upper secondary,25-34,Male,Yes,Employed
409,1,2024-10-01,Employer matching,Upper secondary,35-44,Male,Yes,Employed
410,3,2024-02-01,Job placement,Master,25-34,Female,No,Still unemployed
411,6,2025-03-01,Job placement,Bachelor,18-24,Male,Yes,Employed
412,8,2024-09-01,Skills training,Bachelor,35-44,Female,Yes,Employed
413,4,2024-05-01,Skills training,Upper secondary,45-54,Female,Yes,Employed
414,7,2024-09-01,Language course,Bachelor,25-34,Female,Yes,Still unemployed
415,7,2025-08-01,Employer matching,Upper secondary,25-34,Female,No,Still unemployed
416,9,2024-12-01,CV workshop,Master,25-34,Male,Yes,Training
417,8,2023-09-01,Employer matching,Doctorate,18-24,Female,Yes,Employed
418,4,2024-11-01,Skills training,Lower secondary,55+,Female,No,Still unemployed
419,5,2025-08-01,Skills training,Bachelor,25-34,Female,Yes,Training
420,6,2024-09-01,Job placement,Upper secondary,45-54,Male,Yes,Employed
421,4,2024-02-01,Job placement,Master,55+,Male,Yes,Still unemployed
422,2,2025-08-01,Employer matching,Upper secondary,25-34,Female,Yes,Employed
423,6,2023-07-01,Employer matching,Bachelor,25-34,Female,Yes,Still unemployed
424,9,2025-08-01,Language course,Upper secondary,25-34,Female,Yes,Training
425,5,2024-02-01,Language course,Master,35-44,Female,Yes,Employed
426,7,2022-03-01,CV workshop,Upper secondary,25-34,Female,Yes,Still unemployed
427,7,2022-03-01,Job placement,Master,25-34,Male,Yes,Still unemployed
428,10,2025-12-01,Employer matching,Lower secondary,25-34,Male,Yes,Employed
429,6,2023-01-01,CV workshop,Upper secondary,25-34,Female,Yes,Employed
430,7,2025-03-01,Language course,Upper secondary,18-24,Female,Yes,Employed
431,10,2024-08-01,CV workshop,Upper secondary,35-44,Male,Yes,Employed
432,2,2024-05-01,Language course,Bachelor,18-24,Female,No,Still unemployed
433,2,2024-01-01,Skills training,Upper secondary,45-54,Male,Yes,Employed
434,6,2024-06-01,Skills training,Bachelor,25-34,Male,Yes,Employed
435,9,2025-02-01,CV workshop,Doctorate,35-44,Female,No,Still unemployed
436,10,2023-07-01,Job placement,Master,18-24,Female,No,Still unemployed
437,5,2024-07-01,Skills training,Bachelor,35-44,Female,Yes,Employed
438,2,2023-09-01,Job placement,Master,25-34,Male,Yes,Employed
439,8,2024-09-01,Job placement,Upper secondary,35-44,Female,Yes,Still unemployed
440,4,2023-07-01,CV workshop,Upper secondary,25-34,Female,Yes,Employed
441,2,2022-10-01,Language course,Doctorate,35-44,Female,Yes,Still unemployed
442,7,2025-10-01,Skills training,Doctorate,18-24,Female,Yes,Employed
443,9,2025-11-01,Employer matching,Master,45-54,Male,No,Training
444,6,2024-05-01,Skills training,Bachelor,25-34,Female,Yes,Employed
445,4,2024-08-01,Language course,Master,35-44,Female,Yes,Employed
446,2,2022-08-01,Job placement,Upper secondary,25-34,Male,No,Still unemployed
447,10,2024-12-01,Skills training,Upper secondary,35-44,Female,Yes,Training
448,2,2025-01-01,CV workshop,Bachelor,55+,Female,No,Employed
449,7,2022-06-01,Skills training,Bachelor,55+,Female,Yes,Training
450,2,2024-10-01,Employer matching,Upper secondary,45-54,Male,Yes,Employed
451,5,2022-08-01,Skills training,Bachelor,25-34,Male,Yes,Still unemployed
452,6,2024-07-01,Employer matching,Upper secondary,25-34,Male,No,Still unemployed
453,9,2025-02-01,Job placement,Master,25-34,Male,No,Still unemployed
454,10,2023-01-01,Skills training,Bachelor,45-54,Male,No,Still unemployed
455,9,2025-06-01,Job placement,Bachelor,25-34,Female,Yes,Still unemployed
456,6,2024-06-01,CV workshop,Doctorate,25-34,Male,No,Still unemployed
457,6,2025-12-01,CV workshop,Doctorate,25-34,Male,Yes,Employed
458,5,2025-04-01,Skills training,Master,25-34,Male,Yes,Still unemployed
459,3,2024-07-01,Skills training,Bachelor,35-44,Male,Yes,Employed
460,3,2022-09-01,Employer matching,Bachelor,35-44,Male,Yes,Employed
461,2,2025-10-01,Skills training,Bachelor,25-34,Male,No,Training
462,9,2024-03-01,Job placement,Master,25-34,Male,Yes,Employed
463,8,2023-09-01,CV workshop,Master,45-54,Female,Yes,Employed
464,10,2022-11-01,Job placement,Upper secondary,25-34,Male,Yes,Employed
465,4,2024-01-01,CV workshop,Bachelor,35-44,Female,Yes,Employed
466,8,2024-03-01,Language course,Bachelor,35-44,Male,Yes,Still unemployed
467,1,2022-03-01,Employer matching,Lower secondary,25-34,Female,No,Still unemployed
468,6,2024-07-01,Employer matching,Lower secondary,45-54,Male,Yes,Still unemployed
469,5,2022-02-01,CV workshop,Master,18-24,Female,Yes,Still unemployed
470,10,2025-03-01,Employer matching,Master,45-54,Male,Yes,Employed
471,5,2024-01-01,Skills training,Upper secondary,25-34,Male,Yes,Employed
472,6,2023-12-01,Language course,Master,45-54,Male,Yes,Employed
473,9,2023-08-01,Language course,Master,25-34,Male,Yes,Employed
474,4,2025-09-01,Employer matching,Upper secondary,25-34,Male,Yes,Training
475,10,2024-12-01,Language course,Upper secondary,35-44,Male,Yes,Employed
476,2,2025-08-01,Skills training,Bachelor,55+,Female,Yes,Still unemployed
477,9,2025-04-01,Employer matching,Master,18-24,Male,Yes,Still unemployed
478,2,2025-04-01,Employer matching,Bachelor,45-54,Male,Yes,Still unemployed
479,6,2025-05-01,Employer matching,Master,35-44,Female,Yes,Employed
480,5,2024-03-01,Employer matching,Upper secondary,45-54,Male,Yes,Still unemployed
481,2,2023-04-01,Language course,Upper secondary,45-54,Male,No,Still unemployed
482,4,2022-10-01,Job placement,Master,18-24,Male,Yes,Training
483,2,2023-02-01,Employer matching,Bachelor,25-34,Female,No,Employed
484,3,2024-08-01,Job placement,Upper secondary,35-44,Female,Yes,Still unemployed
485,8,2023-09-01,Language course,Master,45-54,Male,Yes,Employed
486,6,2024-10-01,Job placement,Upper secondary,25-34,Female,Yes,Still unemployed
487,7,2024-04-01,Language course,Upper secondary,55+,Male,No,Training
488,8,2023-12-01,Skills training,Master,18-24,Male,Yes,Employed
489,8,2022-12-01,Employer matching,Master,35-44,Female,No,Still unemployed
490,7,2025-11-01,Skills training,Upper secondary,35-44,Female,Yes,Still unemployed
491,6,2024-02-01,Skills training,Bachelor,35-44,Male,No,Still unemployed
492,8,2022-05-01,CV workshop,Lower secondary,18-24,Male,No,Still unemployed
493,9,2023-07-01,Skills training,Upper secondary,25-34,Female,No,Training
494,9,2025-06-01,CV workshop,Lower secondary,25-34,Male,Yes,Employed
495,5,2023-04-01,Job placement,Bachelor,35-44,Female,Yes,Training
496,2,2025-08-01,CV workshop,Doctorate,25-34,Female,Yes,Employed
497,4,2023-01-01,Language course,Upper secondary,45-54,Female,Yes,Still unemployed
498,10,2024-07-01,Job placement,Doctorate,18-24,Female,Yes,Employed
499,7,2024-01-01,Skills training,Upper secondary,25-34,Female,No,Still unemployed
500,2,2025-07-01,Employer matching,Lower secondary,45-54,Female,Yes,Still unemployed
501,4,2023-02-01,Job placement,Upper secondary,35-44,Male,Yes,Employed
502,8,2022-11-01,CV workshop,Bachelor,25-34,Male,Yes,Employed
503,10,2022-12-01,Skills training,Upper secondary,45-54,Female,Yes,Still unemployed
504,6,2023-05-01,Skills training,Bachelor,25-34,Female,No,Still unemployed
505,9,2023-01-01,Job placement,Upper secondary,35-44,Female,No,Still unemployed
506,6,2022-09-01,Language course,Master,35-44,Female,Yes,Employed
507,8,2024-04-01,Employer matching,Upper secondary,18-24,Male,Yes,Employed
508,10,2023-04-01,Job placement,Bachelor,35-44,Male,Yes,Employed
509,6,2022-08-01,Language course,Bachelor,35-44,Male,Yes,Still unemployed
510,8,2022-08-01,CV workshop,Master,35-44,Female,Yes,Still unemployed
511,2,2022-06-01,Job placement,Bachelor,35-44,Female,Yes,Employed
512,1,2022-08-01,Job placement,Bachelor,25-34,Male,Yes,Employed
513,5,2025-10-01,Language course,Master,25-34,Male,Yes,Employed
514,7,2022-02-01,Skills training,Master,25-34,Male,Yes,Employed
515,4,2025-10-01,Job placement,Master,25-34,Female,No,Still unemployed
516,5,2024-12-01,Skills training,Upper secondary,25-34,Female,No,Still unemployed
517,5,2023-02-01,Job placement,Master,25-34,Female,Yes,Employed
518,5,2023-03-01,Job placement,Bachelor,55+,Female,Yes,Still unemployed
519,8,2022-05-01,Employer matching,Master,18-24,Male,Yes,Still unemployed
520,1,2024-06-01,Language course,Bachelor,45-54,Male,Yes,Employed
521,3,2022-04-01,Language course,Upper secondary,25-34,Male,Yes,Employed
522,9,2024-10-01,Skills training,Upper secondary,35-44,Female,Yes,Training
523,9,2023-10-01,Language course,Bachelor,25-34,Female,No,Still unemployed
524,4,2024-09-01,Employer matching,Bachelor,45-54,Male,Yes,Employed
525,5,2025-10-01,CV workshop,Bachelor,18-24,Female,Yes,Employed
526,10,2025-09-01,Job placement,Master,25-34,Female,No,Still unemployed
527,5,2022-10-01,Job placement,Master,55+,Female,No,Employed
528,9,2024-11-01,Skills training,Master,25-34,Female,No,Employed
529,2,2024-03-01,Job placement,Bachelor,25-34,Female,No,Still unemployed
530,9,2024-06-01,Language course,Master,25-34,Female,No,Employed
531,6,2022-04-01,Language course,Master,18-24,Male,Yes,Still unemployed
532,6,2022-07-01,CV workshop,Bachelor,25-34,Male,No,Still unemployed
533,4,2022-09-01,Language course,Bachelor,25-34,Female,No,Still unemployed
534,9,2022-02-01,CV workshop,Upper secondary,25-34,Female,Yes,Employed
535,3,2022-05-01,Employer matching,Upper secondary,18-24,Female,Yes,Training
536,3,2024-11-01,CV workshop,Bachelor,35-44,Male,Yes,Employed
537,5,2023-04-01,Skills training,Master,35-44,Male,Yes,Still unemployed
538,6,2025-06-01,CV workshop,Bachelor,35-44,Female,Yes,Employed
539,1,2025-02-01,Language course,Upper secondary,25-34,Male,Yes,Still unemployed
540,6,2024-05-01,CV workshop,Master,35-44,Male,Yes,Still unemployed
541,3,2023-06-01,Skills training,Bachelor,45-54,Female,Yes,Training
542,5,2025-12-01,Employer matching,Upper secondary,55+,Male,No,Still unemployed
543,3,2024-07-01,CV workshop,Upper secondary,45-54,Male,No,Employed
544,6,2025-07-01,Language course,Master,18-24,Female,No,Employed
545,1,2023-01-01,CV workshop,Master,55+,Male,Yes,Still unemployed
546,8,2025-10-01,Job placement,Upper secondary,25-34,Female,No,Still unemployed
547,3,2023-02-01,Employer matching,Upper secondary,18-24,Male,Yes,Still unemployed
548,2,2024-12-01,CV workshop,Bachelor,25-34,Female,Yes,Employed
549,1,2025-12-01,Skills training,Master,25-34,Female,Yes,Still unemployed
550,10,2025-11-01,Employer matching,Lower secondary,35-44,Male,Yes,Training
551,8,2023-06-01,CV workshop,Bachelor,55+,Female,Yes,Still unemployed
552,5,2024-05-01,Job placement,Lower secondary,35-44,Male,Yes,Still unemployed
553,4,2024-11-01,Job placement,Bachelor,35-44,Male,No,Still unemployed
554,7,2023-11-01,Language course,Upper secondary,25-34,Male,No,Still unemployed
555,5,2024-01-01,Language course,Upper secondary,35-44,Female,Yes,Still unemployed
556,10,2022-03-01,Language course,Upper secondary,25-34,Female,Yes,Training
557,8,2022-05-01,Job placement,Bachelor,25-34,Male,No,Still unemployed
558,10,2025-09-01,Language course,Bachelor,25-34,Female,No,Still unemployed
559,9,2022-04-01,Skills training,Lower secondary,45-54,Male,No,Still unemployed
560,6,2023-07-01,Skills training,Bachelor,25-34,Male,Yes,Employed
561,1,2025-01-01,Skills training,Upper secondary,45-54,Male,No,Employed
562,10,2022-05-01,CV workshop,Master,25-34,Male,No,Still unemployed
563,3,2025-06-01,Job placement,Lower secondary,18-24,Male,Yes,Training
564,6,2024-11-01,Job placement,Master,35-44,Male,No,Still unemployed
565,8,2023-09-01,Language course,Bachelor,35-44,Male,No,Still unemployed
566,3,2023-04-01,Language course,Lower secondary,55+,Female,Yes,Training
567,8,2022-05-01,CV workshop,Master,25-34,Male,Yes,Training
568,6,2024-03-01,Employer matching,Lower secondary,18-24,Male,No,Still unemployed
569,10,2025-01-01,Job placement,Upper secondary,25-34,Male,Yes,Employed
570,2,2025-12-01,CV workshop,Upper secondary,25-34,Male,No,Still unemployed
571,3,2023-02-01,Job placement,Upper secondary,35-44,Male,Yes,Training
572,8,2024-08-01,Employer matching,Master,35-44,Female,Yes,Employed
573,9,2022-02-01,Language course,Upper secondary,25-34,Male,Yes,Employed
574,3,2022-02-01,Job placement,Upper secondary,55+,Female,Yes,Employed
575,8,2022-10-01,Employer matching,Bachelor,25-34,Female,Yes,Employed
576,5,2022-03-01,CV workshop,Master,25-34,Female,Yes,Still unemployed
577,9,2023-03-01,Skills training,Doctorate,25-34,Male,Yes,Training
578,4,2024-04-01,Job placement,Bachelor,35-44,Male,Yes,Employed
579,10,2022-08-01,Employer matching,Lower secondary,35-44,Male,Yes,Training
580,3,2022-03-01,Language course,Upper secondary,35-44,Male,Yes,Still unemployed
581,10,2023-07-01,CV workshop,Master,18-24,Male,Yes,Employed
582,8,2022-01-01,Job placement,Master,55+,Female,Yes,Employed
583,3,2024-06-01,Employer matching,Upper secondary,18-24,Male,Yes,Employed
584,4,2023-04-01,Language course,Master,35-44,Male,Yes,Employed
585,1,2025-02-01,Employer matching,Lower secondary,35-44,Male,Yes,Employed
586,10,2022-03-01,Employer matching,Upper secondary,25-34,Female,No,Still unemployed
587,2,2023-05-01,Job placement,Lower secondary,25-34,Female,No,Training
588,1,2025-06-01,CV workshop,Doctorate,25-34,Female,No,Training
589,6,2023-06-01,Skills training,Upper secondary,18-24,Female,Yes,Employed
590,5,2023-06-01,Language course,Upper secondary,25-34,Male,Yes,Employed
591,7,2022-02-01,Job placement,Master,25-34,Male,Yes,Still unemployed
592,5,2023-12-01,CV workshop,Upper secondary,25-34,Male,Yes,Training
593,3,2024-10-01,Employer matching,Bachelor,25-34,Male,Yes,Employed
594,6,2025-01-01,Employer matching,Master,55+,Male,Yes,Employed
595,9,2022-08-01,CV workshop,Upper secondary,45-54,Male,Yes,Employed
596,2,2023-04-01,Employer matching,Bachelor,35-44,Female,Yes,Training
597,3,2022-04-01,Employer matching,Upper secondary,55+,Male,Yes,Employed
598,9,2023-04-01,Language course,Master,25-34,Female,No,Still unemployed
599,10,2025-08-01,CV workshop,Upper secondary,25-34,Male,No,Still unemployed
600,3,2023-01-01,Employer matching,Bachelor,25-34,Female,Yes,Employed
601,9,2023-12-01,Job placement,Master,35-44,Female,Yes,Employed
602,4,2025-11-01,Job placement,Master,35-44,Male,No,Still unemployed
603,8,2025-10-01,Job placement,Upper secondary,35-44,Male,Yes,Training
604,6,2022-11-01,Skills training,Lower secondary,25-34,Female,Yes,Employed
605,5,2023-09-01,CV workshop,Bachelor,25-34,Male,No,Still unemployed
606,1,2024-09-01,Skills training,Lower secondary,25-34,Female,No,Training
607,4,2025-12-01,Job placement,Upper secondary,25-34,Female,Yes,Employed
608,7,2024-07-01,Employer matching,Upper secondary,25-34,Female,Yes,Employed
609,8,2025-01-01,Job placement,Bachelor,35-44,Male,No,Still unemployed
610,3,2023-11-01,CV workshop,Upper secondary,35-44,Male,No,Employed
611,2,2022-07-01,Employer matching,Master,25-34,Male,Yes,Employed
612,8,2025-01-01,Skills training,Upper secondary,35-44,Female,Yes,Employed
613,3,2023-08-01,Job placement,Bachelor,25-34,Male,Yes,Employed
614,3,2022-09-01,Skills training,Upper secondary,18-24,Male,Yes,Employed
615,5,2024-01-01,CV workshop,Bachelor,35-44,Female,No,Training
616,7,2022-04-01,Job placement,Bachelor,45-54,Male,No,Employed
617,4,2024-09-01,Job placement,Upper secondary,35-44,Female,Yes,Employed
618,5,2024-07-01,Employer matching,Bachelor,25-34,Male,No,Employed
619,10,2023-10-01,Employer matching,Upper secondary,25-34,Male,Yes,Training
620,9,2023-01-01,Employer matching,Upper secondary,45-54,Male,Yes,Still unemployed
621,5,2023-11-01,Job placement,Upper secondary,18-24,Female,Yes,Employed
622,4,2025-06-01,CV workshop,Master,55+,Female,Yes,Employed
623,4,2023-02-01,Language course,Master,18-24,Female,No,Employed
624,6,2024-04-01,Employer matching,Bachelor,25-34,Female,Yes,Employed
625,4,2024-03-01,Language course,Lower secondary,35-44,Female,Yes,Employed
626,6,2022-09-01,Skills training,Upper secondary,25-34,Male,Yes,Still unemployed
627,6,2024-02-01,Employer matching,Lower secondary,35-44,Female,Yes,Training
628,2,2023-02-01,Skills training,Bachelor,25-34,Male,Yes,Training
629,6,2025-05-01,Employer matching,Lower secondary,45-54,Male,Yes,Employed
630,6,2024-05-01,Skills training,Lower secondary,55+,Female,No,Still unemployed
631,10,2024-03-01,Employer matching,Upper secondary,45-54,Male,No,Employed
632,5,2025-09-01,Skills training,Master,35-44,Female,Yes,Employed
633,5,2023-07-01,Skills training,Bachelor,25-34,Male,Yes,Still unemployed
634,2,2023-07-01,Language course,Lower secondary,35-44,Male,Yes,Employed
635,2,2022-12-01,Skills training,Bachelor,45-54,Male,Yes,Employed
636,7,2022-03-01,Language course,Bachelor,45-54,Female,Yes,Employed
637,5,2025-04-01,Job placement,Doctorate,18-24,Male,No,Training
638,6,2024-10-01,CV workshop,Upper secondary,35-44,Male,Yes,Still unemployed
639,3,2024-09-01,CV workshop,Bachelor,25-34,Male,Yes,Employed
640,2,2024-03-01,Skills training,Master,35-44,Male,No,Still unemployed
641,10,2024-08-01,Skills training,Master,35-44,Female,Yes,Employed
642,7,2025-01-01,Language course,Master,55+,Male,Yes,Training
643,6,2022-04-01,Job placement,Upper secondary,18-24,Male,No,Training
644,5,2024-01-01,Language course,Master,25-34,Male,No,Still unemployed
645,1,2025-05-01,Employer matching,Upper secondary,18-24,Female,Yes,Still unemployed
646,10,2023-08-01,Job placement,Master,45-54,Female,Yes,Employed
647,7,2024-03-01,CV workshop,Bachelor,25-34,Male,Yes,Employed
648,6,2023-09-01,Employer matching,Lower secondary,18-24,Male,Yes,Training
649,10,2025-05-01,Skills training,Upper secondary,18-24,Female,Yes,Still unemployed
650,3,2025-03-01,Employer matching,Master,35-44,Male,No,Training
651,3,2025-03-01,Job placement,Bachelor,18-24,Female,Yes,Still unemployed
652,8,2023-07-01,Job placement,Master,25-34,Female,Yes,Still unemployed
653,9,2025-10-01,CV workshop,Master,25-34,Female,Yes,Employed
654,5,2023-11-01,Skills training,Lower secondary,35-44,Female,No,Still unemployed
655,2,2024-12-01,Employer matching,Lower secondary,18-24,Male,Yes,Employed
656,9,2023-01-01,Skills training,Doctorate,25-34,Male,No,Still unemployed
657,2,2022-09-01,Employer matching,Bachelor,45-54,Male,Yes,Employed
658,5,2022-01-01,Language course,Master,18-24,Female,Yes,Employed
659,5,2023-02-01,Employer matching,Upper secondary,18-24,Male,Yes,Employed
660,3,2022-11-01,Job placement,Upper secondary,35-44,Male,Yes,Employed
661,10,2025-11-01,Language course,Lower secondary,25-34,Male,Yes,Still unemployed
662,5,2025-03-01,Language course,Upper secondary,25-34,Female,Yes,Employed
663,7,2025-12-01,Job placement,Lower secondary,18-24,Male,Yes,Employed
664,2,2025-08-01,Job placement,Master,35-44,Female,Yes,Employed
665,9,2024-04-01,Language course,Master,25-34,Male,No,Still unemployed
666,4,2024-12-01,Job placement,Master,45-54,Female,No,Still unemployed
667,2,2022-11-01,CV workshop,Lower secondary,18-24,Male,No,Still unemployed
668,6,2023-09-01,Language course,Bachelor,55+,Male,Yes,Employed
669,6,2025-04-01,Job placement,Upper secondary,18-24,Female,Yes,Employed
670,7,2024-09-01,Employer matching,Lower secondary,25-34,Male,Yes,Employed
671,8,2025-10-01,Employer matching,Lower secondary,18-24,Female,Yes,Still unemployed
672,4,2022-06-01,CV workshop,Master,45-54,Male,Yes,Employed
673,4,2023-11-01,CV workshop,Upper secondary,25-34,Male,Yes,Employed
674,2,2022-05-01,Language course,Bachelor,18-24,Female,Yes,Employed
675,10,2022-08-01,Employer matching,Master,35-44,Male,No,Still unemployed
676,4,2022-10-01,Job placement,Bachelor,25-34,Male,Yes,Employed
677,10,2024-12-01,Language course,Upper secondary,35-44,Male,No,Employed
678,6,2024-05-01,Language course,Doctorate,25-34,Male,Yes,Still unemployed
679,10,2023-12-01,Employer matching,Bachelor,18-24,Female,Yes,Employed
680,6,2023-09-01,Job placement,Upper secondary,45-54,Female,Yes,Still unemployed
681,10,2025-05-01,CV workshop,Bachelor,25-34,Male,No,Still unemployed
682,9,2022-09-01,Language course,Bachelor,18-24,Female,Yes,Employed
683,1,2023-07-01,Job placement,Master,35-44,Male,Yes,Still unemployed
684,1,2024-03-01,Job placement,Master,45-54,Male,Yes,Still unemployed
685,2,2023-07-01,Employer matching,Upper secondary,25-34,Male,Yes,Still unemployed
686,6,2025-08-01,CV workshop,Master,45-54,Male,Yes,Employed
687,2,2023-07-01,Job placement,Bachelor,18-24,Male,No,Still unemployed
688,2,2024-03-01,Skills training,Bachelor,25-34,Female,Yes,Employed
689,3,2024-05-01,Job placement,Upper secondary,35-44,Female,No,Training
690,9,2024-01-01,Employer matching,Lower secondary,45-54,Male,Yes,Still unemployed
691,4,2022-10-01,Employer matching,Lower secondary,18-24,Male,No,Still unemployed
692,7,2023-06-01,Language course,Master,35-44,Female,No,Still unemployed
693,4,2025-12-01,CV workshop,Upper secondary,45-54,Female,No,Employed
694,3,2022-01-01,Job placement,Bachelor,18-24,Female,Yes,Employed
695,2,2025-05-01,Employer matching,Master,18-24,Female,Yes,Employed
696,6,2022-12-01,Language course,Doctorate,35-44,Female,No,Still unemployed
697,6,2024-06-01,CV workshop,Doctorate,25-34,Male,Yes,Employed
698,9,2023-04-01,Job placement,Master,25-34,Male,No,Still unemployed
699,9,2022-08-01,CV workshop,Bachelor,45-54,Female,No,Employed
700,2,2023-10-01,Language course,Upper secondary,18-24,Male,Yes,Employed
701,6,2023-10-01,Language course,Lower secondary,35-44,Male,Yes,Training
702,4,2025-09-01,Job placement,Upper secondary,45-54,Male,No,Still unemployed
703,7,2022-09-01,Skills training,Upper secondary,25-34,Female,Yes,Training
704,5,2023-03-01,Employer matching,Bachelor,35-44,Female,Yes,Still unemployed
705,4,2025-05-01,Employer matching,Bachelor,35-44,Female,Yes,Training
706,3,2023-04-01,Skills training,Doctorate,25-34,Male,No,Training
707,5,2022-01-01,Language course,Upper secondary,35-44,Female,Yes,Employed
708,2,2023-04-01,Employer matching,Doctorate,18-24,Female,Yes,Employed
709,5,2023-10-01,Employer matching,Master,45-54,Male,Yes,Employed
710,2,2022-11-01,CV workshop,Bachelor,18-24,Male,Yes,Employed
711,2,2022-08-01,CV workshop,Upper secondary,25-34,Male,Yes,Employed
712,4,2023-09-01,Employer matching,Bachelor,25-34,Male,Yes,Still unemployed
713,8,2022-02-01,Job placement,Bachelor,25-34,Female,Yes,Employed
714,8,2024-12-01,Job placement,Master,35-44,Female,Yes,Employed
715,10,2023-07-01,Skills training,Bachelor,35-44,Female,Yes,Employed
716,10,2024-12-01,Job placement,Doctorate,45-54,Female,Yes,Still unemployed
717,3,2023-12-01,Employer matching,Upper secondary,25-34,Female,Yes,Employed
718,3,2022-01-01,CV workshop,Upper secondary,35-44,Male,Yes,Employed
719,10,2025-12-01,Job placement,Master,18-24,Female,Yes,Still unemployed
720,9,2025-01-01,Employer matching,Doctorate,45-54,Male,Yes,Employed
721,7,2022-04-01,Language course,Upper secondary,25-34,Male,No,Employed
722,5,2023-07-01,Employer matching,Lower secondary,35-44,Female,Yes,Employed
723,3,2024-08-01,CV workshop,Bachelor,55+,Female,No,Still unemployed
724,2,2022-01-01,Job placement,Master,45-54,Female,Yes,Employed
725,10,2022-10-01,Skills training,Bachelor,25-34,Female,Yes,Still unemployed
726,6,2025-12-01,Employer matching,Upper secondary,25-34,Male,Yes,Employed
727,1,2024-11-01,Language course,Bachelor,18-24,Male,No,Still unemployed
728,4,2025-06-01,CV workshop,Upper secondary,35-44,Male,Yes,Employed
729,8,2025-08-01,Skills training,Upper secondary,35-44,Female,No,Still unemployed
730,4,2023-06-01,CV workshop,Bachelor,35-44,Female,Yes,Still unemployed
731,10,2025-03-01,Job placement,Lower secondary,25-34,Male,Yes,Employed
732,4,2024-09-01,Job placement,Master,35-44,Female,Yes,Employed
733,9,2024-06-01,CV workshop,Master,25-34,Female,No,Still unemployed
734,6,2024-07-01,Skills training,Doctorate,25-34,Female,No,Still unemployed
735,9,2022-10-01,CV workshop,Master,18-24,Female,Yes,Still unemployed
736,5,2025-12-01,CV workshop,Upper secondary,35-44,Female,Yes,Still unemployed
737,7,2022-08-01,Job placement,Upper secondary,25-34,Male,No,Training
738,4,2022-09-01,Employer matching,Bachelor,35-44,Male,Yes,Still unemployed
739,3,2025-07-01,CV workshop,Master,45-54,Male,Yes,Still unemployed
740,2,2022-11-01,Employer matching,Lower secondary,35-44,Female,Yes,Employed
741,5,2022-04-01,Job placement,Doctorate,35-44,Female,Yes,Employed
742,6,2024-09-01,Skills training,Bachelor,45-54,Female,No,Still unemployed
743,7,2023-03-01,CV workshop,Master,55+,Female,Yes,Still unemployed
744,9,2022-04-01,Language course,Bachelor,25-34,Male,Yes,Employed
745,10,2022-10-01,Language course,Master,25-34,Female,No,Still unemployed
746,4,2025-04-01,Language course,Master,25-34,Female,No,Employed
747,1,2022-08-01,CV workshop,Bachelor,18-24,Male,Yes,Employed
748,6,2022-11-01,CV workshop,Bachelor,25-34,Female,Yes,Still unemployed
749,9,2024-08-01,Skills training,Doctorate,35-44,Female,Yes,Still unemployed
750,7,2025-01-01,Language course,Doctorate,45-54,Female,Yes,Still unemployed
751,6,2024-03-01,Language course,Master,45-54,Female,Yes,Employed
752,5,2022-08-01,Skills training,Master,18-24,Female,Yes,Still unemployed
753,10,2023-03-01,CV workshop,Bachelor,25-34,Male,Yes,Still unemployed
754,8,2024-12-01,Language course,Bachelor,55+,Male,No,Still unemployed
755,9,2023-11-01,CV workshop,Upper secondary,35-44,Female,Yes,Employed
756,1,2022-04-01,Job placement,Bachelor,55+,Male,Yes,Training
757,3,2025-07-01,Job placement,Upper secondary,25-34,Male,Yes,Still unemployed
758,2,2022-05-01,Language course,Upper secondary,25-34,Female,No,Still unemployed
759,6,2024-09-01,Language course,Upper secondary,25-34,Male,Yes,Still unemployed
760,1,2022-03-01,Employer matching,Bachelor,45-54,Female,Yes,Employed
761,9,2023-08-01,Employer matching,Lower secondary,25-34,Male,Yes,Still unemployed
762,10,2024-08-01,CV workshop,Master,25-34,Female,Yes,Employed
763,9,2022-09-01,Language course,Master,45-54,Female,Yes,Employed
764,1,2022-08-01,Job placement,Bachelor,25-34,Male,Yes,Employed
765,6,2024-08-01,Job placement,Bachelor,25-34,Female,Yes,Employed
766,9,2023-06-01,Job placement,Doctorate,45-54,Male,No,Employed
767,5,2023-02-01,Language course,Upper secondary,25-34,Male,Yes,Training
768,1,2025-07-01,Language course,Bachelor,35-44,Male,No,Still unemployed
769,8,2023-03-01,Employer matching,Master,18-24,Male,Yes,Training
770,5,2023-04-01,Employer matching,Master,55+,Male,Yes,Training
771,9,2025-03-01,Language course,Master,35-44,Male,Yes,Employed
772,6,2022-08-01,Job placement,Upper secondary,55+,Male,Yes,Employed
773,4,2023-10-01,Language course,Master,45-54,Male,Yes,Employed
774,8,2024-09-01,Language course,Lower secondary,45-54,Female,No,Still unemployed
775,8,2022-04-01,Skills training,Bachelor,18-24,Female,Yes,Employed
776,2,2022-08-01,Job placement,Lower secondary,25-34,Male,Yes,Employed
777,3,2025-09-01,CV workshop,Upper secondary,18-24,Female,Yes,Still unemployed
778,7,2024-11-01,Job placement,Bachelor,35-44,Female,No,Still unemployed
779,10,2023-04-01,Skills training,Master,55+,Male,Yes,Employed
780,9,2023-10-01,CV workshop,Bachelor,25-34,Female,Yes,Employed
781,2,2023-06-01,Language course,Doctorate,25-34,Female,Yes,Training
782,10,2025-09-01,Employer matching,Bachelor,25-34,Male,Yes,Employed
783,5,2024-12-01,Job placement,Lower secondary,35-44,Female,Yes,Employed
784,10,2022-12-01,Skills training,Upper secondary,45-54,Male,Yes,Employed
785,3,2022-05-01,Skills training,Master,35-44,Female,Yes,Still unemployed
786,10,2023-12-01,Job placement,Doctorate,45-54,Female,Yes,Employed
787,6,2025-03-01,Job placement,Bachelor,25-34,Male,No,Still unemployed
788,4,2025-05-01,Job placement,Master,25-34,Male,Yes,Employed
789,4,2022-05-01,Employer matching,Bachelor,25-34,Female,Yes,Employed
790,2,2024-08-01,CV workshop,Bachelor,18-24,Male,Yes,Still unemployed
791,10,2023-11-01,Skills training,Master,45-54,Male,No,Employed
792,5,2022-10-01,Language course,Bachelor,35-44,Female,Yes,Employed
793,7,2024-02-01,Language course,Bachelor,18-24,Male,Yes,Employed
794,3,2022-04-01,Job placement,Bachelor,35-44,Male,No,Still unemployed
795,4,2022-03-01,Language course,Upper secondary,35-44,Female,Yes,Training
796,10,2024-03-01,Job placement,Bachelor,45-54,Female,No,Still unemployed
797,1,2022-09-01,Job placement,Upper secondary,18-24,Female,Yes,Employed
798,5,2024-04-01,Language course,Doctorate,18-24,Female,Yes,Employed
799,6,2025-11-01,Employer matching,Upper secondary,25-34,Male,No,Still unemployed
800,4,2022-11-01,Job placement,Upper secondary,25-34,Female,Yes,Employed
801,6,2024-11-01,Language course,Master,18-24,Female,Yes,Training
802,10,2025-02-01,CV workshop,Upper secondary,45-54,Female,Yes,Training
803,4,2022-07-01,Skills training,Bachelor,55+,Male,No,Training
804,3,2022-12-01,Employer matching,Master,35-44,Female,Yes,Employed
805,3,2022-11-01,Job placement,Bachelor,45-54,Male,Yes,Employed
806,5,2025-11-01,Skills training,Upper secondary,35-44,Male,Yes,Employed
807,9,2024-05-01,Language course,Bachelor,35-44,Female,Yes,Employed
808,5,2024-11-01,Language course,Lower secondary,45-54,Female,Yes,Employed
809,7,2022-06-01,Skills training,Bachelor,45-54,Male,No,Still unemployed
810,9,2024-06-01,CV workshop,Bachelor,25-34,Female,Yes,Still unemployed
811,2,2024-03-01,Language course,Master,45-54,Male,No,Employed
812,5,2024-08-01,Job placement,Master,18-24,Female,Yes,Still unemployed
813,10,2023-10-01,Job placement,Bachelor,18-24,Female,Yes,Employed
814,4,2022-01-01,Language course,Master,25-34,Female,Yes,Employed
815,3,2024-08-01,Job placement,Upper secondary,25-34,Female,Yes,Still unemployed
816,2,2023-06-01,CV workshop,Upper secondary,25-34,Female,Yes,Employed
817,2,2023-01-01,Language course,Bachelor,45-54,Female,Yes,Employed
818,6,2025-06-01,Language course,Master,35-44,Female,Yes,Employed
819,8,2022-09-01,CV workshop,Upper secondary,25-34,Female,Yes,Employed
820,7,2025-09-01,Skills training,Bachelor,45-54,Female,Yes,Employed
821,6,2023-12-01,Skills training,Upper secondary,35-44,Female,Yes,Training
822,3,2022-10-01,Job placement,Upper secondary,45-54,Male,No,Employed
823,6,2025-05-01,Language course,Upper secondary,25-34,Female,Yes,Employed
824,7,2025-08-01,Job placement,Upper secondary,25-34,Male,No,Still unemployed
825,3,2025-10-01,CV workshop,Bachelor,25-34,Male,Yes,Employed
826,5,2023-06-01,CV workshop,Bachelor,45-54,Male,Yes,Still unemployed
827,6,2025-09-01,Employer matching,Upper secondary,25-34,Male,Yes,Still unemployed
828,1,2024-10-01,CV workshop,Doctorate,18-24,Female,Yes,Employed
829,7,2023-07-01,Skills training,Bachelor,35-44,Female,Yes,Employed
830,1,2025-07-01,Employer matching,Upper secondary,25-34,Male,Yes,Employed
831,5,2024-01-01,CV workshop,Doctorate,35-44,Male,Yes,Employed
832,1,2022-11-01,Language course,Upper secondary,35-44,Male,Yes,Still unemployed
833,3,2024-12-01,Job placement,Bachelor,25-34,Female,No,Still unemployed
834,5,2022-07-01,Employer matching,Bachelor,55+,Male,No,Still unemployed
835,2,2023-03-01,Job placement,Master,25-34,Female,Yes,Employed
836,9,2023-11-01,Job placement,Bachelor,35-44,Female,Yes,Employed
837,9,2024-05-01,Job placement,Lower secondary,35-44,Male,Yes,Still unemployed
838,4,2024-06-01,Employer matching,Upper secondary,35-44,Male,Yes,Still unemployed
839,6,2025-04-01,Language course,Upper secondary,18-24,Male,Yes,Still unemployed
840,7,2024-04-01,Language course,Upper secondary,25-34,Female,Yes,Employed
841,5,2024-01-01,Skills training,Master,45-54,Female,No,Still unemployed
842,9,2024-09-01,Employer matching,Bachelor,45-54,Female,Yes,Still unemployed
843,9,2024-01-01,Skills training,Lower secondary,18-24,Female,Yes,Employed
844,6,2025-09-01,Employer matching,Lower secondary,25-34,Female,No,Training
845,7,2023-07-01,CV workshop,Upper secondary,25-34,Female,No,Still unemployed
846,10,2022-06-01,Job placement,Bachelor,45-54,Female,Yes,Employed
847,9,2024-06-01,Language course,Bachelor,55+,Male,Yes,Employed
848,4,2025-11-01,Job placement,Bachelor,25-34,Female,No,Still unemployed
849,10,2022-10-01,Employer matching,Master,35-44,Female,Yes,Employed
850,6,2022-08-01,Skills training,Bachelor,25-34,Female,Yes,Still unemployed
851,10,2023-09-01,Employer matching,Master,35-44,Male,No,Employed
852,6,2025-09-01,Language course,Doctorate,18-24,Female,No,Still unemployed
853,10,2023-02-01,Job placement,Bachelor,18-24,Male,Yes,Employed
854,2,2025-01-01,Job placement,Bachelor,25-34,Male,Yes,Employed
855,8,2023-01-01,Skills training,Master,45-54,Female,Yes,Training
856,5,2025-03-01,Employer matching,Bachelor,18-24,Male,No,Still unemployed
857,2,2023-01-01,Skills training,Master,25-34,Female,No,Employed
858,7,2025-06-01,Skills training,Bachelor,35-44,Male,Yes,Employed
859,6,2023-12-01,Employer matching,Master,25-34,Male,No,Employed
860,1,2022-06-01,Skills training,Bachelor,18-24,Female,Yes,Employed
861,2,2025-10-01,Job placement,Upper secondary,35-44,Female,Yes,Employed
862,7,2024-08-01,Employer matching,Master,18-24,Male,Yes,Employed
863,10,2022-01-01,Employer matching,Upper secondary,25-34,Male,No,Still unemployed
864,6,2023-05-01,Skills training,Doctorate,45-54,Female,Yes,Employed
865,4,2025-07-01,Language course,Master,35-44,Female,No,Still unemployed
866,4,2023-07-01,Skills training,Upper secondary,35-44,Male,No,Still unemployed
867,8,2025-10-01,CV workshop,Master,25-34,Male,No,Still unemployed
868,4,2024-02-01,Skills training,Master,35-44,Female,Yes,Employed
869,6,2022-06-01,Language course,Upper secondary,25-34,Male,Yes,Employed
870,9,2024-05-01,Job placement,Master,45-54,Female,Yes,Still unemployed
871,8,2022-04-01,CV workshop,Bachelor,35-44,Male,Yes,Employed
872,10,2024-10-01,Language course,Upper secondary,35-44,Male,Yes,Still unemployed
873,8,2022-04-01,CV workshop,Bachelor,25-34,Female,Yes,Training
874,4,2024-06-01,Skills training,Master,25-34,Female,Yes,Training
875,1,2022-08-01,CV workshop,Bachelor,18-24,Male,Yes,Employed
876,5,2022-11-01,Skills training,Bachelor,25-34,Female,Yes,Training
877,4,2022-10-01,CV workshop,Master,18-24,Female,Yes,Still unemployed
878,5,2023-06-01,Job placement,Master,18-24,Male,Yes,Employed
879,10,2024-06-01,Language course,Upper secondary,25-34,Male,Yes,Training
880,7,2025-06-01,Language course,Master,35-44,Female,Yes,Training
881,2,2024-08-01,Job placement,Bachelor,25-34,Male,Yes,Still unemployed
882,3,2024-11-01,Employer matching,Doctorate,45-54,Female,Yes,Employed
883,2,2025-05-01,Skills training,Bachelor,35-44,Female,Yes,Training
884,4,2023-11-01,Language course,Upper secondary,25-34,Male,Yes,Employed
885,10,2022-05-01,Skills training,Lower secondary,25-34,Male,Yes,Still unemployed
886,2,2022-12-01,CV workshop,Bachelor,25-34,Female,Yes,Training
887,8,2025-12-01,Job placement,Bachelor,25-34,Female,Yes,Employed
888,1,2025-04-01,Skills training,Master,25-34,Female,Yes,Employed
889,2,2025-12-01,Language course,Master,18-24,Male,No,Still unemployed
890,2,2022-12-01,Language course,Upper secondary,25-34,Male,Yes,Training
891,5,2022-08-01,Skills training,Doctorate,25-34,Male,No,Still unemployed
892,1,2025-08-01,CV workshop,Master,18-24,Male,No,Still unemployed
893,1,2025-12-01,CV workshop,Lower secondary,35-44,Male,Yes,Employed
894,3,2023-10-01,Skills training,Upper secondary,45-54,Male,No,Still unemployed
895,8,2025-12-01,Employer matching,Bachelor,25-34,Male,Yes,Employed
896,4,2024-08-01,Language course,Lower secondary,25-34,Male,Yes,Training
897,1,2025-05-01,Skills training,Upper secondary,45-54,Female,Yes,Employed
898,1,2022-11-01,CV workshop,Bachelor,45-54,Male,Yes,Employed
899,1,2024-04-01,Job placement,Doctorate,25-34,Male,No,Training
900,10,2022-08-01,CV workshop,Master,25-34,Male,No,Training
901,5,2025-01-01,CV workshop,Lower secondary,25-34,Male,Yes,Employed
902,2,2022-12-01,CV workshop,Master,35-44,Female,No,Employed
903,2,2025-06-01,Job placement,Upper secondary,45-54,Female,No,Employed
904,9,2024-03-01,Language course,Master,25-34,Male,No,Employed
905,9,2024-09-01,Skills training,Bachelor,35-44,Female,Yes,Employed
906,8,2024-10-01,Employer matching,Upper secondary,35-44,Male,Yes,Employed
907,6,2025-08-01,Employer matching,Doctorate,18-24,Female,Yes,Still unemployed
908,8,2023-12-01,Employer matching,Lower secondary,18-24,Male,Yes,Employed
909,5,2023-08-01,Job placement,Upper secondary,18-24,Female,Yes,Employed
910,3,2025-02-01,Employer matching,Lower secondary,25-34,Female,Yes,Employed
911,5,2023-08-01,Skills training,Upper secondary,25-34,Female,No,Still unemployed
912,10,2022-08-01,CV workshop,Upper secondary,25-34,Female,Yes,Employed
913,4,2024-07-01,Job placement,Doctorate,55+,Male,Yes,Employed
914,3,2025-09-01,Skills training,Bachelor,25-34,Male,Yes,Training
915,7,2024-07-01,Language course,Master,25-34,Male,Yes,Employed
916,1,2024-05-01,Employer matching,Upper secondary,35-44,Male,No,Training
917,6,2023-01-01,Employer matching,Upper secondary,55+,Female,Yes,Employed
918,2,2023-04-01,Employer matching,Bachelor,35-44,Male,Yes,Employed
919,1,2024-05-01,Employer matching,Master,45-54,Male,No,Still unemployed
920,4,2024-03-01,Employer matching,Bachelor,25-34,Female,No,Employed
921,8,2025-10-01,Skills training,Bachelor,25-34,Female,No,Employed
922,1,2023-10-01,Language course,Upper secondary,55+,Female,No,Training
923,1,2024-09-01,Job placement,Bachelor,55+,Male,Yes,Employed
924,9,2025-03-01,Language course,Bachelor,25-34,Male,No,Still unemployed
925,10,2024-09-01,Job placement,Lower secondary,45-54,Male,Yes,Employed
926,6,2023-02-01,CV workshop,Bachelor,25-34,Female,Yes,Employed
927,5,2025-04-01,Employer matching,Doctorate,18-24,Male,Yes,Employed
928,10,2024-06-01,Skills training,Upper secondary,35-44,Male,No,Still unemployed
929,3,2023-12-01,Employer matching,Upper secondary,35-44,Female,Yes,Still unemployed
930,6,2024-12-01,Employer matching,Bachelor,18-24,Female,No,Still unemployed
931,1,2025-04-01,Employer matching,Master,25-34,Female,Yes,Employed
932,1,2025-11-01,Language course,Bachelor,35-44,Male,Yes,Employed
933,4,2024-12-01,Employer matching,Upper secondary,25-34,Male,Yes,Employed
934,6,2022-05-01,CV workshop,Master,18-24,Male,Yes,Employed
935,1,2024-05-01,Job placement,Bachelor,55+,Female,Yes,Employed
936,1,2024-06-01,CV workshop,Master,55+,Female,Yes,Training
937,2,2022-04-01,CV workshop,Upper secondary,45-54,Male,Yes,Employed
938,10,2023-06-01,Skills training,Doctorate,35-44,Female,Yes,Employed
939,3,2022-05-01,CV workshop,Upper secondary,45-54,Male,Yes,Employed
940,7,2023-07-01,CV workshop,Doctorate,45-54,Female,Yes,Employed
941,10,2023-10-01,CV workshop,Lower secondary,35-44,Female,No,Still unemployed
942,4,2023-09-01,Employer matching,Upper secondary,35-44,Male,Yes,Employed
943,2,2025-01-01,Language course,Upper secondary,35-44,Female,No,Employed
944,7,2023-05-01,Skills training,Master,25-34,Male,Yes,Still unemployed
945,4,2023-06-01,CV workshop,Bachelor,18-24,Male,Yes,Training
946,8,2024-02-01,CV workshop,Bachelor,55+,Female,No,Employed
947,10,2022-07-01,Job placement,Doctorate,25-34,Female,Yes,Still unemployed
948,10,2022-12-01,Job placement,Upper secondary,18-24,Female,Yes,Employed
949,4,2024-07-01,Job placement,Upper secondary,55+,Male,Yes,Employed
950,7,2025-05-01,Skills training,Lower secondary,45-54,Male,Yes,Employed
951,5,2024-08-01,Language course,Bachelor,35-44,Male,Yes,Employed
952,7,2025-05-01,Job placement,Lower secondary,55+,Male,Yes,Still unemployed
953,3,2022-10-01,CV workshop,Upper secondary,45-54,Male,No,Still unemployed
954,5,2022-05-01,Skills training,Upper secondary,18-24,Female,No,Employed
955,2,2025-04-01,CV workshop,Bachelor,35-44,Male,Yes,Still unemployed
956,3,2022-04-01,Language course,Upper secondary,18-24,Male,Yes,Employed
957,3,2025-07-01,Skills training,Lower secondary,45-54,Male,Yes,Employed
958,4,2023-09-01,Job placement,Bachelor,25-34,Female,Yes,Employed
959,2,2022-02-01,Employer matching,Upper secondary,25-34,Male,Yes,Still unemployed
960,7,2024-09-01,CV workshop,Upper secondary,45-54,Female,Yes,Employed
961,10,2025-12-01,Employer matching,Bachelor,18-24,Female,Yes,Training
962,9,2024-05-01,CV workshop,Doctorate,55+,Female,No,Still unemployed
963,8,2025-03-01,Job placement,Master,18-24,Female,Yes,Training
964,7,2022-10-01,Employer matching,Master,18-24,Female,No,Still unemployed
965,4,2025-09-01,Job placement,Bachelor,18-24,Female,Yes,Training
966,10,2024-03-01,Skills training,Upper secondary,45-54,Female,Yes,Employed
967,6,2025-01-01,Skills training,Bachelor,25-34,Female,Yes,Employed
968,7,2022-01-01,CV workshop,Master,35-44,Male,No,Employed
969,1,2023-05-01,Employer matching,Upper secondary,45-54,Female,No,Employed
970,7,2022-08-01,Employer matching,Doctorate,35-44,Male,Yes,Still unemployed
971,2,2025-09-01,Job placement,Master,55+,Male,Yes,Training
972,1,2023-02-01,Language course,Bachelor,18-24,Male,Yes,Employed
973,10,2024-03-01,Language course,Bachelor,25-34,Female,Yes,Employed
974,7,2024-12-01,Language course,Master,45-54,Female,Yes,Employed
975,1,2023-01-01,CV workshop,Doctorate,45-54,Male,Yes,Training
976,1,2025-01-01,Job placement,Upper secondary,35-44,Female,Yes,Employed
977,8,2024-08-01,CV workshop,Lower secondary,25-34,Male,Yes,Employed
978,6,2022-06-01,CV workshop,Bachelor,45-54,Male,Yes,Employed
979,2,2023-01-01,Job placement,Upper secondary,25-34,Female,Yes,Employed
980,6,2022-09-01,Skills training,Upper secondary,25-34,Female,No,Still unemployed
981,10,2022-11-01,Job placement,Bachelor,45-54,Male,Yes,Still unemployed
982,7,2022-10-01,Employer matching,Bachelor,25-34,Female,Yes,Employed
983,9,2024-06-01,Language course,Upper secondary,45-54,Female,Yes,Training
984,9,2024-04-01,Skills training,Bachelor,35-44,Female,No,Still unemployed
985,10,2023-12-01,Job placement,Bachelor,45-54,Male,Yes,Employed
986,5,2022-05-01,Language course,Upper secondary,25-34,Female,No,Still unemployed
987,10,2024-11-01,Language course,Lower secondary,35-44,Male,Yes,Employed
988,5,2025-02-01,Skills training,Upper secondary,35-44,Female,Yes,Employed
989,4,2025-01-01,Employer matching,Lower secondary,25-34,Female,No,Employed
990,6,2024-09-01,Language course,Lower secondary,25-34,Female,Yes,Employed
991,9,2024-05-01,Job placement,Bachelor,45-54,Female,No,Still unemployed
992,4,2024-11-01,Skills training,Doctorate,25-34,Female,Yes,Training
993,5,2023-07-01,Skills training,Upper secondary,18-24,Male,No,Still unemployed
994,3,2023-03-01,CV workshop,Master,35-44,Female,Yes,Employed
995,4,2024-04-01,Language course,Upper secondary,45-54,Female,Yes,Employed
996,2,2024-03-01,CV workshop,Bachelor,55+,Female,Yes,Still unemployed
997,9,2022-08-01,CV workshop,Bachelor,45-54,Male,Yes,Employed
998,9,2023-03-01,Skills training,Doctorate,45-54,Male,Yes,Still unemployed
999,10,2022-08-01,Employer matching,Bachelor,18-24,Female,Yes,Employed
1000,1,2023-09-01,Language course,Bachelor,35-44,Female,Yes,Employed
1001,1,2025-02-01,Employer matching,Upper secondary,35-44,Female,Yes,Employed
1002,10,2022-05-01,CV workshop,Master,25-34,Female,Yes,Employed
1003,9,2024-06-01,Skills training,Doctorate,45-54,Female,Yes,Employed
1004,3,2022-10-01,Employer matching,Upper secondary,55+,Female,Yes,Employed
1005,5,2024-04-01,Skills training,Upper secondary,55+,Male,Yes,Still unemployed
1006,8,2022-04-01,Language course,Doctorate,18-24,Female,Yes,Still unemployed
1007,4,2022-10-01,Job placement,Bachelor,18-24,Male,Yes,Training
1008,8,2024-06-01,Employer matching,Lower secondary,18-24,Female,Yes,Training
1009,8,2025-10-01,Language course,Upper secondary,25-34,Male,Yes,Training
1010,4,2025-03-01,Skills training,Master,35-44,Male,No,Still unemployed
1011,1,2025-12-01,CV workshop,Master,35-44,Female,Yes,Employed
1012,5,2025-12-01,Employer matching,Lower secondary,25-34,Male,Yes,Employed
1013,10,2024-03-01,Employer matching,Lower secondary,35-44,Male,Yes,Employed
1014,6,2024-09-01,Language course,Upper secondary,25-34,Male,No,Training
1015,2,2023-09-01,Employer matching,Doctorate,55+,Male,Yes,Employed
1016,1,2025-06-01,Employer matching,Doctorate,25-34,Female,Yes,Employed
1017,10,2022-10-01,Employer matching,Bachelor,25-34,Female,Yes,Employed
1018,1,2023-05-01,CV workshop,Upper secondary,45-54,Female,No,Still unemployed
1019,1,2025-10-01,Employer matching,Bachelor,45-54,Male,Yes,Still unemployed
1020,8,2025-03-01,Job placement,Bachelor,25-34,Female,Yes,Training
1021,2,2022-04-01,Language course,Master,18-24,Male,Yes,Employed
1022,6,2022-11-01,CV workshop,Bachelor,35-44,Male,Yes,Still unemployed
1023,2,2025-03-01,Job placement,Bachelor,35-44,Female,No,Employed
1024,10,2024-03-01,Employer matching,Doctorate,45-54,Female,Yes,Employed
1025,2,2025-02-01,Skills training,Upper secondary,18-24,Female,Yes,Employed
1026,3,2023-07-01,CV workshop,Master,45-54,Male,No,Employed
1027,3,2025-02-01,Language course,Doctorate,25-34,Male,Yes,Employed
1028,4,2024-10-01,Language course,Upper secondary,25-34,Male,Yes,Still unemployed
1029,4,2024-03-01,Skills training,Upper secondary,35-44,Male,Yes,Employed
1030,7,2024-05-01,Language course,Upper secondary,45-54,Female,No,Still unemployed
1031,5,2022-03-01,Skills training,Master,25-34,Male,No,Employed
1032,7,2025-02-01,Language course,Bachelor,18-24,Male,Yes,Employed
1033,6,2024-06-01,Job placement,Bachelor,35-44,Male,No,Still unemployed
1034,4,2022-12-01,Job placement,Bachelor,35-44,Female,Yes,Employed
1035,9,2022-05-01,Job placement,Bachelor,55+,Female,Yes,Training
1036,2,2025-07-01,CV workshop,Upper secondary,35-44,Female,Yes,Employed
1037,9,2023-10-01,Job placement,Lower secondary,35-44,Female,Yes,Training
1038,1,2023-04-01,Job placement,Upper secondary,45-54,Male,Yes,Still unemployed
1039,6,2025-06-01,Job placement,Doctorate,25-34,Male,Yes,Still unemployed
1040,1,2022-04-01,Employer matching,Master,18-24,Male,Yes,Still unemployed
1041,6,2025-07-01,Job placement,Upper secondary,35-44,Female,Yes,Still unemployed
1042,4,2023-07-01,Skills training,Upper secondary,35-44,Female,No,Employed
1043,2,2025-02-01,Employer matching,Bachelor,45-54,Female,No,Employed
1044,3,2022-02-01,CV workshop,Bachelor,25-34,Female,Yes,Employed
1045,5,2025-01-01,Job placement,Lower secondary,25-34,Female,No,Employed
1046,1,2024-08-01,Job placement,Lower secondary,18-24,Male,Yes,Employed
1047,5,2025-07-01,Job placement,Bachelor,35-44,Male,Yes,Employed
1048,7,2022-10-01,CV workshop,Bachelor,25-34,Male,No,Still unemployed
1049,3,2022-06-01,Skills training,Bachelor,35-44,Female,Yes,Employed
1050,4,2024-12-01,Skills training,Upper secondary,35-44,Male,No,Training
1051,5,2024-09-01,Language course,Bachelor,25-34,Male,Yes,Still unemployed
1052,6,2025-08-01,Language course,Bachelor,18-24,Female,Yes,Still unemployed
1053,7,2025-02-01,Skills training,Upper secondary,35-44,Male,No,Still unemployed
1054,9,2024-05-01,Employer matching,Lower secondary,35-44,Female,No,Employed
1055,8,2025-04-01,Language course,Bachelor,25-34,Female,Yes,Employed
1056,4,2024-08-01,Skills training,Bachelor,35-44,Female,Yes,Employed
1057,9,2022-08-01,CV workshop,Upper secondary,55+,Male,Yes,Training
1058,3,2023-09-01,Employer matching,Upper secondary,55+,Male,Yes,Employed
1059,8,2022-11-01,Employer matching,Upper secondary,45-54,Male,Yes,Employed
1060,3,2022-05-01,Skills training,Master,45-54,Female,Yes,Employed
1061,4,2022-08-01,Job placement,Doctorate,45-54,Female,Yes,Still unemployed
1062,1,2023-09-01,Job placement,Bachelor,35-44,Male,Yes,Still unemployed
1063,9,2024-04-01,CV workshop,Upper secondary,25-34,Female,No,Still unemployed
1064,3,2023-08-01,CV workshop,Bachelor,25-34,Male,Yes,Employed
1065,1,2025-11-01,Language course,Doctorate,45-54,Female,Yes,Training
1066,10,2023-07-01,Language course,Master,35-44,Male,No,Training
1067,10,2023-12-01,Skills training,Lower secondary,45-54,Male,Yes,Employed
1068,2,2024-06-01,Language course,Bachelor,55+,Male,Yes,Employed
1069,9,2022-11-01,CV workshop,Upper secondary,25-34,Male,No,Employed
1070,4,2024-01-01,Language course,Upper secondary,45-54,Female,Yes,Employed
1071,8,2022-11-01,CV workshop,Bachelor,18-24,Female,Yes,Employed
1072,2,2025-08-01,Job placement,Master,25-34,Male,Yes,Employed
1073,1,2023-10-01,Language course,Bachelor,25-34,Male,No,Still unemployed
1074,1,2025-01-01,Job placement,Bachelor,55+,Female,No,Employed
1075,8,2023-10-01,Language course,Upper secondary,55+,Female,No,Still unemployed
1076,4,2024-11-01,CV workshop,Doctorate,35-44,Female,Yes,Training
1077,2,2022-07-01,Language course,Upper secondary,35-44,Female,Yes,Employed
1078,9,2025-08-01,CV workshop,Upper secondary,25-34,Male,Yes,Employed
1079,4,2023-03-01,Language course,Doctorate,45-54,Male,Yes,Employed
1080,1,2023-12-01,Job placement,Bachelor,45-54,Female,Yes,Training
1081,9,2025-01-01,Job placement,Upper secondary,25-34,Male,Yes,Employed
1082,7,2025-09-01,CV workshop,Master,18-24,Male,Yes,Still unemployed
1083,7,2024-02-01,CV workshop,Bachelor,18-24,Male,No,Still unemployed
1084,1,2023-08-01,Employer matching,Master,45-54,Male,Yes,Training
1085,2,2023-11-01,Employer matching,Bachelor,35-44,Female,Yes,Employed
1086,8,2023-02-01,CV workshop,Master,25-34,Male,No,Still unemployed
1087,8,2023-07-01,Language course,Master,35-44,Female,Yes,Still unemployed
1088,10,2025-02-01,Employer matching,Bachelor,25-34,Male,Yes,Employed
1089,9,2024-10-01,Skills training,Master,35-44,Male,No,Still unemployed
1090,3,2025-03-01,Skills training,Upper secondary,35-44,Female,Yes,Training
1091,6,2023-03-01,Employer matching,Lower secondary,35-44,Female,Yes,Employed
1092,5,2023-08-01,CV workshop,Lower secondary,25-34,Female,No,Still unemployed
1093,5,2022-05-01,CV workshop,Upper secondary,55+,Female,Yes,Training
1094,6,2024-07-01,Job placement,Bachelor,45-54,Female,Yes,Employed
1095,9,2024-10-01,Language course,Lower secondary,18-24,Male,Yes,Still unemployed
1096,3,2025-06-01,Language course,Bachelor,35-44,Male,Yes,Training
1097,6,2025-07-01,Skills training,Doctorate,35-44,Female,Yes,Employed
1098,1,2022-02-01,Language course,Bachelor,35-44,Male,No,Employed
1099,6,2022-09-01,Employer matching,Bachelor,18-24,Male,Yes,Employed
1100,1,2025-01-01,Job placement,Doctorate,35-44,Female,Yes,Employed
1101,9,2023-11-01,CV workshop,Upper secondary,35-44,Female,No,Still unemployed
1102,4,2023-05-01,Employer matching,Upper secondary,18-24,Male,No,Employed
1103,3,2023-10-01,Language course,Doctorate,25-34,Female,Yes,Training
1104,3,2025-09-01,Language course,Upper secondary,35-44,Male,Yes,Employed
1105,3,2025-11-01,Job placement,Master,18-24,Male,Yes,Employed
1106,6,2022-07-01,Employer matching,Upper secondary,55+,Male,Yes,Employed
1107,4,2024-08-01,Job placement,Bachelor,35-44,Female,Yes,Still unemployed
1108,1,2024-07-01,CV workshop,Master,35-44,Female,No,Employed
1109,2,2023-09-01,Skills training,Doctorate,25-34,Female,Yes,Employed
1110,7,2025-01-01,Skills training,Lower secondary,18-24,Female,Yes,Employed
1111,4,2022-10-01,Employer matching,Upper secondary,45-54,Male,Yes,Employed
1112,2,2022-07-01,Language course,Upper secondary,18-24,Male,Yes,Still unemployed
1113,7,2023-05-01,Employer matching,Bachelor,45-54,Female,Yes,Training
1114,1,2025-07-01,Skills training,Upper secondary,25-34,Female,No,Still unemployed
1115,7,2022-02-01,Employer matching,Upper secondary,35-44,Female,Yes,Employed
1116,3,2023-08-01,Language course,Bachelor,25-34,Female,No,Still unemployed
1117,6,2024-06-01,Skills training,Master,25-34,Female,Yes,Employed
1118,7,2022-02-01,CV workshop,Doctorate,55+,Female,No,Employed
1119,5,2023-02-01,Skills training,Upper secondary,55+,Female,Yes,Employed
1120,2,2024-08-01,Language course,Doctorate,18-24,Female,Yes,Employed
1121,8,2025-02-01,CV workshop,Upper secondary,45-54,Female,Yes,Employed
1122,8,2022-01-01,Employer matching,Master,18-24,Female,Yes,Employed
1123,3,2024-09-01,Employer matching,Master,35-44,Female,No,Employed
1124,7,2025-10-01,CV workshop,Upper secondary,45-54,Female,Yes,Training
1125,1,2023-12-01,Skills training,Doctorate,25-34,Female,Yes,Employed
1126,4,2024-01-01,CV workshop,Lower secondary,35-44,Male,Yes,Employed
1127,9,2025-03-01,Employer matching,Master,35-44,Female,No,Training
1128,1,2025-07-01,Job placement,Bachelor,25-34,Female,Yes,Employed
1129,4,2023-03-01,Employer matching,Lower secondary,45-54,Female,Yes,Employed
1130,10,2024-09-01,CV workshop,Upper secondary,35-44,Female,Yes,Still unemployed
1131,5,2024-11-01,Employer matching,Bachelor,45-54,Male,Yes,Employed
1132,3,2025-10-01,Language course,Upper secondary,18-24,Male,No,Employed
1133,8,2023-09-01,CV workshop,Doctorate,25-34,Female,Yes,Employed
1134,7,2024-03-01,CV workshop,Upper secondary,35-44,Female,Yes,Employed
1135,5,2023-07-01,CV workshop,Bachelor,45-54,Male,Yes,Employed
1136,7,2023-04-01,Job placement,Bachelor,45-54,Female,Yes,Still unemployed
1137,8,2023-05-01,Job placement,Bachelor,25-34,Male,Yes,Employed
1138,6,2022-04-01,Employer matching,Upper secondary,45-54,Male,Yes,Still unemployed
1139,2,2024-12-01,Language course,Bachelor,45-54,Male,Yes,Employed
1140,6,2023-01-01,Job placement,Master,35-44,Female,No,Still unemployed
1141,9,2024-05-01,Skills training,Upper secondary,18-24,Female,No,Still unemployed
1142,3,2025-08-01,CV workshop,Lower secondary,35-44,Female,No,Employed
1143,1,2023-09-01,Employer matching,Doctorate,25-34,Male,Yes,Still unemployed
1144,6,2025-12-01,Language course,Master,25-34,Male,Yes,Employed
1145,4,2022-03-01,Job placement,Bachelor,45-54,Female,Yes,Training
1146,9,2022-02-01,Skills training,Master,55+,Female,Yes,Employed
1147,7,2023-05-01,Language course,Doctorate,35-44,Male,Yes,Still unemployed
1148,8,2023-01-01,Language course,Upper secondary,25-34,Female,No,Still unemployed
1149,5,2025-02-01,Job placement,Upper secondary,25-34,Female,No,Training
1150,3,2022-10-01,Employer matching,Bachelor,18-24,Female,Yes,Employed
1151,7,2025-04-01,CV workshop,Bachelor,18-24,Male,Yes,Employed
1152,8,2024-01-01,Job placement,Master,18-24,Female,Yes,Employed
1153,3,2022-12-01,Employer matching,Bachelor,35-44,Male,Yes,Training
1154,7,2023-11-01,Skills training,Lower secondary,25-34,Male,Yes,Employed
1155,10,2024-07-01,Job placement,Lower secondary,18-24,Female,No,Training
1156,5,2025-12-01,Employer matching,Master,55+,Male,Yes,Employed
1157,3,2022-04-01,Employer matching,Bachelor,35-44,Male,Yes,Employed
1158,5,2023-05-01,Skills training,Lower secondary,35-44,Female,Yes,Training
1159,5,2023-10-01,Job placement,Bachelor,35-44,Female,Yes,Employed
1160,6,2024-05-01,Job placement,Bachelor,55+,Female,Yes,Still unemployed
1161,7,2025-07-01,Job placement,Bachelor,35-44,Male,No,Employed
1162,8,2025-03-01,Employer matching,Master,18-24,Male,Yes,Employed
1163,8,2024-01-01,Language course,Upper secondary,35-44,Female,Yes,Still unemployed
1164,7,2022-01-01,Job placement,Master,25-34,Male,Yes,Employed
1165,7,2022-12-01,Language course,Upper secondary,55+,Male,No,Employed
1166,9,2025-02-01,Skills training,Bachelor,25-34,Female,Yes,Training
1167,3,2023-12-01,Language course,Doctorate,45-54,Female,Yes,Employed
1168,9,2024-10-01,Skills training,Bachelor,45-54,Male,Yes,Employed
1169,2,2024-10-01,Language course,Bachelor,18-24,Female,No,Still unemployed
1170,10,2025-08-01,Job placement,Bachelor,55+,Male,Yes,Still unemployed
1171,6,2023-02-01,Language course,Bachelor,35-44,Male,Yes,Employed
1172,9,2025-11-01,Employer matching,Master,45-54,Male,Yes,Employed
1173,10,2024-11-01,Skills training,Master,35-44,Male,Yes,Still unemployed
1174,1,2024-04-01,CV workshop,Master,25-34,Female,Yes,Still unemployed
1175,6,2022-07-01,Employer matching,Upper secondary,25-34,Female,Yes,Employed
1176,4,2024-12-01,Employer matching,Upper secondary,25-34,Female,Yes,Still unemployed
1177,2,2025-10-01,CV workshop,Upper secondary,35-44,Male,Yes,Employed
1178,4,2025-12-01,Job placement,Bachelor,18-24,Male,No,Still unemployed
1179,7,2023-01-01,Language course,Master,25-34,Female,Yes,Employed
1180,7,2025-05-01,Employer matching,Bachelor,35-44,Female,No,Employed
1181,1,2025-10-01,Skills training,Upper secondary,25-34,Female,Yes,Still unemployed
1182,6,2024-04-01,CV workshop,Bachelor,35-44,Male,No,Training
1183,7,2022-04-01,Language course,Lower secondary,25-34,Male,No,Still unemployed
1184,10,2022-08-01,CV workshop,Bachelor,25-34,Male,Yes,Still unemployed
1185,3,2024-10-01,Employer matching,Bachelor,35-44,Female,Yes,Employed
1186,7,2023-06-01,Job placement,Bachelor,25-34,Male,Yes,Employed
1187,8,2024-01-01,Job placement,Master,25-34,Female,No,Employed
1188,6,2025-07-01,Language course,Bachelor,25-34,Male,No,Employed
1189,3,2024-06-01,Job placement,Bachelor,25-34,Male,Yes,Employed
1190,9,2022-04-01,Job placement,Bachelor,18-24,Female,Yes,Employed
1191,2,2023-09-01,Skills training,Doctorate,35-44,Female,No,Training
1192,8,2025-07-01,Job placement,Master,35-44,Male,Yes,Employed
1193,10,2025-04-01,Skills training,Upper secondary,18-24,Male,No,Training
1194,2,2024-07-01,CV workshop,Bachelor,25-34,Female,No,Employed
1195,7,2023-11-01,Job placement,Upper secondary,45-54,Female,Yes,Still unemployed
1196,5,2025-03-01,Skills training,Lower secondary,25-34,Female,Yes,Still unemployed
1197,8,2024-02-01,Employer matching,Master,55+,Female,No,Still unemployed
1198,10,2023-08-01,Language course,Upper secondary,18-24,Female,Yes,Employed
1199,3,2022-08-01,Skills training,Upper secondary,35-44,Female,Yes,Employed
1200,8,2023-03-01,Employer matching,Bachelor,35-44,Female,No,Employed
1201,10,2025-03-01,CV workshop,Upper secondary,35-44,Female,Yes,Still unemployed
1202,1,2025-11-01,Job placement,Lower secondary,35-44,Female,Yes,Employed
1203,9,2024-05-01,Language course,Bachelor,35-44,Female,No,Employed
1204,1,2024-05-01,Skills training,Upper secondary,45-54,Male,No,Still unemployed
1205,2,2024-08-01,Language course,Lower secondary,25-34,Male,Yes,Employed
1206,8,2024-09-01,Employer matching,Master,35-44,Male,Yes,Employed
1207,9,2024-06-01,Skills training,Doctorate,25-34,Male,Yes,Employed
1208,8,2025-09-01,CV workshop,Lower secondary,25-34,Female,Yes,Training
1209,2,2025-07-01,Skills training,Bachelor,35-44,Female,Yes,Employed
1210,9,2023-11-01,CV workshop,Upper secondary,35-44,Male,No,Still unemployed
1211,3,2023-02-01,Skills training,Lower secondary,45-54,Male,Yes,Employed
1212,3,2022-04-01,Language course,Upper secondary,35-44,Female,Yes,Training
1213,8,2024-05-01,CV workshop,Master,35-44,Male,Yes,Still unemployed
1214,9,2022-12-01,CV workshop,Upper secondary,25-34,Male,Yes,Employed
1215,8,2022-10-01,CV workshop,Lower secondary,25-34,Male,No,Still unemployed
1216,10,2024-06-01,Employer matching,Bachelor,35-44,Male,No,Training
1217,3,2024-12-01,CV workshop,Master,25-34,Female,Yes,Employed
1218,6,2025-01-01,Job placement,Upper secondary,45-54,Male,No,Still unemployed
1219,6,2023-07-01,Skills training,Bachelor,45-54,Female,Yes,Still unemployed
1220,6,2024-01-01,Employer matching,Upper secondary,18-24,Male,Yes,Employed
1221,10,2023-11-01,Employer matching,Doctorate,18-24,Female,No,Training
1222,3,2024-07-01,Skills training,Doctorate,25-34,Male,Yes,Employed
1223,2,2023-06-01,Employer matching,Master,25-34,Male,No,Employed
1224,3,2024-09-01,Employer matching,Lower secondary,25-34,Female,Yes,Employed
1225,1,2022-10-01,Job placement,Upper secondary,25-34,Female,Yes,Employed
1226,1,2022-03-01,Language course,Upper secondary,45-54,Female,Yes,Employed
1227,4,2023-10-01,CV workshop,Lower secondary,25-34,Male,Yes,Employed
1228,3,2023-11-01,Skills training,Bachelor,55+,Female,Yes,Employed
1229,10,2024-03-01,Employer matching,Upper secondary,35-44,Male,Yes,Still unemployed
1230,2,2025-07-01,Language course,Doctorate,45-54,Male,Yes,Employed
1231,4,2023-04-01,Employer matching,Master,25-34,Female,Yes,Employed
1232,7,2022-03-01,CV workshop,Lower secondary,25-34,Male,No,Still unemployed
1233,7,2023-02-01,Skills training,Lower secondary,25-34,Male,Yes,Employed
1234,1,2024-09-01,Skills training,Doctorate,45-54,Male,Yes,Still unemployed
1235,6,2025-11-01,Job placement,Master,45-54,Female,Yes,Employed
1236,10,2024-03-01,Language course,Lower secondary,25-34,Male,Yes,Employed
1237,3,2023-02-01,Job placement,Master,25-34,Male,Yes,Employed
1238,10,2024-11-01,Employer matching,Bachelor,25-34,Male,No,Still unemployed
1239,9,2023-02-01,Skills training,Master,25-34,Female,Yes,Employed
1240,4,2025-07-01,CV workshop,Bachelor,55+,Male,Yes,Training
1241,4,2022-07-01,Skills training,Bachelor,35-44,Male,Yes,Still unemployed
1242,10,2025-07-01,CV workshop,Upper secondary,25-34,Male,Yes,Training
1243,6,2024-05-01,Language course,Bachelor,18-24,Female,Yes,Employed
1244,5,2025-04-01,Employer matching,Upper secondary,18-24,Male,Yes,Employed
1245,5,2024-07-01,Employer matching,Upper secondary,35-44,Female,Yes,Employed
1246,9,2023-09-01,Employer matching,Lower secondary,45-54,Male,Yes,Employed
1247,2,2024-09-01,Skills training,Bachelor,35-44,Male,Yes,Employed
1248,7,2022-09-01,Employer matching,Lower secondary,45-54,Male,Yes,Employed
1249,1,2023-04-01,Employer matching,Upper secondary,45-54,Male,Yes,Employed
1250,1,2024-11-01,Skills training,Lower secondary,45-54,Female,No,Employed
1251,2,2022-02-01,Skills training,Bachelor,35-44,Male,Yes,Training
1252,8,2025-01-01,Skills training,Bachelor,45-54,Male,Yes,Training
1253,9,2022-05-01,Job placement,Upper secondary,25-34,Female,Yes,Employed
1254,7,2022-08-01,Job placement,Bachelor,25-34,Male,Yes,Training
1255,5,2022-06-01,Skills training,Upper secondary,45-54,Female,Yes,Employed
1256,9,2024-12-01,Skills training,Master,25-34,Female,Yes,Still unemployed
1257,3,2022-01-01,Skills training,Upper secondary,25-34,Female,Yes,Employed
1258,8,2024-12-01,Skills training,Bachelor,35-44,Male,No,Still unemployed
1259,7,2025-04-01,Skills training,Doctorate,35-44,Female,No,Still unemployed
1260,8,2024-03-01,Job placement,Upper secondary,18-24,Female,No,Still unemployed
1261,3,2022-06-01,Language course,Bachelor,35-44,Male,Yes,Employed
1262,7,2025-06-01,Employer matching,Lower secondary,25-34,Female,Yes,Still unemployed
1263,2,2022-11-01,Language course,Doctorate,18-24,Male,Yes,Employed
1264,9,2025-08-01,CV workshop,Upper secondary,55+,Female,No,Training
1265,1,2024-06-01,Employer matching,Upper secondary,25-34,Male,Yes,Still unemployed
1266,8,2022-09-01,Skills training,Upper secondary,25-34,Female,Yes,Employed
1267,6,2022-05-01,Employer matching,Doctorate,18-24,Female,Yes,Employed
1268,8,2022-09-01,Skills training,Upper secondary,55+,Male,Yes,Employed
1269,1,2024-04-01,Language course,Master,18-24,Female,No,Still unemployed
1270,2,2022-05-01,Language course,Master,18-24,Female,Yes,Employed
1271,4,2023-10-01,Skills training,Master,25-34,Male,Yes,Still unemployed
1272,10,2025-09-01,CV workshop,Upper secondary,18-24,Female,Yes,Employed
1273,5,2025-12-01,CV workshop,Bachelor,25-34,Male,Yes,Employed
1274,9,2022-08-01,Skills training,Upper secondary,25-34,Female,Yes,Training
1275,4,2024-06-01,CV workshop,Bachelor,25-34,Male,Yes,Employed
1276,6,2024-02-01,Employer matching,Upper secondary,45-54,Female,No,Still unemployed
1277,5,2023-11-01,Language course,Doctorate,25-34,Male,Yes,Training
1278,10,2022-05-01,Language course,Upper secondary,45-54,Female,Yes,Employed
1279,5,2023-07-01,Language course,Master,55+,Female,No,Training
1280,6,2024-05-01,Skills training,Lower secondary,45-54,Female,Yes,Employed
1281,3,2024-08-01,CV workshop,Master,45-54,Male,No,Employed
1282,6,2023-09-01,CV workshop,Master,45-54,Male,Yes,Employed
1283,6,2025-09-01,Employer matching,Upper secondary,18-24,Female,Yes,Employed
1284,9,2022-12-01,CV workshop,Bachelor,25-34,Male,No,Employed
1285,6,2024-03-01,Employer matching,Upper secondary,25-34,Female,Yes,Employed
1286,4,2024-09-01,Language course,Upper secondary,35-44,Female,Yes,Employed
1287,7,2022-10-01,Job placement,Bachelor,25-34,Female,No,Still unemployed
1288,8,2023-11-01,CV workshop,Master,35-44,Male,No,Employed
1289,3,2022-06-01,Employer matching,Master,45-54,Male,No,Employed
1290,9,2023-12-01,Language course,Master,18-24,Male,Yes,Still unemployed
1291,4,2024-08-01,CV workshop,Master,45-54,Female,No,Employed
1292,9,2025-11-01,CV workshop,Upper secondary,35-44,Male,Yes,Employed
1293,4,2022-02-01,Skills training,Doctorate,35-44,Female,Yes,Employed
1294,7,2023-04-01,CV workshop,Doctorate,25-34,Male,Yes,Still unemployed
1295,4,2023-03-01,Job placement,Bachelor,25-34,Male,Yes,Training
1296,3,2025-12-01,Language course,Doctorate,35-44,Female,Yes,Still unemployed
1297,2,2025-06-01,Skills training,Doctorate,45-54,Male,Yes,Still unemployed
1298,8,2025-05-01,Employer matching,Master,45-54,Female,No,Employed
1299,5,2025-06-01,Skills training,Master,45-54,Male,Yes,Employed
1300,1,2022-08-01,Skills training,Lower secondary,25-34,Male,No,Still unemployed
1301,3,2022-10-01,CV workshop,Upper secondary,35-44,Female,Yes,Employed
1302,7,2023-05-01,Employer matching,Upper secondary,35-44,Female,Yes,Still unemployed
1303,8,2024-09-01,Job placement,Upper secondary,18-24,Female,No,Employed
1304,8,2023-04-01,Skills training,Master,35-44,Female,No,Training
1305,10,2025-03-01,Job placement,Upper secondary,18-24,Female,Yes,Employed
1306,9,2024-12-01,CV workshop,Upper secondary,35-44,Male,No,Still unemployed
1307,4,2024-10-01,Language course,Bachelor,45-54,Male,No,Still unemployed
1308,4,2023-01-01,Skills training,Lower secondary,45-54,Female,Yes,Employed
1309,3,2024-02-01,CV workshop,Master,25-34,Female,Yes,Employed
1310,8,2023-02-01,Language course,Master,35-44,Female,Yes,Employed
1311,8,2024-06-01,Skills training,Lower secondary,35-44,Male,Yes,Employed
1312,6,2024-12-01,Language course,Bachelor,35-44,Female,Yes,Training
1313,8,2023-10-01,Skills training,Bachelor,18-24,Female,Yes,Still unemployed
1314,7,2025-02-01,CV workshop,Bachelor,35-44,Male,Yes,Employed
1315,9,2023-02-01,Employer matching,Upper secondary,35-44,Female,No,Employed
1316,7,2024-12-01,Job placement,Upper secondary,45-54,Male,Yes,Training
1317,6,2022-10-01,CV workshop,Lower secondary,45-54,Male,Yes,Employed
1318,2,2023-12-01,Skills training,Master,35-44,Male,No,Still unemployed
1319,6,2025-06-01,CV workshop,Bachelor,25-34,Male,Yes,Employed
1320,8,2024-12-01,Job placement,Bachelor,35-44,Female,Yes,Still unemployed
1321,10,2023-12-01,Job placement,Bachelor,45-54,Male,Yes,Employed
1322,1,2024-05-01,Language course,Bachelor,25-34,Male,Yes,Employed
1323,3,2024-07-01,Employer matching,Bachelor,45-54,Female,No,Still unemployed
1324,10,2025-06-01,CV workshop,Upper secondary,18-24,Male,Yes,Still unemployed
1325,10,2023-03-01,CV workshop,Bachelor,55+,Female,No,Employed
1326,2,2024-10-01,CV workshop,Upper secondary,55+,Female,No,Employed
1327,3,2025-10-01,Language course,Lower secondary,55+,Male,Yes,Still unemployed
1328,10,2024-06-01,Job placement,Master,25-34,Female,Yes,Employed
1329,1,2024-11-01,Language course,Master,45-54,Female,No,Still unemployed
1330,3,2024-06-01,Language course,Master,25-34,Male,Yes,Training
1331,10,2025-09-01,Employer matching,Upper secondary,18-24,Male,Yes,Still unemployed
1332,5,2023-03-01,Skills training,Master,25-34,Male,No,Still unemployed
1333,9,2025-10-01,Language course,Upper secondary,45-54,Male,Yes,Employed
1334,6,2024-05-01,Skills training,Upper secondary,18-24,Female,Yes,Employed
1335,3,2024-06-01,Skills training,Upper secondary,25-34,Male,Yes,Employed
1336,5,2025-11-01,Language course,Master,35-44,Female,Yes,Training
1337,7,2022-04-01,Job placement,Upper secondary,45-54,Female,Yes,Employed
1338,8,2025-10-01,Skills training,Lower secondary,25-34,Female,Yes,Training
1339,5,2025-10-01,Job placement,Upper secondary,18-24,Female,Yes,Still unemployed
1340,7,2022-06-01,Skills training,Bachelor,25-34,Female,No,Still unemployed
1341,2,2024-07-01,CV workshop,Upper secondary,35-44,Female,Yes,Employed
1342,4,2023-07-01,Skills training,Master,35-44,Female,Yes,Training
1343,8,2022-11-01,CV workshop,Lower secondary,25-34,Female,Yes,Employed
1344,8,2022-11-01,Language course,Bachelor,35-44,Male,Yes,Employed
1345,9,2022-01-01,Skills training,Upper secondary,25-34,Female,Yes,Still unemployed
1346,5,2025-02-01,Employer matching,Upper secondary,18-24,Female,Yes,Still unemployed
1347,6,2023-02-01,Skills training,Upper secondary,18-24,Female,Yes,Still unemployed
1348,7,2024-03-01,Skills training,Upper secondary,35-44,Male,Yes,Still unemployed
1349,1,2023-08-01,Language course,Master,55+,Male,Yes,Training
1350,8,2025-07-01,Job placement,Upper secondary,25-34,Male,Yes,Training
1351,3,2022-07-01,Employer matching,Master,35-44,Male,No,Training
1352,7,2022-07-01,Employer matching,Upper secondary,45-54,Male,Yes,Still unemployed
1353,9,2024-11-01,Language course,Lower secondary,35-44,Female,Yes,Employed
1354,1,2024-06-01,CV workshop,Lower secondary,18-24,Female,Yes,Employed
1355,4,2024-04-01,Employer matching,Upper secondary,25-34,Male,Yes,Employed
1356,8,2023-12-01,Language course,Master,18-24,Female,No,Still unemployed
1357,2,2024-02-01,Employer matching,Bachelor,45-54,Male,Yes,Still unemployed
1358,5,2024-05-01,Employer matching,Bachelor,55+,Male,Yes,Training
1359,8,2025-09-01,CV workshop,Upper secondary,25-34,Female,No,Still unemployed
1360,2,2025-04-01,Skills training,Upper secondary,35-44,Female,Yes,Still unemployed
1361,10,2025-08-01,Language course,Bachelor,18-24,Female,No,Employed
1362,2,2025-05-01,Job placement,Bachelor,25-34,Male,No,Training
1363,8,2022-11-01,Language course,Lower secondary,18-24,Male,Yes,Employed
1364,3,2022-01-01,CV workshop,Bachelor,18-24,Male,Yes,Still unemployed
1365,5,2024-03-01,Employer matching,Bachelor,35-44,Female,Yes,Still unemployed
1366,9,2025-06-01,Job placement,Upper secondary,25-34,Female,Yes,Still unemployed
1367,10,2023-08-01,Job placement,Upper secondary,35-44,Male,Yes,Training
1368,7,2025-12-01,Language course,Master,55+,Male,Yes,Employed
1369,3,2023-01-01,Language course,Upper secondary,45-54,Female,No,Still unemployed
1370,1,2025-01-01,CV workshop,Upper secondary,18-24,Male,No,Training
1371,7,2022-06-01,CV workshop,Master,25-34,Male,Yes,Employed
1372,9,2022-10-01,Job placement,Doctorate,55+,Male,Yes,Employed
1373,4,2025-08-01,Language course,Upper secondary,55+,Male,Yes,Employed
1374,7,2023-03-01,Language course,Upper secondary,35-44,Male,No,Still unemployed
1375,3,2025-10-01,Skills training,Lower secondary,25-34,Female,Yes,Employed
1376,6,2022-05-01,Language course,Bachelor,25-34,Male,Yes,Employed
1377,2,2025-08-01,Job placement,Upper secondary,25-34,Male,Yes,Still unemployed
1378,9,2025-12-01,Job placement,Master,25-34,Female,No,Employed
1379,9,2025-12-01,Job placement,Master,25-34,Female,Yes,Employed
1380,8,2023-08-01,Skills training,Lower secondary,35-44,Male,Yes,Training
1381,1,2023-10-01,Employer matching,Master,35-44,Male,Yes,Employed
1382,6,2025-08-01,Job placement,Upper secondary,35-44,Female,No,Training
1383,5,2022-07-01,Employer matching,Upper secondary,55+,Male,Yes,Training
1384,8,2025-01-01,Language course,Master,45-54,Male,Yes,Employed
1385,8,2022-05-01,Skills training,Upper secondary,25-34,Female,Yes,Still unemployed
1386,1,2023-06-01,Language course,Lower secondary,45-54,Male,Yes,Employed
1387,10,2025-02-01,Job placement,Lower secondary,25-34,Male,Yes,Employed
1388,6,2023-01-01,Skills training,Upper secondary,25-34,Male,Yes,Employed
1389,1,2022-05-01,Job placement,Master,18-24,Female,Yes,Employed
1390,4,2023-10-01,CV workshop,Lower secondary,45-54,Female,Yes,Training
1391,8,2024-08-01,Language course,Upper secondary,25-34,Female,No,Still unemployed
1392,3,2023-05-01,Skills training,Doctorate,18-24,Male,Yes,Still unemployed
1393,6,2024-08-01,CV workshop,Upper secondary,45-54,Female,Yes,Still unemployed
1394,5,2024-03-01,Language course,Master,55+,Male,No,Still unemployed
1395,4,2024-10-01,Job placement,Upper secondary,45-54,Male,Yes,Employed
1396,4,2022-02-01,Skills training,Bachelor,25-34,Female,No,Training
1397,6,2022-09-01,Job placement,Doctorate,55+,Male,Yes,Still unemployed
1398,2,2024-06-01,Employer matching,Doctorate,25-34,Female,No,Still unemployed
1399,7,2023-08-01,Employer matching,Upper secondary,25-34,Male,No,Employed
1400,10,2025-07-01,Skills training,Bachelor,25-34,Female,Yes,Still unemployed
1401,8,2023-02-01,Employer matching,Bachelor,18-24,Female,Yes,Employed
1402,1,2022-11-01,Skills training,Upper secondary,35-44,Female,Yes,Employed
1403,5,2022-02-01,CV workshop,Lower secondary,35-44,Male,No,Still unemployed
1404,9,2023-05-01,Language course,Bachelor,35-44,Female,Yes,Still unemployed
1405,7,2022-04-01,Skills training,Lower secondary,35-44,Male,No,Still unemployed
1406,8,2025-08-01,CV workshop,Doctorate,35-44,Female,No,Training
1407,7,2024-01-01,Employer matching,Upper secondary,45-54,Female,Yes,Training
1408,1,2024-10-01,Language course,Bachelor,25-34,Male,Yes,Employed
1409,8,2024-06-01,CV workshop,Master,25-34,Female,Yes,Employed
1410,4,2022-01-01,Skills training,Bachelor,45-54,Female,No,Still unemployed
1411,1,2024-04-01,CV workshop,Upper secondary,25-34,Male,Yes,Training
1412,7,2023-08-01,Skills training,Bachelor,18-24,Male,Yes,Employed
1413,7,2025-03-01,Language course,Upper secondary,25-34,Female,No,Still unemployed
1414,2,2022-06-01,Language course,Bachelor,35-44,Female,Yes,Employed
1415,8,2023-09-01,Language course,Doctorate,18-24,Male,Yes,Employed
1416,8,2022-12-01,Skills training,Master,25-34,Male,Yes,Employed
1417,4,2023-06-01,Skills training,Upper secondary,25-34,Female,Yes,Training
1418,4,2025-01-01,CV workshop,Master,25-34,Female,No,Training
1419,9,2022-05-01,CV workshop,Master,55+,Female,Yes,Employed
1420,2,2022-05-01,Employer matching,Upper secondary,35-44,Female,Yes,Still unemployed
1421,7,2025-02-01,CV workshop,Doctorate,45-54,Female,Yes,Training
1422,7,2023-04-01,Employer matching,Bachelor,25-34,Female,Yes,Employed
1423,3,2022-03-01,Language course,Doctorate,35-44,Male,No,Still unemployed
1424,3,2022-08-01,Language course,Bachelor,35-44,Female,No,Employed
1425,6,2022-05-01,Employer matching,Lower secondary,25-34,Female,No,Still unemployed
1426,4,2025-01-01,Employer matching,Upper secondary,18-24,Male,Yes,Employed
1427,1,2025-02-01,Skills training,Bachelor,25-34,Male,Yes,Employed
1428,5,2023-07-01,Language course,Lower secondary,18-24,Male,Yes,Still unemployed
1429,8,2024-01-01,CV workshop,Master,35-44,Male,Yes,Employed
1430,5,2023-12-01,CV workshop,Upper secondary,45-54,Male,Yes,Employed
1431,8,2023-08-01,Employer matching,Lower secondary,25-34,Female,Yes,Still unemployed
1432,8,2022-07-01,CV workshop,Bachelor,25-34,Male,Yes,Employed
1433,6,2022-07-01,Skills training,Bachelor,18-24,Female,Yes,Employed
1434,7,2025-08-01,Job placement,Upper secondary,35-44,Male,Yes,Employed
1435,1,2022-12-01,Language course,Upper secondary,25-34,Female,Yes,Employed
1436,9,2025-06-01,Skills training,Master,55+,Female,Yes,Employed
1437,2,2025-01-01,Language course,Upper secondary,45-54,Female,No,Still unemployed
1438,8,2025-02-01,CV workshop,Lower secondary,55+,Male,Yes,Still unemployed
1439,8,2022-11-01,CV workshop,Doctorate,35-44,Male,Yes,Employed
1440,10,2025-04-01,Skills training,Upper secondary,45-54,Male,Yes,Employed
1441,4,2024-02-01,CV workshop,Master,45-54,Male,Yes,Employed
1442,4,2025-12-01,Skills training,Upper secondary,25-34,Female,No,Still unemployed
1443,3,2025-09-01,Language course,Doctorate,35-44,Male,No,Still unemployed
1444,6,2024-02-01,CV workshop,Bachelor,35-44,Male,Yes,Still unemployed
1445,3,2024-02-01,Job placement,Master,35-44,Female,Yes,Employed
1446,9,2025-06-01,Language course,Doctorate,25-34,Female,No,Training
1447,7,2024-03-01,Employer matching,Upper secondary,25-34,Female,Yes,Employed
1448,9,2025-07-01,Job placement,Lower secondary,45-54,Female,Yes,Employed
1449,5,2025-05-01,Language course,Bachelor,25-34,Female,Yes,Employed
1450,9,2023-12-01,Language course,Master,25-34,Male,Yes,Employed
1451,2,2025-12-01,Skills training,Bachelor,45-54,Female,No,Still unemployed
1452,5,2022-09-01,Skills training,Master,45-54,Female,Yes,Training
1453,7,2023-08-01,Job placement,Upper secondary,55+,Male,Yes,Employed
1454,5,2024-04-01,Job placement,Lower secondary,55+,Female,Yes,Employed
1455,8,2025-04-01,CV workshop,Upper secondary,18-24,Female,Yes,Employed
1456,1,2025-02-01,Job placement,Upper secondary,35-44,Female,No,Still unemployed
1457,9,2022-05-01,CV workshop,Upper secondary,25-34,Female,Yes,Still unemployed
1458,2,2024-09-01,CV workshop,Upper secondary,25-34,Female,Yes,Still unemployed
1459,2,2022-11-01,CV workshop,Upper secondary,35-44,Male,Yes,Employed
1460,5,2024-11-01,Employer matching,Upper secondary,55+,Male,Yes,Employed
1461,8,2025-05-01,Skills training,Bachelor,55+,Male,Yes,Still unemployed
1462,4,2022-10-01,Employer matching,Master,35-44,Female,Yes,Employed
1463,9,2023-05-01,Job placement,Master,25-34,Female,Yes,Employed
1464,3,2022-06-01,Job placement,Upper secondary,25-34,Male,Yes,Employed
1465,8,2022-07-01,CV workshop,Bachelor,35-44,Female,Yes,Employed
1466,2,2023-03-01,CV workshop,Bachelor,18-24,Female,Yes,Employed
1467,7,2022-09-01,Employer matching,Master,25-34,Female,Yes,Employed
1468,8,2024-03-01,Job placement,Bachelor,18-24,Female,Yes,Still unemployed
1469,2,2022-12-01,CV workshop,Upper secondary,18-24,Male,Yes,Employed
1470,9,2022-11-01,Employer matching,Upper secondary,55+,Female,Yes,Training
1471,7,2025-10-01,Job placement,Bachelor,25-34,Female,Yes,Employed
1472,5,2022-10-01,CV workshop,Master,25-34,Male,Yes,Employed
1473,10,2024-09-01,CV workshop,Lower secondary,35-44,Male,Yes,Employed
1474,9,2025-12-01,Language course,Bachelor,35-44,Female,Yes,Training
1475,4,2025-09-01,Job placement,Upper secondary,45-54,Female,Yes,Employed
1476,10,2025-01-01,Language course,Doctorate,45-54,Male,No,Training
1477,9,2025-06-01,Employer matching,Doctorate,25-34,Female,Yes,Still unemployed
1478,2,2023-06-01,Employer matching,Master,25-34,Female,Yes,Training
1479,7,2025-09-01,Job placement,Master,25-34,Female,Yes,Employed
1480,9,2022-06-01,Job placement,Doctorate,55+,Male,Yes,Employed
1481,2,2023-07-01,Employer matching,Upper secondary,18-24,Male,Yes,Still unemployed
1482,1,2022-08-01,Employer matching,Bachelor,45-54,Female,No,Still unemployed
1483,8,2024-06-01,CV workshop,Upper secondary,45-54,Male,Yes,Training
1484,2,2023-08-01,Skills training,Bachelor,45-54,Female,Yes,Training
1485,4,2025-04-01,Employer matching,Lower secondary,35-44,Female,Yes,Training
1486,5,2022-11-01,CV workshop,Bachelor,35-44,Female,Yes,Employed
1487,9,2023-02-01,Job placement,Lower secondary,35-44,Male,Yes,Training
1488,7,2022-02-01,Employer matching,Master,25-34,Female,Yes,Still unemployed
1489,3,2022-10-01,Employer matching,Master,25-34,Male,Yes,Employed
1490,5,2025-03-01,Skills training,Doctorate,45-54,Male,No,Employed
1491,5,2022-12-01,Employer matching,Lower secondary,35-44,Female,Yes,Training
1492,3,2023-01-01,CV workshop,Master,55+,Female,Yes,Employed
1493,5,2022-06-01,CV workshop,Upper secondary,25-34,Male,Yes,Still unemployed
1494,7,2025-06-01,Language course,Upper secondary,25-34,Female,No,Employed
1495,2,2023-11-01,Language course,Master,35-44,Female,Yes,Still unemployed
1496,9,2025-10-01,Employer matching,Upper secondary,18-24,Female,No,Training
1497,7,2022-09-01,Employer matching,Master,35-44,Male,Yes,Employed
1498,8,2023-12-01,Employer matching,Master,25-34,Male,Yes,Employed
1499,6,2024-10-01,Skills training,Bachelor,35-44,Male,No,Employed
1500,3,2023-01-01,Employer matching,Bachelor,18-24,Male,No,Employed
1501,8,2025-01-01,CV workshop,Master,25-34,Female,Yes,Employed
1502,10,2024-07-01,Language course,Master,35-44,Female,Yes,Training
1503,2,2025-02-01,Job placement,Lower secondary,35-44,Female,Yes,Still unemployed
1504,4,2025-10-01,Employer matching,Upper secondary,55+,Female,Yes,Still unemployed
1505,10,2025-03-01,Employer matching,Bachelor,35-44,Female,No,Training
1506,9,2025-01-01,CV workshop,Master,35-44,Male,Yes,Employed
1507,9,2023-11-01,Language course,Master,35-44,Male,Yes,Employed
1508,2,2022-08-01,Job placement,Bachelor,35-44,Male,Yes,Training
1509,2,2023-01-01,Skills training,Lower secondary,55+,Female,No,Still unemployed
1510,10,2025-04-01,Skills training,Bachelor,18-24,Male,No,Still unemployed
1511,9,2022-06-01,Employer matching,Bachelor,35-44,Female,Yes,Training
1512,4,2024-04-01,Skills training,Bachelor,18-24,Male,Yes,Employed
1513,4,2025-02-01,Skills training,Doctorate,18-24,Male,Yes,Employed
1514,5,2023-10-01,Language course,Doctorate,35-44,Female,Yes,Employed
1515,1,2024-06-01,Job placement,Upper secondary,35-44,Female,Yes,Employed
1516,9,2022-09-01,Job placement,Doctorate,45-54,Male,Yes,Still unemployed
1517,9,2025-04-01,Skills training,Upper secondary,25-34,Male,No,Employed
1518,7,2024-02-01,CV workshop,Upper secondary,25-34,Female,No,Still unemployed
1519,2,2023-01-01,Language course,Bachelor,35-44,Male,Yes,Training
1520,6,2024-12-01,Employer matching,Bachelor,35-44,Male,Yes,Employed
1521,5,2025-04-01,Job placement,Master,25-34,Female,No,Employed
1522,7,2023-07-01,Language course,Lower secondary,25-34,Female,No,Still unemployed
1523,1,2024-11-01,Employer matching,Bachelor,35-44,Female,Yes,Training
1524,6,2025-10-01,Skills training,Bachelor,25-34,Female,No,Still unemployed
1525,9,2025-03-01,Employer matching,Bachelor,35-44,Female,No,Training
1526,1,2022-09-01,Employer matching,Upper secondary,35-44,Female,Yes,Training
1527,10,2023-06-01,Job placement,Bachelor,18-24,Female,Yes,Employed
1528,5,2022-02-01,Employer matching,Bachelor,35-44,Female,No,Training
1529,1,2025-04-01,Skills training,Bachelor,25-34,Male,Yes,Still unemployed
1530,7,2024-01-01,Job placement,Bachelor,45-54,Female,Yes,Employed
1531,7,2022-09-01,Skills training,Bachelor,25-34,Female,Yes,Training
1532,2,2022-09-01,Skills training,Upper secondary,18-24,Female,Yes,Employed
1533,5,2022-01-01,Job placement,Lower secondary,35-44,Male,Yes,Employed
1534,3,2024-07-01,CV workshop,Lower secondary,25-34,Male,Yes,Employed
1535,10,2023-03-01,Job placement,Bachelor,55+,Male,No,Employed
1536,3,2023-09-01,Skills training,Master,18-24,Male,Yes,Employed
1537,2,2022-12-01,CV workshop,Master,18-24,Female,No,Still unemployed
1538,6,2023-08-01,CV workshop,Bachelor,55+,Male,No,Still unemployed
1539,10,2023-08-01,Skills training,Bachelor,55+,Male,Yes,Still unemployed
1540,3,2023-10-01,Employer matching,Doctorate,18-24,Female,No,Training
1541,9,2023-08-01,CV workshop,Doctorate,25-34,Male,Yes,Still unemployed
1542,3,2022-06-01,Skills training,Doctorate,55+,Female,Yes,Employed
1543,10,2025-06-01,CV workshop,Lower secondary,25-34,Female,Yes,Employed
1544,5,2023-02-01,CV workshop,Bachelor,45-54,Male,Yes,Employed
1545,5,2022-01-01,Job placement,Master,35-44,Male,Yes,Still unemployed
1546,8,2023-10-01,Employer matching,Lower secondary,45-54,Female,Yes,Training
1547,5,2023-03-01,CV workshop,Upper secondary,35-44,Female,Yes,Employed
1548,3,2025-01-01,Employer matching,Upper secondary,45-54,Male,Yes,Employed
1549,4,2023-06-01,Skills training,Upper secondary,25-34,Male,Yes,Still unemployed
1550,3,2025-07-01,Language course,Bachelor,55+,Male,No,Still unemployed
1551,5,2023-03-01,Skills training,Upper secondary,25-34,Male,Yes,Employed
1552,6,2023-02-01,Skills training,Bachelor,18-24,Male,Yes,Employed
1553,7,2022-05-01,Employer matching,Upper secondary,45-54,Male,Yes,Employed
1554,4,2022-08-01,Employer matching,Master,25-34,Male,No,Still unemployed
1555,3,2023-03-01,Language course,Upper secondary,18-24,Male,No,Still unemployed
1556,10,2023-06-01,Employer matching,Bachelor,35-44,Female,Yes,Employed
1557,9,2023-01-01,Skills training,Upper secondary,45-54,Male,Yes,Still unemployed
1558,9,2023-06-01,Employer matching,Bachelor,35-44,Male,Yes,Employed
1559,4,2022-04-01,Job placement,Upper secondary,25-34,Male,No,Employed
1560,4,2023-10-01,Skills training,Doctorate,25-34,Female,Yes,Employed
1561,7,2022-05-01,Language course,Bachelor,25-34,Female,No,Still unemployed
1562,2,2024-06-01,Language course,Lower secondary,35-44,Male,Yes,Employed
1563,10,2022-12-01,Language course,Master,18-24,Male,No,Still unemployed
1564,3,2023-09-01,Language course,Bachelor,45-54,Female,No,Still unemployed
1565,3,2023-12-01,CV workshop,Lower secondary,55+,Female,No,Still unemployed
1566,8,2023-01-01,Job placement,Bachelor,45-54,Female,Yes,Employed
1567,3,2022-08-01,Job placement,Upper secondary,25-34,Female,Yes,Employed
1568,5,2022-04-01,Skills training,Bachelor,35-44,Male,Yes,Employed
1569,10,2025-09-01,Employer matching,Upper secondary,35-44,Female,Yes,Training
1570,2,2025-03-01,Employer matching,Lower secondary,35-44,Male,Yes,Employed
1571,2,2022-02-01,CV workshop,Bachelor,45-54,Female,Yes,Employed
1572,7,2024-12-01,Job placement,Upper secondary,45-54,Female,Yes,Employed
1573,1,2023-10-01,CV workshop,Master,25-34,Female,Yes,Still unemployed
1574,7,2025-06-01,Skills training,Master,18-24,Female,Yes,Training
1575,3,2023-07-01,Employer matching,Upper secondary,35-44,Male,Yes,Training
1576,4,2022-10-01,CV workshop,Upper secondary,18-24,Male,Yes,Employed
1577,4,2025-01-01,CV workshop,Lower secondary,35-44,Male,Yes,Still unemployed
1578,2,2025-05-01,Job placement,Bachelor,35-44,Female,Yes,Training
1579,10,2022-02-01,Language course,Master,35-44,Female,Yes,Still unemployed
1580,6,2025-08-01,Job placement,Lower secondary,25-34,Male,Yes,Employed
1581,4,2023-06-01,Skills training,Upper secondary,35-44,Male,No,Employed
1582,6,2025-05-01,Job placement,Master,25-34,Male,Yes,Employed
1583,4,2024-05-01,Employer matching,Bachelor,25-34,Female,No,Still unemployed
1584,5,2022-02-01,Skills training,Upper secondary,35-44,Female,Yes,Employed
1585,2,2025-10-01,Skills training,Upper secondary,25-34,Female,Yes,Still unemployed
1586,10,2023-05-01,Skills training,Lower secondary,45-54,Female,No,Training
1587,8,2022-07-01,Language course,Lower secondary,25-34,Female,Yes,Training
1588,4,2025-11-01,CV workshop,Bachelor,45-54,Female,No,Still unemployed
1589,6,2023-05-01,Skills training,Lower secondary,55+,Male,Yes,Employed
1590,6,2024-02-01,Employer matching,Upper secondary,25-34,Male,No,Still unemployed
1591,1,2023-12-01,Skills training,Master,18-24,Male,Yes,Employed
1592,7,2025-01-01,Job placement,Lower secondary,25-34,Female,Yes,Employed
1593,6,2023-03-01,CV workshop,Master,45-54,Male,Yes,Employed
1594,7,2023-03-01,Skills training,Upper secondary,18-24,Female,Yes,Training
1595,3,2025-10-01,Employer matching,Upper secondary,45-54,Male,Yes,Employed
1596,9,2023-10-01,Language course,Doctorate,35-44,Female,No,Still unemployed
1597,8,2022-09-01,Employer matching,Bachelor,45-54,Female,Yes,Employed
1598,3,2023-07-01,CV workshop,Lower secondary,45-54,Male,Yes,Employed
1599,6,2023-08-01,Employer matching,Master,45-54,Male,Yes,Still unemployed
1600,9,2025-03-01,Skills training,Bachelor,18-24,Female,No,Still unemployed
1601,1,2022-06-01,CV workshop,Master,35-44,Male,Yes,Still unemployed
1602,2,2022-08-01,CV workshop,Upper secondary,35-44,Male,Yes,Employed
1603,9,2024-05-01,Job placement,Upper secondary,35-44,Female,Yes,Employed
1604,1,2023-11-01,CV workshop,Master,45-54,Female,Yes,Employed
1605,4,2022-03-01,Job placement,Bachelor,35-44,Female,No,Still unemployed
1606,9,2025-07-01,CV workshop,Bachelor,35-44,Male,Yes,Employed
1607,8,2022-01-01,Job placement,Bachelor,35-44,Female,Yes,Employed
1608,4,2025-06-01,Job placement,Bachelor,35-44,Female,Yes,Employed
1609,6,2024-06-01,Employer matching,Master,55+,Male,No,Still unemployed
1610,8,2025-04-01,Employer matching,Upper secondary,35-44,Male,No,Training
1611,4,2025-06-01,CV workshop,Master,25-34,Female,Yes,Employed
1612,8,2022-06-01,Skills training,Lower secondary,35-44,Male,Yes,Employed
1613,9,2024-05-01,Language course,Bachelor,55+,Female,Yes,Employed
1614,7,2024-04-01,Skills training,Doctorate,25-34,Female,Yes,Training
1615,7,2023-09-01,Employer matching,Bachelor,45-54,Female,Yes,Employed
1616,3,2023-04-01,Employer matching,Bachelor,45-54,Female,Yes,Employed
1617,9,2024-07-01,Language course,Doctorate,25-34,Male,Yes,Employed
1618,5,2025-11-01,Skills training,Lower secondary,45-54,Male,No,Training
1619,6,2025-12-01,CV workshop,Bachelor,35-44,Male,Yes,Employed
1620,9,2024-04-01,Language course,Master,55+,Male,Yes,Employed
1621,4,2023-12-01,Skills training,Bachelor,35-44,Female,Yes,Employed
1622,1,2025-08-01,Skills training,Upper secondary,35-44,Male,Yes,Employed
1623,1,2022-09-01,Job placement,Doctorate,25-34,Male,Yes,Still unemployed
1624,6,2022-09-01,CV workshop,Master,25-34,Male,Yes,Employed
1625,6,2022-12-01,Job placement,Doctorate,25-34,Male,Yes,Still unemployed
1626,2,2025-04-01,Job placement,Bachelor,35-44,Female,Yes,Employed
1627,7,2022-10-01,CV workshop,Lower secondary,18-24,Male,No,Employed
1628,2,2023-08-01,CV workshop,Doctorate,45-54,Female,Yes,Still unemployed
1629,7,2022-08-01,Language course,Master,25-34,Female,No,Still unemployed
1630,5,2023-12-01,Skills training,Bachelor,35-44,Male,No,Training
1631,10,2023-09-01,CV workshop,Upper secondary,55+,Female,Yes,Employed
1632,4,2025-04-01,CV workshop,Master,25-34,Male,No,Training
1633,8,2022-04-01,Language course,Bachelor,18-24,Female,Yes,Employed
1634,9,2022-10-01,Language course,Lower secondary,25-34,Male,Yes,Employed
1635,10,2024-12-01,CV workshop,Bachelor,55+,Male,No,Still unemployed
1636,5,2022-08-01,Skills training,Doctorate,55+,Female,Yes,Employed
1637,6,2023-08-01,Skills training,Bachelor,35-44,Female,Yes,Employed
1638,8,2022-03-01,Language course,Master,35-44,Female,Yes,Employed
1639,6,2024-06-01,CV workshop,Bachelor,25-34,Female,Yes,Still unemployed
1640,7,2024-02-01,Language course,Bachelor,35-44,Female,Yes,Employed
1641,5,2024-02-01,CV workshop,Bachelor,35-44,Female,Yes,Employed
1642,10,2024-10-01,Skills training,Upper secondary,25-34,Female,Yes,Still unemployed
1643,10,2023-04-01,Employer matching,Upper secondary,45-54,Male,Yes,Employed
1644,3,2025-09-01,CV workshop,Master,45-54,Male,Yes,Still unemployed
1645,2,2025-10-01,CV workshop,Upper secondary,45-54,Male,No,Still unemployed
1646,8,2025-01-01,CV workshop,Upper secondary,25-34,Female,Yes,Still unemployed
1647,2,2025-08-01,Language course,Lower secondary,25-34,Male,No,Still unemployed
1648,2,2024-06-01,Job placement,Doctorate,55+,Male,Yes,Employed
1649,9,2025-09-01,Job placement,Upper secondary,25-34,Male,Yes,Employed
1650,9,2024-01-01,CV workshop,Bachelor,25-34,Female,Yes,Training
1651,1,2025-02-01,Language course,Upper secondary,18-24,Female,Yes,Employed
1652,9,2023-10-01,Language course,Upper secondary,25-34,Female,No,Still unemployed
1653,10,2024-12-01,Job placement,Upper secondary,25-34,Female,Yes,Employed
1654,9,2023-09-01,Language course,Doctorate,18-24,Female,No,Still unemployed
1655,3,2023-05-01,Skills training,Upper secondary,35-44,Female,Yes,Employed
1656,4,2025-03-01,Employer matching,Upper secondary,25-34,Female,No,Still unemployed
1657,7,2022-08-01,Skills training,Upper secondary,25-34,Male,No,Still unemployed
1658,2,2023-06-01,Job placement,Bachelor,45-54,Female,No,Still unemployed
1659,9,2025-09-01,Skills training,Lower secondary,25-34,Male,Yes,Employed
1660,9,2023-04-01,Employer matching,Bachelor,18-24,Female,Yes,Employed
1661,9,2024-04-01,Employer matching,Bachelor,35-44,Male,No,Still unemployed
1662,6,2025-07-01,CV workshop,Bachelor,35-44,Female,No,Still unemployed
1663,10,2025-09-01,CV workshop,Lower secondary,35-44,Male,Yes,Training
1664,5,2025-06-01,Language course,Bachelor,18-24,Female,Yes,Still unemployed
1665,4,2022-10-01,CV workshop,Lower secondary,55+,Female,Yes,Employed
1666,5,2024-12-01,Language course,Master,25-34,Female,Yes,Employed
1667,3,2025-01-01,Job placement,Master,25-34,Male,Yes,Employed
1668,2,2024-08-01,Language course,Upper secondary,25-34,Male,Yes,Employed
1669,5,2025-03-01,Job placement,Bachelor,35-44,Female,Yes,Still unemployed
1670,7,2023-06-01,CV workshop,Doctorate,35-44,Female,Yes,Training
1671,8,2025-02-01,Job placement,Upper secondary,45-54,Male,Yes,Employed
1672,6,2025-01-01,Job placement,Lower secondary,35-44,Male,Yes,Still unemployed
1673,10,2025-05-01,Skills training,Bachelor,25-34,Female,Yes,Employed
1674,10,2025-02-01,Employer matching,Upper secondary,45-54,Female,Yes,Employed
1675,2,2024-04-01,Job placement,Master,25-34,Male,Yes,Employed
1676,7,2024-01-01,Language course,Master,45-54,Female,Yes,Employed
1677,7,2024-05-01,Language course,Bachelor,18-24,Female,Yes,Still unemployed
1678,10,2023-07-01,Job placement,Doctorate,25-34,Male,Yes,Employed
1679,9,2025-11-01,CV workshop,Upper secondary,55+,Male,Yes,Still unemployed
1680,2,2022-06-01,Language course,Master,45-54,Female,Yes,Employed
1681,3,2025-09-01,CV workshop,Upper secondary,25-34,Female,Yes,Still unemployed
1682,7,2024-04-01,Skills training,Master,35-44,Female,Yes,Still unemployed
1683,3,2023-02-01,CV workshop,Master,18-24,Female,Yes,Employed
1684,9,2024-02-01,Language course,Upper secondary,18-24,Male,Yes,Still unemployed
1685,6,2022-06-01,CV workshop,Lower secondary,25-34,Female,Yes,Still unemployed
1686,7,2024-07-01,Skills training,Upper secondary,55+,Female,No,Still unemployed
1687,9,2025-12-01,CV workshop,Bachelor,35-44,Male,Yes,Still unemployed
1688,7,2022-01-01,Skills training,Doctorate,18-24,Male,Yes,Employed
1689,6,2023-12-01,Employer matching,Bachelor,35-44,Female,Yes,Employed
1690,2,2024-06-01,Employer matching,Bachelor,45-54,Male,Yes,Employed
1691,9,2024-05-01,Job placement,Bachelor,35-44,Male,Yes,Still unemployed
1692,4,2025-04-01,Job placement,Upper secondary,25-34,Male,Yes,Employed
1693,3,2024-11-01,Language course,Bachelor,55+,Female,No,Employed
1694,7,2024-05-01,Skills training,Upper secondary,55+,Male,No,Training
1695,2,2025-10-01,CV workshop,Master,25-34,Female,Yes,Employed
1696,5,2023-10-01,Job placement,Bachelor,45-54,Male,No,Still unemployed
1697,7,2022-12-01,Language course,Master,25-34,Male,Yes,Employed
1698,9,2025-12-01,Job placement,Upper secondary,25-34,Female,Yes,Employed
1699,3,2024-12-01,Language course,Bachelor,25-34,Female,Yes,Employed
1700,8,2024-06-01,Employer matching,Upper secondary,45-54,Male,Yes,Employed
1701,9,2023-05-01,CV workshop,Upper secondary,45-54,Female,Yes,Employed
1702,6,2025-03-01,Employer matching,Master,55+,Male,No,Training
1703,9,2022-05-01,Employer matching,Upper secondary,45-54,Female,Yes,Employed
1704,7,2022-11-01,Job placement,Lower secondary,45-54,Female,Yes,Employed
1705,3,2025-08-01,Language course,Master,45-54,Female,No,Employed
1706,7,2022-10-01,CV workshop,Lower secondary,18-24,Male,Yes,Employed
1707,7,2022-02-01,Language course,Bachelor,35-44,Female,Yes,Employed
1708,7,2025-09-01,Skills training,Bachelor,18-24,Female,Yes,Employed
1709,2,2023-05-01,Skills training,Upper secondary,25-34,Male,Yes,Employed
1710,7,2025-09-01,Job placement,Lower secondary,25-34,Male,Yes,Employed
1711,9,2022-01-01,CV workshop,Upper secondary,45-54,Female,Yes,Employed
1712,5,2022-07-01,Language course,Upper secondary,55+,Male,Yes,Still unemployed
1713,6,2024-02-01,Job placement,Upper secondary,25-34,Female,No,Still unemployed
1714,2,2025-11-01,Employer matching,Upper secondary,55+,Male,Yes,Employed
1715,4,2023-10-01,Job placement,Master,35-44,Male,Yes,Still unemployed
1716,10,2024-11-01,CV workshop,Lower secondary,35-44,Male,Yes,Employed
1717,10,2022-01-01,Employer matching,Upper secondary,35-44,Female,Yes,Employed
1718,1,2023-03-01,Job placement,Bachelor,25-34,Female,Yes,Employed
1719,7,2024-01-01,CV workshop,Lower secondary,18-24,Male,Yes,Employed
1720,1,2022-11-01,Language course,Bachelor,25-34,Male,No,Still unemployed
1721,7,2022-10-01,Language course,Bachelor,25-34,Male,Yes,Employed
1722,10,2024-08-01,Employer matching,Master,25-34,Male,Yes,Still unemployed
1723,6,2022-12-01,Employer matching,Lower secondary,18-24,Male,Yes,Employed
1724,5,2022-05-01,CV workshop,Lower secondary,45-54,Female,Yes,Employed
1725,3,2022-10-01,CV workshop,Upper secondary,35-44,Female,Yes,Employed
1726,9,2024-11-01,CV workshop,Bachelor,35-44,Male,Yes,Still unemployed
1727,10,2024-05-01,CV workshop,Lower secondary,18-24,Male,Yes,Training
1728,4,2025-04-01,Language course,Bachelor,35-44,Female,No,Still unemployed
1729,7,2022-03-01,Language course,Master,45-54,Male,Yes,Employed
1730,5,2024-01-01,Language course,Bachelor,45-54,Female,Yes,Employed
1731,3,2025-10-01,CV workshop,Upper secondary,35-44,Male,Yes,Employed
1732,8,2025-04-01,Job placement,Bachelor,35-44,Male,Yes,Employed
1733,6,2024-06-01,CV workshop,Upper secondary,55+,Male,No,Still unemployed
1734,6,2024-09-01,Job placement,Master,18-24,Female,Yes,Still unemployed
1735,9,2022-04-01,Job placement,Upper secondary,18-24,Female,Yes,Employed
1736,10,2024-04-01,Language course,Master,35-44,Male,Yes,Training
1737,3,2022-05-01,CV workshop,Doctorate,25-34,Male,Yes,Still unemployed
1738,7,2023-09-01,Language course,Upper secondary,18-24,Male,Yes,Training
1739,5,2023-04-01,Employer matching,Master,55+,Male,Yes,Still unemployed
1740,6,2024-08-01,Skills training,Master,18-24,Female,Yes,Employed
1741,4,2025-02-01,CV workshop,Bachelor,45-54,Male,Yes,Employed
1742,9,2025-11-01,Job placement,Master,25-34,Female,Yes,Training
1743,1,2025-11-01,Job placement,Bachelor,25-34,Male,Yes,Employed
1744,6,2022-06-01,Employer matching,Bachelor,25-34,Female,Yes,Employed
1745,5,2022-02-01,Language course,Upper secondary,25-34,Female,Yes,Employed
1746,3,2022-09-01,Employer matching,Doctorate,18-24,Female,No,Still unemployed
1747,4,2025-03-01,Employer matching,Bachelor,35-44,Male,Yes,Employed
1748,2,2024-08-01,Job placement,Upper secondary,35-44,Male,No,Still unemployed
1749,2,2024-06-01,Language course,Bachelor,25-34,Male,Yes,Still unemployed
1750,4,2025-12-01,Skills training,Master,35-44,Male,Yes,Still unemployed
1751,2,2023-11-01,Employer matching,Master,25-34,Male,Yes,Training
1752,7,2023-12-01,Language course,Lower secondary,25-34,Female,Yes,Still unemployed
1753,6,2024-10-01,Employer matching,Master,25-34,Male,Yes,Still unemployed
1754,10,2023-08-01,CV workshop,Bachelor,45-54,Male,Yes,Still unemployed
1755,10,2022-09-01,Skills training,Master,35-44,Male,No,Still unemployed
1756,8,2025-11-01,CV workshop,Bachelor,25-34,Female,Yes,Training
1757,6,2025-11-01,Skills training,Upper secondary,18-24,Female,No,Training
1758,7,2023-02-01,Employer matching,Lower secondary,35-44,Male,No,Training
1759,1,2022-07-01,Job placement,Upper secondary,35-44,Female,Yes,Still unemployed
1760,3,2023-04-01,CV workshop,Bachelor,35-44,Male,Yes,Employed
1761,8,2023-07-01,CV workshop,Lower secondary,25-34,Male,Yes,Still unemployed
1762,8,2023-09-01,Language course,Master,35-44,Female,Yes,Employed
1763,1,2025-11-01,Language course,Upper secondary,25-34,Female,Yes,Training
1764,6,2024-01-01,Skills training,Lower secondary,35-44,Female,Yes,Training
1765,4,2025-03-01,Employer matching,Master,25-34,Female,No,Still unemployed
1766,8,2022-03-01,Skills training,Upper secondary,25-34,Female,No,Still unemployed
1767,7,2022-08-01,CV workshop,Lower secondary,25-34,Female,Yes,Employed
1768,4,2023-08-01,Job placement,Lower secondary,35-44,Male,Yes,Employed
1769,10,2022-05-01,Employer matching,Bachelor,18-24,Female,No,Employed
1770,5,2024-04-01,Skills training,Upper secondary,25-34,Female,Yes,Employed
1771,4,2022-12-01,CV workshop,Master,35-44,Male,Yes,Employed
1772,6,2022-06-01,Skills training,Bachelor,45-54,Female,No,Training
1773,10,2022-06-01,Skills training,Upper secondary,25-34,Male,No,Still unemployed
1774,4,2023-11-01,Language course,Bachelor,45-54,Female,Yes,Training
1775,3,2023-04-01,CV workshop,Doctorate,55+,Male,Yes,Training
1776,6,2023-03-01,Job placement,Master,35-44,Female,Yes,Employed
1777,3,2023-03-01,Job placement,Upper secondary,35-44,Female,Yes,Training
1778,3,2022-06-01,Skills training,Master,45-54,Female,Yes,Training
1779,6,2022-06-01,Employer matching,Upper secondary,45-54,Female,Yes,Training
1780,1,2025-08-01,Skills training,Upper secondary,18-24,Female,No,Still unemployed
1781,10,2022-06-01,Employer matching,Bachelor,25-34,Female,Yes,Employed
1782,2,2023-06-01,Language course,Master,35-44,Female,No,Training
1783,7,2022-10-01,Job placement,Bachelor,25-34,Female,Yes,Employed
1784,5,2023-12-01,Job placement,Bachelor,25-34,Male,Yes,Employed
1785,3,2024-12-01,Skills training,Upper secondary,45-54,Female,Yes,Employed
1786,1,2024-02-01,Language course,Upper secondary,45-54,Male,Yes,Still unemployed
1787,3,2025-01-01,Job placement,Doctorate,25-34,Male,Yes,Employed
1788,4,2022-08-01,Employer matching,Bachelor,25-34,Male,Yes,Employed
1789,2,2024-06-01,Job placement,Master,35-44,Male,Yes,Employed
1790,7,2024-04-01,CV workshop,Lower secondary,25-34,Female,No,Still unemployed
1791,8,2022-01-01,Employer matching,Lower secondary,25-34,Male,Yes,Employed
1792,6,2022-12-01,CV workshop,Lower secondary,45-54,Male,Yes,Employed
1793,2,2024-01-01,Job placement,Bachelor,55+,Male,No,Still unemployed
1794,6,2024-06-01,Language course,Lower secondary,25-34,Male,Yes,Employed
1795,8,2022-10-01,Job placement,Bachelor,35-44,Female,Yes,Employed
1796,8,2022-06-01,CV workshop,Upper secondary,25-34,Male,Yes,Still unemployed
1797,4,2022-07-01,Skills training,Upper secondary,55+,Female,Yes,Employed
1798,2,2025-03-01,Employer matching,Bachelor,25-34,Female,Yes,Employed
1799,5,2022-05-01,CV workshop,Bachelor,25-34,Female,Yes,Employed
1800,3,2025-06-01,Employer matching,Master,25-34,Female,Yes,Employed
1801,8,2022-08-01,Language course,Master,25-34,Male,No,Employed
1802,5,2025-12-01,CV workshop,Upper secondary,35-44,Female,Yes,Employed
1803,7,2024-07-01,Job placement,Upper secondary,18-24,Female,Yes,Employed
1804,3,2025-07-01,Employer matching,Bachelor,35-44,Female,No,Training
1805,3,2023-10-01,Employer matching,Upper secondary,45-54,Female,No,Still unemployed
1806,5,2024-08-01,CV workshop,Upper secondary,25-34,Male,No,Still unemployed
1807,8,2023-05-01,Employer matching,Bachelor,25-34,Female,Yes,Still unemployed
1808,9,2022-07-01,Skills training,Bachelor,25-34,Female,Yes,Employed
1809,9,2024-12-01,CV workshop,Upper secondary,35-44,Male,Yes,Employed
1810,2,2022-05-01,Job placement,Master,18-24,Male,Yes,Training
1811,7,2023-09-01,Language course,Lower secondary,35-44,Male,Yes,Training
1812,3,2022-04-01,Skills training,Master,35-44,Male,Yes,Employed
1813,3,2024-01-01,Job placement,Lower secondary,55+,Male,Yes,Still unemployed
1814,9,2025-05-01,Skills training,Bachelor,55+,Male,Yes,Still unemployed
1815,1,2022-09-01,Job placement,Bachelor,25-34,Female,No,Employed
1816,6,2025-01-01,Language course,Upper secondary,35-44,Male,Yes,Still unemployed
1817,8,2023-03-01,Employer matching,Lower secondary,35-44,Male,No,Employed
1818,10,2022-11-01,Employer matching,Master,45-54,Male,Yes,Employed
1819,5,2025-08-01,Job placement,Master,18-24,Male,Yes,Training
1820,2,2022-12-01,Job placement,Upper secondary,18-24,Female,Yes,Employed
1821,5,2024-04-01,CV workshop,Bachelor,25-34,Female,Yes,Employed
1822,8,2022-05-01,Skills training,Master,25-34,Female,Yes,Still unemployed
1823,6,2022-08-01,CV workshop,Lower secondary,45-54,Male,Yes,Still unemployed
1824,9,2025-11-01,Employer matching,Bachelor,45-54,Female,Yes,Still unemployed
1825,7,2023-09-01,CV workshop,Bachelor,25-34,Female,Yes,Employed
1826,10,2023-01-01,Job placement,Upper secondary,25-34,Male,Yes,Training
1827,7,2025-07-01,Skills training,Upper secondary,35-44,Female,No,Still unemployed
1828,2,2025-05-01,Employer matching,Master,18-24,Male,No,Still unemployed
1829,1,2022-12-01,Skills training,Bachelor,25-34,Male,No,Employed
1830,6,2025-01-01,Skills training,Bachelor,18-24,Male,Yes,Employed
1831,10,2023-02-01,Employer matching,Bachelor,18-24,Female,Yes,Employed
1832,5,2025-03-01,Skills training,Upper secondary,35-44,Female,Yes,Employed
1833,1,2023-03-01,Employer matching,Master,35-44,Male,No,Training
1834,7,2024-07-01,Language course,Master,25-34,Male,Yes,Still unemployed
1835,7,2025-11-01,Language course,Bachelor,45-54,Female,Yes,Employed
1836,1,2022-11-01,CV workshop,Upper secondary,35-44,Male,Yes,Still unemployed
1837,7,2022-11-01,Skills training,Lower secondary,25-34,Male,Yes,Training
1838,5,2022-11-01,CV workshop,Master,35-44,Male,Yes,Still unemployed
1839,2,2023-12-01,Employer matching,Bachelor,25-34,Male,No,Training
1840,1,2025-09-01,Employer matching,Bachelor,18-24,Male,Yes,Training
1841,6,2025-05-01,Job placement,Upper secondary,55+,Female,No,Employed
1842,4,2024-03-01,CV workshop,Master,45-54,Female,Yes,Still unemployed
1843,3,2023-11-01,Skills training,Upper secondary,35-44,Male,No,Employed
1844,9,2024-09-01,Job placement,Master,18-24,Female,Yes,Training
1845,3,2025-05-01,Language course,Bachelor,25-34,Female,No,Still unemployed
1846,5,2024-02-01,CV workshop,Doctorate,35-44,Female,No,Still unemployed
1847,6,2024-02-01,Skills training,Lower secondary,25-34,Male,No,Employed
1848,9,2023-05-01,Employer matching,Bachelor,25-34,Male,Yes,Employed
1849,10,2025-09-01,Job placement,Master,35-44,Female,Yes,Employed
1850,1,2024-10-01,Skills training,Upper secondary,45-54,Male,Yes,Still unemployed
1851,3,2024-07-01,Skills training,Master,25-34,Female,Yes,Employed
1852,8,2025-06-01,CV workshop,Upper secondary,45-54,Female,No,Still unemployed
1853,7,2024-07-01,Employer matching,Bachelor,25-34,Female,Yes,Employed
1854,1,2022-12-01,Skills training,Bachelor,25-34,Female,No,Still unemployed
1855,3,2024-10-01,Language course,Master,45-54,Female,Yes,Employed
1856,2,2022-08-01,Job placement,Doctorate,18-24,Female,Yes,Still unemployed
1857,2,2022-09-01,Language course,Doctorate,45-54,Female,No,Employed
1858,9,2022-04-01,Employer matching,Bachelor,25-34,Male,Yes,Training
1859,10,2022-07-01,CV workshop,Bachelor,18-24,Male,No,Employed
1860,1,2025-08-01,Skills training,Bachelor,35-44,Female,No,Training
1861,9,2022-02-01,Job placement,Master,25-34,Female,No,Employed
1862,4,2024-09-01,Job placement,Master,45-54,Male,Yes,Employed
1863,9,2025-07-01,Job placement,Upper secondary,35-44,Male,No,Still unemployed
1864,10,2024-11-01,Language course,Bachelor,45-54,Male,Yes,Employed
1865,5,2022-12-01,CV workshop,Upper secondary,18-24,Male,Yes,Employed
1866,2,2022-03-01,CV workshop,Lower secondary,25-34,Female,Yes,Still unemployed
1867,2,2023-10-01,Skills training,Master,35-44,Female,Yes,Still unemployed
1868,10,2023-08-01,Skills training,Bachelor,45-54,Male,Yes,Employed
1869,8,2025-01-01,Job placement,Bachelor,45-54,Female,No,Employed
1870,2,2022-03-01,Job placement,Upper secondary,25-34,Female,Yes,Still unemployed
1871,9,2025-02-01,Language course,Upper secondary,25-34,Male,Yes,Still unemployed
1872,3,2024-10-01,Employer matching,Bachelor,25-34,Female,No,Still unemployed
1873,1,2023-04-01,Language course,Lower secondary,35-44,Male,No,Employed
1874,7,2023-05-01,CV workshop,Bachelor,18-24,Male,No,Still unemployed
1875,6,2024-10-01,CV workshop,Bachelor,55+,Female,No,Still unemployed
1876,1,2025-12-01,Employer matching,Bachelor,35-44,Male,No,Still unemployed
1877,6,2023-05-01,Language course,Lower secondary,25-34,Male,Yes,Employed
1878,8,2024-11-01,Language course,Upper secondary,35-44,Male,Yes,Still unemployed
1879,4,2024-05-01,Employer matching,Upper secondary,45-54,Female,Yes,Employed
1880,10,2022-07-01,CV workshop,Bachelor,25-34,Female,Yes,Still unemployed
1881,4,2025-04-01,Language course,Master,25-34,Female,Yes,Employed
1882,4,2022-09-01,Employer matching,Master,35-44,Female,Yes,Employed
1883,7,2022-05-01,Skills training,Master,18-24,Male,No,Training
1884,7,2022-06-01,CV workshop,Master,25-34,Male,Yes,Employed
1885,10,2023-07-01,Job placement,Upper secondary,25-34,Male,No,Still unemployed
1886,4,2022-12-01,Skills training,Bachelor,45-54,Female,Yes,Training
1887,2,2023-10-01,Skills training,Master,45-54,Male,Yes,Still unemployed
1888,7,2025-11-01,Skills training,Bachelor,45-54,Female,No,Employed
1889,10,2022-04-01,Skills training,Doctorate,18-24,Female,Yes,Employed
1890,6,2025-12-01,Job placement,Bachelor,18-24,Female,Yes,Still unemployed
1891,6,2023-04-01,Employer matching,Bachelor,55+,Male,Yes,Training
1892,6,2023-02-01,Employer matching,Lower secondary,35-44,Female,Yes,Employed
1893,4,2022-04-01,Language course,Lower secondary,25-34,Female,Yes,Employed
1894,1,2022-12-01,CV workshop,Lower secondary,35-44,Female,Yes,Still unemployed
1895,10,2025-11-01,Employer matching,Upper secondary,35-44,Female,Yes,Employed
1896,7,2023-01-01,Job placement,Bachelor,35-44,Female,No,Training
1897,8,2025-03-01,Job placement,Upper secondary,25-34,Female,Yes,Employed
1898,6,2024-01-01,Skills training,Lower secondary,35-44,Male,Yes,Training
1899,4,2022-02-01,Language course,Bachelor,18-24,Male,Yes,Employed
1900,4,2023-12-01,Job placement,Master,45-54,Female,Yes,Still unemployed
1901,3,2022-05-01,Language course,Lower secondary,45-54,Female,Yes,Employed
1902,5,2023-10-01,Employer matching,Bachelor,45-54,Male,Yes,Still unemployed
1903,2,2023-12-01,Job placement,Upper secondary,25-34,Male,Yes,Employed
1904,4,2022-04-01,Language course,Master,25-34,Male,Yes,Still unemployed
1905,10,2024-05-01,CV workshop,Upper secondary,35-44,Female,Yes,Employed
1906,3,2023-01-01,Employer matching,Bachelor,25-34,Male,Yes,Employed
1907,3,2025-03-01,Language course,Bachelor,25-34,Female,Yes,Employed
1908,2,2023-10-01,CV workshop,Master,45-54,Male,No,Still unemployed
1909,9,2025-06-01,Employer matching,Bachelor,18-24,Female,Yes,Still unemployed
1910,3,2022-11-01,Skills training,Doctorate,18-24,Male,No,Employed
1911,9,2024-08-01,CV workshop,Upper secondary,45-54,Female,Yes,Training
1912,2,2024-06-01,Employer matching,Master,25-34,Female,Yes,Still unemployed
1913,4,2022-01-01,Language course,Lower secondary,45-54,Male,Yes,Employed
1914,1,2022-08-01,Employer matching,Upper secondary,35-44,Female,No,Still unemployed
1915,7,2023-02-01,Language course,Bachelor,35-44,Male,No,Still unemployed
1916,8,2023-06-01,Employer matching,Upper secondary,18-24,Female,Yes,Employed
1917,9,2025-07-01,Skills training,Lower secondary,25-34,Male,Yes,Employed
1918,1,2025-01-01,Skills training,Upper secondary,45-54,Male,Yes,Training
1919,9,2022-10-01,CV workshop,Upper secondary,35-44,Male,Yes,Employed
1920,4,2024-05-01,CV workshop,Bachelor,25-34,Male,Yes,Still unemployed
1921,2,2022-03-01,CV workshop,Upper secondary,18-24,Female,Yes,Employed
1922,7,2025-08-01,Job placement,Master,18-24,Male,Yes,Still unemployed
1923,4,2024-10-01,Employer matching,Upper secondary,45-54,Male,Yes,Employed
1924,8,2023-02-01,CV workshop,Doctorate,25-34,Male,Yes,Employed
1925,4,2024-09-01,Skills training,Bachelor,25-34,Male,Yes,Employed
1926,1,2022-01-01,CV workshop,Master,45-54,Male,No,Still unemployed
1927,9,2023-01-01,Language course,Bachelor,25-34,Female,Yes,Employed
1928,9,2024-01-01,Job placement,Upper secondary,25-34,Female,No,Still unemployed
1929,6,2024-07-01,Employer matching,Bachelor,18-24,Male,Yes,Employed
1930,1,2022-11-01,Skills training,Upper secondary,45-54,Female,Yes,Employed
1931,5,2024-04-01,Job placement,Master,25-34,Female,Yes,Employed
1932,6,2022-06-01,CV workshop,Master,55+,Female,Yes,Employed
1933,8,2022-07-01,CV workshop,Upper secondary,25-34,Male,Yes,Employed
1934,9,2022-01-01,Skills training,Upper secondary,25-34,Male,Yes,Training
1935,10,2025-01-01,Employer matching,Upper secondary,18-24,Male,No,Still unemployed
1936,5,2024-05-01,Skills training,Upper secondary,35-44,Female,No,Employed
1937,8,2022-11-01,Language course,Lower secondary,35-44,Female,Yes,Employed
1938,10,2023-07-01,Employer matching,Bachelor,25-34,Male,Yes,Employed
1939,4,2025-02-01,Language course,Master,25-34,Male,Yes,Employed
1940,8,2023-04-01,CV workshop,Upper secondary,25-34,Male,Yes,Employed
1941,10,2023-01-01,Job placement,Bachelor,25-34,Female,Yes,Employed
1942,4,2023-07-01,CV workshop,Lower secondary,25-34,Male,Yes,Training
1943,2,2022-11-01,Employer matching,Bachelor,25-34,Male,Yes,Employed
1944,1,2025-01-01,Skills training,Upper secondary,45-54,Male,No,Employed
1945,3,2025-07-01,Language course,Upper secondary,35-44,Female,Yes,Employed
1946,9,2022-12-01,Job placement,Lower secondary,45-54,Male,No,Still unemployed
1947,6,2025-09-01,Job placement,Bachelor,35-44,Female,No,Still unemployed
1948,9,2024-01-01,Skills training,Bachelor,25-34,Male,Yes,Employed
1949,7,2024-08-01,Job placement,Upper secondary,55+,Male,No,Still unemployed
1950,7,2025-12-01,Job placement,Upper secondary,25-34,Female,Yes,Still unemployed
1951,1,2025-08-01,Employer matching,Bachelor,55+,Female,Yes,Still unemployed
1952,4,2022-03-01,Skills training,Bachelor,55+,Female,Yes,Still unemployed
1953,5,2022-06-01,CV workshop,Upper secondary,25-34,Male,Yes,Employed
1954,6,2024-08-01,Employer matching,Master,25-34,Male,Yes,Still unemployed
1955,8,2024-06-01,Skills training,Bachelor,25-34,Female,Yes,Still unemployed
1956,1,2024-09-01,Job placement,Master,35-44,Male,No,Still unemployed
1957,7,2022-09-01,Job placement,Master,25-34,Female,Yes,Employed
1958,5,2023-09-01,CV workshop,Bachelor,45-54,Male,Yes,Employed
1959,10,2023-12-01,Job placement,Upper secondary,55+,Female,No,Still unemployed
1960,10,2025-03-01,Employer matching,Bachelor,25-34,Female,Yes,Employed
1961,2,2024-08-01,CV workshop,Bachelor,18-24,Male,No,Training
1962,3,2024-09-01,CV workshop,Upper secondary,55+,Male,No,Still unemployed
1963,9,2023-05-01,Language course,Upper secondary,25-34,Female,Yes,Still unemployed
1964,7,2024-11-01,CV workshop,Upper secondary,35-44,Female,Yes,Employed
1965,1,2022-05-01,Job placement,Bachelor,35-44,Male,Yes,Employed
1966,2,2022-07-01,Skills training,Bachelor,45-54,Male,No,Still unemployed
1967,3,2023-09-01,Employer matching,Doctorate,25-34,Male,Yes,Employed
1968,8,2024-03-01,CV workshop,Bachelor,18-24,Female,Yes,Still unemployed
1969,3,2023-02-01,Language course,Upper secondary,35-44,Female,Yes,Still unemployed
1970,5,2022-09-01,CV workshop,Master,25-34,Male,Yes,Employed
1971,9,2024-01-01,CV workshop,Doctorate,35-44,Female,Yes,Employed
1972,4,2022-04-01,Employer matching,Upper secondary,25-34,Female,Yes,Employed
1973,6,2022-11-01,Language course,Master,18-24,Male,No,Employed
1974,6,2023-09-01,Job placement,Master,18-24,Female,Yes,Still unemployed
1975,6,2024-01-01,Language course,Upper secondary,35-44,Male,No,Still unemployed
1976,9,2022-05-01,Employer matching,Lower secondary,35-44,Female,Yes,Still unemployed
1977,10,2025-03-01,Skills training,Bachelor,18-24,Male,Yes,Training
1978,9,2022-01-01,Skills training,Doctorate,25-34,Male,Yes,Employed
1979,6,2023-12-01,Skills training,Upper secondary,35-44,Female,Yes,Employed
1980,4,2025-11-01,CV workshop,Master,25-34,Female,No,Still unemployed
1981,9,2025-08-01,Skills training,Upper secondary,35-44,Female,No,Still unemployed
1982,7,2025-07-01,Employer matching,Bachelor,55+,Male,Yes,Employed
1983,8,2024-11-01,Language course,Bachelor,25-34,Female,Yes,Employed
1984,4,2022-09-01,Language course,Upper secondary,45-54,Male,Yes,Still unemployed
1985,10,2024-07-01,Skills training,Lower secondary,25-34,Male,Yes,Training
1986,5,2022-08-01,Employer matching,Upper secondary,35-44,Female,Yes,Still unemployed
1987,3,2025-11-01,Skills training,Upper secondary,45-54,Male,Yes,Training
1988,7,2023-05-01,Skills training,Upper secondary,45-54,Female,No,Training
1989,3,2022-03-01,Job placement,Bachelor,25-34,Female,Yes,Employed
1990,3,2022-06-01,CV workshop,Bachelor,45-54,Female,Yes,Employed
1991,4,2022-05-01,Language course,Upper secondary,25-34,Male,No,Employed
1992,4,2023-05-01,CV workshop,Upper secondary,35-44,Female,No,Still unemployed
1993,2,2022-09-01,Employer matching,Bachelor,35-44,Female,No,Still unemployed
1994,2,2024-10-01,Employer matching,Master,35-44,Male,Yes,Employed
1995,9,2024-10-01,CV workshop,Bachelor,18-24,Female,Yes,Training
1996,7,2022-12-01,Employer matching,Upper secondary,45-54,Female,Yes,Training
1997,3,2022-06-01,CV workshop,Lower secondary,25-34,Female,No,Employed
1998,9,2025-02-01,CV workshop,Master,18-24,Female,Yes,Employed
1999,1,2022-03-01,Job placement,Bachelor,25-34,Male,No,Employed
2000,10,2025-09-01,Employer matching,Lower secondary,18-24,Female,Yes,Training
2001,8,2023-02-01,Language course,Master,18-24,Female,Yes,Still unemployed
2002,10,2022-02-01,CV workshop,Upper secondary,25-34,Male,Yes,Still unemployed
2003,5,2024-11-01,Job placement,Upper secondary,25-34,Female,Yes,Employed
2004,8,2024-02-01,Skills training,Bachelor,45-54,Female,Yes,Employed
2005,3,2025-07-01,CV workshop,Upper secondary,25-34,Male,Yes,Employed
2006,5,2022-04-01,Skills training,Upper secondary,45-54,Male,Yes,Employed
2007,10,2023-08-01,Skills training,Bachelor,35-44,Female,Yes,Employed
2008,9,2024-03-01,Language course,Upper secondary,25-34,Female,Yes,Still unemployed
2009,6,2023-04-01,Skills training,Lower secondary,18-24,Female,No,Still unemployed
2010,3,2022-02-01,Job placement,Lower secondary,45-54,Female,No,Employed
2011,5,2022-06-01,Skills training,Bachelor,35-44,Male,No,Still unemployed
2012,6,2023-12-01,Skills training,Doctorate,25-34,Female,Yes,Employed
2013,7,2024-02-01,Language course,Bachelor,25-34,Male,Yes,Employed
2014,10,2023-09-01,Job placement,Doctorate,35-44,Female,Yes,Employed
2015,1,2024-06-01,Job placement,Master,45-54,Female,Yes,Employed
2016,6,2025-10-01,Employer matching,Master,35-44,Male,Yes,Still unemployed
2017,4,2022-04-01,Job placement,Bachelor,25-34,Female,Yes,Employed
2018,7,2022-09-01,CV workshop,Bachelor,18-24,Female,Yes,Employed
2019,3,2024-01-01,CV workshop,Bachelor,25-34,Male,Yes,Employed
2020,7,2022-06-01,Language course,Lower secondary,35-44,Male,Yes,Still unemployed
2021,1,2023-08-01,Language course,Lower secondary,35-44,Female,Yes,Still unemployed
2022,9,2022-04-01,Skills training,Doctorate,35-44,Male,Yes,Employed
2023,4,2022-03-01,Job placement,Bachelor,35-44,Male,Yes,Training
2024,1,2022-07-01,Skills training,Master,35-44,Male,No,Employed
2025,6,2022-06-01,Employer matching,Upper secondary,25-34,Male,No,Still unemployed
2026,4,2024-05-01,Skills training,Upper secondary,18-24,Male,Yes,Employed
2027,10,2024-05-01,Language course,Lower secondary,25-34,Male,Yes,Training
2028,10,2025-11-01,Employer matching,Master,25-34,Female,Yes,Employed
2029,7,2025-06-01,Skills training,Upper secondary,25-34,Female,No,Training
2030,10,2024-05-01,Skills training,Master,25-34,Female,Yes,Employed
2031,2,2025-09-01,Employer matching,Master,25-34,Male,No,Still unemployed
2032,6,2024-08-01,Skills training,Lower secondary,25-34,Female,Yes,Still unemployed
2033,8,2025-09-01,CV workshop,Upper secondary,25-34,Female,Yes,Employed
2034,4,2024-06-01,CV workshop,Bachelor,25-34,Male,No,Employed
2035,5,2025-05-01,Language course,Master,35-44,Male,No,Employed
2036,9,2022-09-01,Skills training,Master,35-44,Male,Yes,Still unemployed
2037,9,2025-11-01,Job placement,Bachelor,35-44,Female,Yes,Employed
2038,9,2025-10-01,CV workshop,Bachelor,55+,Male,No,Still unemployed
2039,8,2022-03-01,CV workshop,Doctorate,25-34,Female,No,Still unemployed
2040,3,2025-12-01,CV workshop,Upper secondary,25-34,Male,Yes,Employed
2041,2,2023-08-01,Employer matching,Upper secondary,45-54,Female,Yes,Still unemployed
2042,8,2022-08-01,Skills training,Upper secondary,25-34,Female,Yes,Employed
2043,1,2024-11-01,Employer matching,Upper secondary,25-34,Male,Yes,Still unemployed
2044,10,2022-12-01,Skills training,Lower secondary,35-44,Female,Yes,Training
2045,3,2024-09-01,Skills training,Master,18-24,Female,Yes,Employed
2046,5,2024-04-01,Language course,Bachelor,45-54,Female,Yes,Employed
2047,10,2024-08-01,Language course,Master,45-54,Female,Yes,Employed
2048,1,2025-09-01,CV workshop,Doctorate,55+,Female,Yes,Training
2049,6,2024-10-01,Employer matching,Upper secondary,25-34,Male,No,Training
2050,9,2024-04-01,Language course,Master,25-34,Female,Yes,Employed
2051,2,2023-01-01,Employer matching,Master,18-24,Male,No,Still unemployed
2052,7,2023-07-01,CV workshop,Upper secondary,35-44,Female,Yes,Employed
2053,8,2022-08-01,CV workshop,Lower secondary,25-34,Male,No,Still unemployed
2054,8,2023-07-01,CV workshop,Lower secondary,25-34,Male,Yes,Employed
2055,3,2022-01-01,CV workshop,Master,18-24,Male,Yes,Still unemployed
2056,7,2023-08-01,Language course,Doctorate,55+,Female,No,Training
2057,6,2022-01-01,CV workshop,Upper secondary,45-54,Male,Yes,Employed
2058,5,2025-09-01,Job placement,Bachelor,35-44,Male,Yes,Employed
2059,5,2023-01-01,CV workshop,Upper secondary,45-54,Female,No,Still unemployed
2060,10,2025-02-01,Job placement,Master,45-54,Male,Yes,Training
2061,1,2022-07-01,CV workshop,Lower secondary,25-34,Female,Yes,Still unemployed
2062,7,2025-03-01,Employer matching,Upper secondary,25-34,Male,Yes,Employed
2063,6,2022-02-01,Language course,Doctorate,25-34,Female,Yes,Training
2064,6,2022-03-01,CV workshop,Upper secondary,18-24,Male,No,Employed
2065,9,2023-02-01,Job placement,Bachelor,35-44,Female,No,Still unemployed
2066,6,2023-03-01,Language course,Bachelor,18-24,Male,Yes,Training
2067,9,2025-03-01,Skills training,Upper secondary,35-44,Female,Yes,Training
2068,8,2025-02-01,CV workshop,Bachelor,35-44,Male,Yes,Employed
2069,9,2024-02-01,CV workshop,Master,18-24,Female,No,Still unemployed
2070,7,2022-06-01,Skills training,Bachelor,25-34,Male,Yes,Still unemployed
2071,1,2025-03-01,Language course,Upper secondary,45-54,Female,Yes,Employed
2072,1,2023-01-01,Employer matching,Master,35-44,Male,No,Employed
2073,6,2024-09-01,Employer matching,Upper secondary,45-54,Female,No,Still unemployed
2074,3,2025-04-01,Employer matching,Master,25-34,Male,No,Employed
2075,3,2022-12-01,Job placement,Master,35-44,Male,Yes,Employed
2076,6,2024-03-01,CV workshop,Master,18-24,Female,Yes,Still unemployed
2077,5,2024-12-01,Job placement,Master,25-34,Male,Yes,Still unemployed
2078,2,2024-03-01,Skills training,Doctorate,18-24,Female,Yes,Employed
2079,5,2023-07-01,Job placement,Master,25-34,Female,No,Still unemployed
2080,9,2023-03-01,Employer matching,Doctorate,55+,Female,No,Still unemployed
2081,2,2024-09-01,Job placement,Bachelor,35-44,Male,No,Still unemployed
2082,8,2022-05-01,Language course,Upper secondary,18-24,Male,Yes,Training
2083,8,2024-03-01,CV workshop,Doctorate,45-54,Female,Yes,Employed
2084,8,2025-06-01,Employer matching,Upper secondary,25-34,Male,No,Still unemployed
2085,2,2022-11-01,Language course,Bachelor,25-34,Male,Yes,Still unemployed
2086,5,2022-09-01,Employer matching,Bachelor,25-34,Female,Yes,Employed
2087,10,2024-04-01,Employer matching,Upper secondary,25-34,Male,No,Still unemployed
2088,3,2024-02-01,Employer matching,Upper secondary,25-34,Female,Yes,Still unemployed
2089,5,2022-08-01,CV workshop,Upper secondary,45-54,Male,Yes,Employed
2090,9,2024-05-01,Employer matching,Lower secondary,35-44,Male,Yes,Employed
2091,6,2022-04-01,CV workshop,Doctorate,45-54,Male,Yes,Employed
2092,4,2023-11-01,Language course,Bachelor,18-24,Female,No,Training
2093,2,2022-04-01,Language course,Upper secondary,18-24,Male,Yes,Employed
2094,6,2025-04-01,CV workshop,Upper secondary,35-44,Female,Yes,Employed
2095,5,2025-11-01,Language course,Upper secondary,35-44,Female,No,Training
2096,3,2022-01-01,Language course,Bachelor,35-44,Male,Yes,Employed
2097,4,2024-07-01,Employer matching,Upper secondary,35-44,Male,Yes,Still unemployed
2098,10,2023-06-01,Job placement,Upper secondary,18-24,Male,Yes,Employed
2099,7,2022-05-01,Language course,Doctorate,35-44,Female,Yes,Employed
2100,8,2024-10-01,Skills training,Bachelor,45-54,Male,Yes,Still unemployed
2101,1,2025-07-01,Job placement,Lower secondary,35-44,Male,Yes,Employed
2102,10,2022-03-01,Employer matching,Master,45-54,Male,No,Still unemployed
2103,4,2022-07-01,Job placement,Lower secondary,25-34,Female,Yes,Employed
2104,10,2025-09-01,CV workshop,Upper secondary,18-24,Male,Yes,Still unemployed
2105,10,2022-02-01,Language course,Upper secondary,45-54,Male,Yes,Training
2106,3,2023-07-01,Skills training,Bachelor,45-54,Female,Yes,Employed
2107,4,2025-08-01,Employer matching,Lower secondary,35-44,Male,Yes,Training
2108,8,2024-05-01,Job placement,Bachelor,18-24,Female,Yes,Employed
2109,6,2022-10-01,Skills training,Bachelor,25-34,Male,Yes,Training
2110,5,2022-01-01,CV workshop,Upper secondary,25-34,Male,Yes,Employed
2111,5,2024-02-01,Employer matching,Bachelor,25-34,Male,Yes,Employed
2112,7,2024-02-01,Language course,Bachelor,45-54,Female,No,Employed
2113,7,2024-01-01,Employer matching,Doctorate,25-34,Female,Yes,Employed
2114,5,2022-10-01,Skills training,Bachelor,25-34,Female,No,Still unemployed
2115,6,2025-10-01,CV workshop,Upper secondary,25-34,Male,No,Still unemployed
2116,1,2023-05-01,Job placement,Master,25-34,Male,No,Still unemployed
2117,4,2025-08-01,Job placement,Bachelor,35-44,Male,Yes,Employed
2118,7,2025-10-01,Language course,Lower secondary,25-34,Female,No,Still unemployed
2119,8,2022-10-01,Language course,Upper secondary,45-54,Female,Yes,Employed
2120,5,2024-11-01,Job placement,Bachelor,25-34,Female,Yes,Employed
2121,7,2023-11-01,Skills training,Upper secondary,45-54,Female,No,Employed
2122,2,2024-08-01,Job placement,Master,25-34,Female,Yes,Employed
2123,7,2024-03-01,Language course,Upper secondary,55+,Male,No,Still unemployed
2124,7,2025-12-01,Skills training,Upper secondary,35-44,Male,No,Still unemployed
2125,6,2024-05-01,Language course,Bachelor,55+,Male,Yes,Employed
2126,2,2022-09-01,Job placement,Doctorate,45-54,Female,Yes,Still unemployed
2127,10,2025-05-01,Employer matching,Lower secondary,25-34,Male,No,Still unemployed
2128,9,2022-03-01,Job placement,Bachelor,25-34,Male,No,Employed
2129,10,2024-11-01,Job placement,Bachelor,25-34,Female,Yes,Employed
2130,1,2025-01-01,Language course,Bachelor,25-34,Male,Yes,Still unemployed
2131,1,2024-02-01,Language course,Upper secondary,25-34,Female,No,Still unemployed
2132,5,2022-02-01,Skills training,Lower secondary,25-34,Female,Yes,Employed
2133,10,2023-05-01,Job placement,Master,25-34,Male,No,Still unemployed
2134,4,2025-02-01,Language course,Master,25-34,Male,Yes,Employed
2135,4,2025-06-01,Employer matching,Lower secondary,45-54,Male,Yes,Employed
2136,9,2024-01-01,Job placement,Bachelor,45-54,Male,Yes,Employed
2137,1,2023-11-01,Language course,Upper secondary,45-54,Male,Yes,Employed
2138,8,2022-11-01,Job placement,Lower secondary,25-34,Male,Yes,Employed
2139,6,2023-11-01,Language course,Bachelor,55+,Male,Yes,Employed
2140,3,2024-07-01,Employer matching,Lower secondary,25-34,Female,No,Still unemployed
2141,7,2025-10-01,Skills training,Bachelor,25-34,Male,Yes,Training
2142,4,2023-12-01,Skills training,Upper secondary,18-24,Female,Yes,Training
2143,9,2022-04-01,Skills training,Upper secondary,18-24,Male,Yes,Still unemployed
2144,7,2022-10-01,Language course,Upper secondary,25-34,Male,No,Still unemployed
2145,1,2023-12-01,CV workshop,Lower secondary,55+,Female,Yes,Still unemployed
2146,10,2025-03-01,Skills training,Bachelor,35-44,Female,Yes,Employed
2147,8,2024-05-01,Skills training,Bachelor,35-44,Female,Yes,Employed
2148,5,2023-02-01,Employer matching,Bachelor,25-34,Female,No,Still unemployed
2149,7,2025-10-01,Employer matching,Master,35-44,Male,No,Still unemployed
2150,9,2022-12-01,Skills training,Upper secondary,25-34,Female,Yes,Employed
2151,5,2022-02-01,Language course,Bachelor,45-54,Male,No,Still unemployed
2152,8,2024-10-01,CV workshop,Master,25-34,Male,No,Training
2153,9,2022-03-01,CV workshop,Upper secondary,25-34,Male,Yes,Employed
2154,8,2023-09-01,Job placement,Bachelor,25-34,Male,Yes,Employed
2155,5,2022-08-01,Skills training,Bachelor,35-44,Female,Yes,Employed
2156,3,2023-05-01,Skills training,Upper secondary,35-44,Female,No,Training
2157,3,2023-05-01,Skills training,Bachelor,35-44,Male,Yes,Employed
2158,1,2024-03-01,Language course,Upper secondary,25-34,Male,Yes,Employed
2159,5,2025-11-01,Job placement,Upper secondary,25-34,Female,Yes,Still unemployed
2160,5,2024-08-01,Job placement,Master,25-34,Male,Yes,Employed
2161,4,2022-08-01,Job placement,Master,45-54,Male,Yes,Employed
2162,7,2022-06-01,Employer matching,Master,25-34,Female,Yes,Training
2163,4,2023-05-01,Job placement,Bachelor,18-24,Female,Yes,Employed
2164,5,2025-07-01,Skills training,Lower secondary,25-34,Female,No,Still unemployed
2165,8,2023-10-01,Employer matching,Bachelor,25-34,Female,Yes,Training
2166,4,2023-06-01,Language course,Doctorate,35-44,Male,Yes,Training
2167,1,2023-01-01,Skills training,Master,25-34,Female,Yes,Employed
2168,3,2022-10-01,Skills training,Master,25-34,Male,Yes,Still unemployed
2169,5,2023-12-01,Employer matching,Bachelor,25-34,Male,Yes,Employed
2170,9,2022-07-01,Employer matching,Bachelor,18-24,Female,No,Employed
2171,1,2023-11-01,Job placement,Bachelor,18-24,Male,No,Still unemployed
2172,2,2025-08-01,Skills training,Bachelor,25-34,Female,Yes,Employed
2173,3,2022-07-01,Job placement,Bachelor,35-44,Female,Yes,Still unemployed
2174,1,2022-04-01,CV workshop,Upper secondary,18-24,Female,Yes,Employed
2175,10,2022-09-01,Employer matching,Bachelor,18-24,Male,Yes,Employed
2176,2,2024-11-01,CV workshop,Master,18-24,Male,Yes,Still unemployed
2177,7,2022-03-01,Employer matching,Upper secondary,35-44,Female,Yes,Employed
2178,5,2022-01-01,CV workshop,Upper secondary,25-34,Male,Yes,Employed
2179,9,2022-05-01,Employer matching,Upper secondary,25-34,Female,Yes,Employed
2180,6,2025-07-01,Employer matching,Bachelor,25-34,Female,Yes,Still unemployed
2181,9,2022-01-01,Language course,Master,35-44,Male,No,Still unemployed
2182,7,2025-08-01,Job placement,Master,25-34,Male,No,Still unemployed
2183,9,2024-05-01,Language course,Upper secondary,25-34,Male,Yes,Employed
2184,6,2023-01-01,Skills training,Bachelor,45-54,Male,No,Employed
2185,1,2025-08-01,Skills training,Lower secondary,55+,Female,Yes,Still unemployed
2186,7,2022-03-01,Skills training,Bachelor,35-44,Male,No,Still unemployed
2187,4,2022-10-01,Language course,Master,18-24,Female,Yes,Employed
2188,2,2022-02-01,Language course,Master,45-54,Female,No,Training
2189,5,2023-02-01,Employer matching,Bachelor,25-34,Female,Yes,Employed
2190,5,2025-10-01,Job placement,Master,35-44,Male,Yes,Employed
2191,10,2024-03-01,CV workshop,Upper secondary,35-44,Male,Yes,Training
2192,8,2024-07-01,Employer matching,Lower secondary,35-44,Female,Yes,Employed
2193,8,2022-11-01,Job placement,Bachelor,25-34,Female,Yes,Employed
2194,4,2025-10-01,Job placement,Doctorate,25-34,Female,Yes,Employed
2195,5,2025-10-01,Language course,Master,25-34,Female,Yes,Employed
2196,3,2023-12-01,CV workshop,Master,25-34,Female,Yes,Employed
2197,6,2023-10-01,Skills training,Bachelor,35-44,Female,Yes,Still unemployed
2198,3,2025-03-01,Job placement,Doctorate,18-24,Female,Yes,Still unemployed
2199,4,2023-09-01,Job placement,Bachelor,35-44,Male,No,Training
2200,4,2025-10-01,CV workshop,Bachelor,45-54,Female,Yes,Still unemployed
2201,10,2023-03-01,Language course,Bachelor,35-44,Male,No,Employed
2202,1,2023-01-01,Language course,Bachelor,45-54,Male,Yes,Employed
2203,9,2022-10-01,Skills training,Bachelor,25-34,Female,Yes,Training
2204,10,2022-05-01,CV workshop,Upper secondary,25-34,Female,No,Training
2205,3,2025-06-01,Employer matching,Doctorate,35-44,Male,Yes,Still unemployed
2206,3,2023-02-01,CV workshop,Doctorate,35-44,Male,No,Training
2207,3,2024-01-01,Job placement,Master,25-34,Male,No,Still unemployed
2208,9,2024-03-01,Employer matching,Lower secondary,18-24,Female,Yes,Employed
2209,2,2022-07-01,Language course,Upper secondary,35-44,Female,Yes,Employed
2210,1,2024-10-01,Job placement,Doctorate,18-24,Male,No,Employed
2211,2,2022-08-01,Skills training,Master,25-34,Female,Yes,Employed
2212,3,2025-11-01,Job placement,Upper secondary,18-24,Female,Yes,Employed
2213,7,2023-12-01,CV workshop,Bachelor,25-34,Female,Yes,Employed
2214,6,2025-02-01,CV workshop,Lower secondary,25-34,Male,No,Still unemployed
2215,5,2024-03-01,CV workshop,Master,35-44,Female,Yes,Employed
2216,2,2022-05-01,Employer matching,Bachelor,35-44,Male,Yes,Still unemployed
2217,8,2025-03-01,CV workshop,Bachelor,45-54,Female,Yes,Employed
2218,10,2025-09-01,Skills training,Upper secondary,55+,Male,Yes,Employed
2219,4,2024-03-01,Skills training,Lower secondary,25-34,Male,Yes,Still unemployed
2220,6,2025-05-01,Language course,Doctorate,45-54,Male,Yes,Training
2221,3,2023-04-01,CV workshop,Master,25-34,Female,Yes,Employed
2222,9,2022-11-01,Job placement,Upper secondary,25-34,Male,Yes,Employed
2223,6,2024-12-01,Job placement,Lower secondary,35-44,Male,Yes,Employed
2224,3,2025-07-01,Job placement,Bachelor,25-34,Male,Yes,Employed
2225,4,2023-03-01,Skills training,Master,25-34,Male,No,Employed
2226,2,2022-11-01,Language course,Bachelor,35-44,Male,Yes,Employed
2227,10,2022-11-01,Language course,Bachelor,35-44,Female,Yes,Training
2228,9,2024-02-01,Job placement,Doctorate,25-34,Female,No,Training
2229,5,2024-09-01,Employer matching,Bachelor,25-34,Male,Yes,Employed
2230,3,2025-01-01,CV workshop,Master,45-54,Male,Yes,Employed
2231,2,2022-08-01,CV workshop,Upper secondary,35-44,Female,Yes,Training
2232,4,2022-05-01,Employer matching,Lower secondary,35-44,Male,Yes,Still unemployed
2233,1,2024-11-01,Language course,Master,45-54,Female,No,Still unemployed
2234,8,2024-10-01,Employer matching,Doctorate,55+,Male,Yes,Employed
2235,1,2023-08-01,Job placement,Lower secondary,18-24,Female,Yes,Still unemployed
2236,3,2024-01-01,Job placement,Bachelor,25-34,Male,Yes,Training
2237,4,2022-09-01,Employer matching,Bachelor,45-54,Male,No,Employed
2238,7,2024-01-01,Job placement,Master,18-24,Male,Yes,Still unemployed
2239,5,2023-04-01,Job placement,Bachelor,18-24,Female,Yes,Training
2240,10,2024-06-01,CV workshop,Master,25-34,Female,Yes,Employed
2241,4,2025-11-01,Job placement,Master,45-54,Male,No,Still unemployed
2242,6,2022-04-01,Skills training,Upper secondary,25-34,Male,Yes,Still unemployed
2243,5,2025-08-01,CV workshop,Upper secondary,25-34,Male,Yes,Employed
2244,3,2022-07-01,CV workshop,Master,25-34,Male,Yes,Employed
2245,7,2022-09-01,CV workshop,Doctorate,35-44,Female,Yes,Employed
2246,10,2022-09-01,Employer matching,Lower secondary,25-34,Female,Yes,Training
2247,2,2022-01-01,Skills training,Bachelor,35-44,Male,Yes,Still unemployed
2248,10,2022-08-01,Job placement,Lower secondary,45-54,Male,Yes,Employed
2249,9,2025-03-01,Language course,Bachelor,18-24,Female,Yes,Employed
2250,7,2023-10-01,Job placement,Upper secondary,25-34,Male,Yes,Still unemployed
2251,8,2023-09-01,Language course,Doctorate,35-44,Male,Yes,Training
2252,8,2024-05-01,CV workshop,Master,35-44,Male,Yes,Employed
2253,4,2022-11-01,Employer matching,Bachelor,25-34,Male,Yes,Still unemployed
2254,8,2022-07-01,Skills training,Upper secondary,25-34,Female,Yes,Employed
2255,5,2023-06-01,Employer matching,Upper secondary,18-24,Male,Yes,Still unemployed
2256,5,2024-12-01,Job placement,Bachelor,18-24,Male,Yes,Still unemployed
2257,10,2022-08-01,Employer matching,Upper secondary,45-54,Male,Yes,Still unemployed
2258,3,2025-05-01,Job placement,Upper secondary,35-44,Male,Yes,Employed
2259,1,2022-01-01,CV workshop,Master,25-34,Male,Yes,Training
2260,1,2022-05-01,Employer matching,Bachelor,25-34,Male,Yes,Employed
2261,5,2023-04-01,Language course,Upper secondary,55+,Female,No,Still unemployed
2262,1,2022-09-01,Skills training,Master,25-34,Male,No,Still unemployed
2263,10,2023-09-01,CV workshop,Bachelor,25-34,Female,Yes,Employed
2264,1,2023-06-01,Skills training,Bachelor,18-24,Female,Yes,Employed
2265,8,2024-01-01,Employer matching,Master,45-54,Male,Yes,Employed
2266,3,2024-08-01,Job placement,Upper secondary,55+,Male,Yes,Employed
2267,8,2022-11-01,Employer matching,Lower secondary,55+,Female,Yes,Still unemployed
2268,2,2022-05-01,Employer matching,Upper secondary,25-34,Female,Yes,Still unemployed
2269,10,2022-03-01,CV workshop,Upper secondary,35-44,Male,Yes,Employed
2270,1,2023-05-01,CV workshop,Master,35-44,Female,Yes,Employed
2271,4,2025-03-01,Skills training,Doctorate,25-34,Female,Yes,Still unemployed
2272,6,2025-12-01,Job placement,Lower secondary,45-54,Male,Yes,Employed
2273,7,2025-02-01,Job placement,Master,45-54,Female,No,Employed
2274,4,2024-01-01,Job placement,Master,18-24,Female,Yes,Still unemployed
2275,1,2024-01-01,Language course,Upper secondary,18-24,Male,Yes,Employed
2276,10,2022-09-01,Job placement,Bachelor,25-34,Male,Yes,Employed
2277,9,2023-03-01,Employer matching,Bachelor,45-54,Female,Yes,Training
2278,7,2024-06-01,Language course,Upper secondary,45-54,Male,Yes,Employed
2279,4,2022-02-01,Employer matching,Upper secondary,35-44,Female,Yes,Employed
2280,10,2023-06-01,CV workshop,Upper secondary,18-24,Male,No,Employed
2281,2,2024-08-01,Job placement,Bachelor,35-44,Male,Yes,Employed
2282,1,2025-07-01,Job placement,Upper secondary,25-34,Male,Yes,Still unemployed
2283,8,2025-05-01,Job placement,Bachelor,45-54,Male,Yes,Still unemployed
2284,3,2025-10-01,CV workshop,Bachelor,45-54,Female,No,Still unemployed
2285,8,2024-07-01,Job placement,Bachelor,25-34,Female,Yes,Employed
2286,8,2022-12-01,CV workshop,Upper secondary,25-34,Female,Yes,Still unemployed
2287,2,2022-11-01,Skills training,Lower secondary,25-34,Male,Yes,Employed
2288,7,2025-09-01,Job placement,Bachelor,35-44,Male,No,Still unemployed
2289,5,2024-10-01,Employer matching,Upper secondary,18-24,Female,No,Still unemployed
2290,4,2025-02-01,Language course,Lower secondary,35-44,Male,Yes,Employed
2291,5,2024-01-01,Language course,Upper secondary,25-34,Female,Yes,Employed
2292,9,2022-08-01,Employer matching,Doctorate,35-44,Female,No,Still unemployed
2293,2,2024-05-01,Employer matching,Bachelor,45-54,Female,Yes,Employed
2294,6,2025-04-01,Language course,Master,25-34,Female,No,Still unemployed
2295,8,2022-12-01,CV workshop,Master,45-54,Male,Yes,Employed
2296,10,2022-09-01,Job placement,Bachelor,55+,Female,Yes,Training
2297,6,2023-10-01,Language course,Bachelor,18-24,Male,Yes,Still unemployed
2298,6,2022-01-01,Skills training,Master,18-24,Male,No,Still unemployed
2299,2,2022-05-01,CV workshop,Upper secondary,25-34,Male,Yes,Employed
2300,6,2025-02-01,Employer matching,Upper secondary,35-44,Female,Yes,Employed
2301,10,2025-06-01,Job placement,Upper secondary,35-44,Female,Yes,Still unemployed
2302,4,2023-05-01,Skills training,Upper secondary,35-44,Male,Yes,Employed
2303,5,2022-04-01,Employer matching,Master,35-44,Male,Yes,Employed
2304,1,2025-09-01,Job placement,Lower secondary,25-34,Female,Yes,Employed
2305,3,2025-08-01,Job placement,Bachelor,25-34,Male,Yes,Training
2306,1,2023-10-01,Skills training,Bachelor,25-34,Male,No,Employed
2307,9,2025-10-01,Skills training,Doctorate,55+,Male,Yes,Still unemployed
2308,3,2024-06-01,CV workshop,Upper secondary,25-34,Male,Yes,Employed
2309,10,2024-09-01,Language course,Bachelor,25-34,Male,Yes,Employed
2310,9,2024-12-01,Skills training,Bachelor,35-44,Male,Yes,Still unemployed
2311,2,2023-01-01,Skills training,Upper secondary,45-54,Male,Yes,Training
2312,4,2025-05-01,Job placement,Upper secondary,35-44,Female,Yes,Employed
2313,5,2022-08-01,Employer matching,Lower secondary,35-44,Male,Yes,Employed
2314,9,2022-09-01,Language course,Lower secondary,55+,Female,No,Employed
2315,10,2022-06-01,CV workshop,Bachelor,25-34,Male,No,Training
2316,10,2022-10-01,CV workshop,Master,45-54,Male,Yes,Employed
2317,5,2025-02-01,Language course,Upper secondary,55+,Female,Yes,Still unemployed
2318,5,2025-07-01,Language course,Bachelor,18-24,Female,No,Employed
2319,2,2022-06-01,Employer matching,Bachelor,35-44,Male,Yes,Employed
2320,5,2023-03-01,Skills training,Bachelor,55+,Female,No,Still unemployed
2321,2,2022-12-01,Employer matching,Bachelor,25-34,Male,Yes,Training
2322,9,2024-07-01,Job placement,Doctorate,25-34,Female,No,Employed
2323,4,2025-06-01,CV workshop,Bachelor,25-34,Male,Yes,Still unemployed
2324,6,2022-04-01,Employer matching,Master,45-54,Female,Yes,Employed
2325,3,2023-05-01,CV workshop,Upper secondary,35-44,Female,Yes,Training
2326,9,2024-09-01,CV workshop,Upper secondary,25-34,Female,Yes,Still unemployed
2327,8,2025-08-01,Employer matching,Lower secondary,35-44,Female,Yes,Training
2328,8,2022-09-01,Language course,Bachelor,35-44,Male,No,Still unemployed
2329,9,2024-01-01,CV workshop,Master,25-34,Male,Yes,Employed
2330,4,2025-03-01,Skills training,Bachelor,18-24,Male,Yes,Training
2331,10,2025-05-01,Employer matching,Master,18-24,Female,Yes,Employed
2332,7,2024-12-01,Employer matching,Upper secondary,25-34,Female,Yes,Still unemployed
2333,1,2025-02-01,Language course,Bachelor,35-44,Female,Yes,Still unemployed
2334,1,2024-05-01,Language course,Bachelor,55+,Female,Yes,Training
2335,8,2022-02-01,Language course,Upper secondary,45-54,Female,Yes,Still unemployed
2336,6,2022-08-01,Skills training,Bachelor,25-34,Male,Yes,Still unemployed
2337,10,2025-03-01,Job placement,Master,35-44,Male,No,Still unemployed
2338,1,2023-01-01,Skills training,Master,25-34,Female,Yes,Still unemployed
2339,8,2024-10-01,Employer matching,Bachelor,25-34,Female,Yes,Employed
2340,6,2022-03-01,Skills training,Bachelor,25-34,Male,Yes,Still unemployed
2341,1,2024-05-01,Language course,Doctorate,45-54,Female,No,Training
2342,9,2023-04-01,CV workshop,Master,18-24,Female,No,Still unemployed
2343,1,2024-05-01,Job placement,Upper secondary,18-24,Female,Yes,Training
2344,2,2023-07-01,Skills training,Master,25-34,Male,No,Employed
2345,10,2025-01-01,CV workshop,Upper secondary,25-34,Male,Yes,Training
2346,4,2023-11-01,CV workshop,Upper secondary,18-24,Female,Yes,Still unemployed
2347,9,2025-02-01,Skills training,Doctorate,25-34,Male,Yes,Employed
2348,6,2025-12-01,Job placement,Lower secondary,45-54,Male,Yes,Training
2349,5,2023-09-01,Employer matching,Master,25-34,Male,Yes,Employed
2350,3,2024-11-01,Language course,Bachelor,35-44,Female,Yes,Employed
2351,2,2023-11-01,Skills training,Master,55+,Male,Yes,Employed
2352,1,2023-07-01,CV workshop,Bachelor,35-44,Male,No,Employed
2353,1,2024-10-01,Skills training,Master,35-44,Male,Yes,Still unemployed
2354,1,2025-05-01,Skills training,Doctorate,55+,Female,Yes,Employed
2355,10,2023-03-01,Employer matching,Master,18-24,Female,Yes,Training
2356,3,2023-06-01,Language course,Upper secondary,55+,Female,Yes,Still unemployed
2357,9,2023-08-01,Job placement,Master,25-34,Male,Yes,Employed
2358,4,2023-06-01,Language course,Bachelor,18-24,Male,Yes,Training
2359,6,2022-10-01,Job placement,Upper secondary,25-34,Male,No,Employed
2360,5,2022-04-01,Language course,Master,45-54,Female,No,Still unemployed
2361,9,2023-02-01,Skills training,Upper secondary,25-34,Male,Yes,Training
2362,9,2024-12-01,Job placement,Upper secondary,18-24,Male,Yes,Employed
2363,2,2025-09-01,CV workshop,Bachelor,18-24,Male,Yes,Employed
2364,5,2022-10-01,CV workshop,Doctorate,25-34,Female,Yes,Employed
2365,9,2023-08-01,Language course,Master,55+,Female,No,Employed
2366,1,2022-12-01,Employer matching,Upper secondary,35-44,Male,No,Employed
2367,9,2025-06-01,CV workshop,Master,35-44,Female,Yes,Employed
2368,4,2023-05-01,Language course,Upper secondary,25-34,Female,No,Training
2369,8,2022-06-01,Language course,Bachelor,55+,Male,Yes,Employed
2370,4,2025-04-01,Skills training,Upper secondary,18-24,Male,Yes,Still unemployed
2371,6,2022-08-01,Employer matching,Upper secondary,18-24,Male,Yes,Employed
2372,6,2025-06-01,Skills training,Doctorate,25-34,Female,Yes,Employed
2373,3,2024-02-01,Job placement,Bachelor,25-34,Male,Yes,Employed
2374,7,2024-03-01,CV workshop,Master,45-54,Male,Yes,Employed
2375,1,2023-11-01,Job placement,Bachelor,35-44,Female,No,Training
2376,1,2025-09-01,Language course,Lower secondary,25-34,Male,Yes,Employed
2377,7,2022-09-01,Employer matching,Bachelor,35-44,Female,No,Still unemployed
2378,6,2023-09-01,Language course,Upper secondary,35-44,Male,Yes,Still unemployed
2379,6,2022-04-01,CV workshop,Upper secondary,25-34,Male,Yes,Employed
2380,3,2024-06-01,Language course,Upper secondary,25-34,Male,Yes,Still unemployed
2381,1,2024-07-01,CV workshop,Bachelor,25-34,Female,Yes,Still unemployed
2382,8,2025-09-01,Job placement,Master,45-54,Male,Yes,Employed
2383,3,2024-08-01,Job placement,Upper secondary,45-54,Female,Yes,Employed
2384,4,2024-02-01,CV workshop,Bachelor,45-54,Female,Yes,Employed
2385,9,2024-09-01,Job placement,Lower secondary,35-44,Female,Yes,Employed
2386,10,2023-11-01,Job placement,Master,25-34,Female,Yes,Employed
2387,4,2025-10-01,Job placement,Master,35-44,Male,Yes,Employed
2388,4,2022-02-01,CV workshop,Upper secondary,45-54,Male,Yes,Employed
2389,10,2023-06-01,Skills training,Bachelor,35-44,Female,Yes,Still unemployed
2390,4,2025-07-01,Employer matching,Lower secondary,45-54,Female,Yes,Still unemployed
2391,6,2024-08-01,Employer matching,Master,18-24,Female,Yes,Employed
2392,2,2022-10-01,Language course,Bachelor,35-44,Female,Yes,Employed
2393,9,2024-12-01,Skills training,Upper secondary,45-54,Female,Yes,Still unemployed
2394,2,2023-10-01,Employer matching,Master,35-44,Male,Yes,Employed
2395,4,2024-06-01,Language course,Master,25-34,Male,No,Employed
2396,7,2025-03-01,Language course,Upper secondary,25-34,Female,Yes,Employed
2397,9,2024-12-01,Language course,Bachelor,18-24,Male,Yes,Training
2398,6,2024-01-01,CV workshop,Bachelor,45-54,Male,No,Still unemployed
2399,9,2025-03-01,Skills training,Upper secondary,35-44,Female,No,Still unemployed
2400,6,2025-02-01,Skills training,Master,45-54,Female,No,Still unemployed
2401,5,2024-02-01,Skills training,Bachelor,25-34,Female,Yes,Employed
2402,2,2025-05-01,Skills training,Master,25-34,Male,Yes,Employed
2403,4,2023-09-01,Employer matching,Bachelor,35-44,Female,Yes,Employed
2404,2,2025-06-01,Skills training,Master,18-24,Male,Yes,Still unemployed
2405,3,2025-01-01,CV workshop,Upper secondary,35-44,Female,Yes,Employed
2406,5,2022-04-01,Skills training,Upper secondary,25-34,Male,Yes,Still unemployed
2407,10,2023-10-01,Language course,Bachelor,25-34,Male,Yes,Employed
2408,10,2022-10-01,Language course,Bachelor,25-34,Male,Yes,Employed
2409,6,2022-11-01,CV workshop,Lower secondary,55+,Female,No,Employed
2410,5,2025-08-01,CV workshop,Bachelor,35-44,Male,Yes,Employed
2411,4,2025-03-01,Employer matching,Lower secondary,35-44,Male,Yes,Employed
2412,10,2023-01-01,Job placement,Upper secondary,45-54,Male,Yes,Employed
2413,4,2024-06-01,Job placement,Upper secondary,45-54,Male,Yes,Employed
2414,10,2024-10-01,Employer matching,Master,35-44,Female,Yes,Employed
2415,5,2022-08-01,Skills training,Upper secondary,25-34,Female,Yes,Employed
2416,2,2024-02-01,Employer matching,Upper secondary,18-24,Female,Yes,Still unemployed
2417,5,2024-08-01,Skills training,Bachelor,45-54,Female,No,Still unemployed
2418,10,2025-09-01,Job placement,Upper secondary,25-34,Female,Yes,Still unemployed
2419,4,2023-11-01,Job placement,Lower secondary,25-34,Male,Yes,Still unemployed
2420,8,2023-01-01,Skills training,Lower secondary,55+,Female,Yes,Employed
2421,10,2023-12-01,Language course,Doctorate,35-44,Female,Yes,Employed
2422,1,2025-03-01,Job placement,Lower secondary,35-44,Male,Yes,Still unemployed
2423,9,2022-08-01,Skills training,Bachelor,35-44,Female,Yes,Employed
2424,8,2023-08-01,Skills training,Lower secondary,25-34,Female,No,Training
2425,7,2022-06-01,Skills training,Master,45-54,Male,Yes,Still unemployed
2426,5,2022-12-01,Job placement,Bachelor,25-34,Male,No,Training
2427,7,2022-05-01,Language course,Doctorate,35-44,Male,Yes,Still unemployed
2428,2,2023-12-01,Skills training,Doctorate,25-34,Female,Yes,Still unemployed
2429,10,2024-10-01,Job placement,Doctorate,55+,Female,Yes,Employed
2430,3,2024-02-01,Language course,Lower secondary,25-34,Female,No,Still unemployed
2431,2,2022-06-01,CV workshop,Bachelor,18-24,Female,Yes,Employed
2432,8,2022-06-01,Skills training,Master,45-54,Male,Yes,Employed
2433,1,2023-10-01,CV workshop,Upper secondary,25-34,Female,No,Employed
2434,4,2022-10-01,CV workshop,Upper secondary,35-44,Male,No,Employed
2435,3,2022-08-01,CV workshop,Upper secondary,25-34,Male,Yes,Employed
2436,10,2025-08-01,Skills training,Master,18-24,Female,Yes,Employed
2437,3,2023-06-01,Employer matching,Master,18-24,Female,Yes,Still unemployed
2438,9,2024-08-01,Language course,Master,25-34,Female,Yes,Employed
2439,6,2023-09-01,Language course,Upper secondary,45-54,Male,Yes,Employed
2440,6,2024-10-01,Employer matching,Master,55+,Male,Yes,Employed
2441,7,2023-05-01,Job placement,Lower secondary,18-24,Male,Yes,Employed
2442,7,2023-05-01,Skills training,Doctorate,35-44,Male,No,Still unemployed
2443,3,2025-06-01,Language course,Bachelor,55+,Male,Yes,Employed
2444,10,2024-02-01,Job placement,Master,25-34,Female,Yes,Employed
2445,1,2025-01-01,CV workshop,Doctorate,55+,Female,No,Still unemployed
2446,4,2022-02-01,Job placement,Upper secondary,25-34,Male,Yes,Employed
2447,4,2023-04-01,Job placement,Upper secondary,25-34,Male,Yes,Training
2448,9,2022-07-01,Job placement,Upper secondary,45-54,Female,Yes,Still unemployed
2449,5,2022-02-01,Skills training,Lower secondary,18-24,Female,No,Still unemployed
2450,5,2025-11-01,CV workshop,Bachelor,25-34,Female,Yes,Employed
2451,1,2025-03-01,Job placement,Doctorate,25-34,Female,Yes,Employed
2452,9,2022-11-01,Language course,Master,25-34,Male,Yes,Still unemployed
2453,5,2023-02-01,Job placement,Doctorate,35-44,Male,Yes,Employed
2454,1,2023-12-01,Skills training,Upper secondary,35-44,Female,Yes,Training
2455,3,2023-03-01,Employer matching,Lower secondary,18-24,Female,Yes,Training
2456,8,2025-09-01,Skills training,Upper secondary,45-54,Female,No,Employed
2457,1,2023-12-01,Employer matching,Bachelor,45-54,Male,No,Still unemployed
2458,9,2024-08-01,Job placement,Master,45-54,Male,Yes,Employed
2459,5,2024-10-01,Skills training,Master,35-44,Male,Yes,Employed
2460,7,2022-08-01,Language course,Lower secondary,35-44,Male,Yes,Training
2461,8,2024-02-01,Employer matching,Bachelor,45-54,Male,Yes,Employed
2462,3,2023-10-01,Employer matching,Upper secondary,18-24,Male,Yes,Still unemployed
2463,6,2024-12-01,CV workshop,Upper secondary,35-44,Male,Yes,Employed
2464,2,2023-11-01,Skills training,Master,35-44,Male,No,Still unemployed
2465,6,2022-03-01,Job placement,Master,35-44,Male,Yes,Still unemployed
2466,8,2023-11-01,Skills training,Bachelor,25-34,Male,No,Still unemployed
2467,2,2025-05-01,Job placement,Lower secondary,25-34,Female,Yes,Training
2468,2,2025-05-01,Skills training,Upper secondary,45-54,Male,Yes,Still unemployed
2469,2,2022-12-01,CV workshop,Doctorate,18-24,Male,Yes,Employed
2470,9,2024-03-01,Job placement,Bachelor,55+,Male,Yes,Still unemployed
2471,9,2024-08-01,Skills training,Master,35-44,Female,Yes,Employed
2472,6,2025-01-01,Employer matching,Bachelor,25-34,Male,Yes,Still unemployed
2473,6,2023-03-01,Language course,Bachelor,35-44,Male,No,Training
2474,4,2023-06-01,CV workshop,Bachelor,45-54,Male,Yes,Employed
2475,6,2025-06-01,Skills training,Master,25-34,Male,No,Still unemployed
2476,3,2024-10-01,Job placement,Doctorate,35-44,Male,Yes,Still unemployed
2477,5,2022-07-01,Job placement,Bachelor,55+,Male,No,Still unemployed
2478,1,2023-09-01,CV workshop,Doctorate,25-34,Male,No,Still unemployed
2479,6,2022-02-01,Job placement,Master,45-54,Male,No,Still unemployed
2480,10,2025-01-01,Employer matching,Master,18-24,Male,Yes,Employed
2481,8,2023-05-01,Skills training,Doctorate,35-44,Male,Yes,Still unemployed
2482,7,2024-12-01,Skills training,Upper secondary,18-24,Female,Yes,Employed
2483,3,2025-10-01,Employer matching,Lower secondary,35-44,Female,No,Employed
2484,8,2023-05-01,Skills training,Lower secondary,18-24,Male,Yes,Employed
2485,10,2025-12-01,CV workshop,Bachelor,55+,Female,Yes,Training
2486,10,2023-06-01,Job placement,Master,45-54,Male,Yes,Employed
2487,10,2023-04-01,Job placement,Lower secondary,45-54,Male,Yes,Employed
2488,3,2025-04-01,Job placement,Bachelor,55+,Male,Yes,Employed
2489,3,2022-03-01,Language course,Bachelor,35-44,Female,Yes,Employed
2490,1,2024-05-01,Employer matching,Bachelor,25-34,Male,Yes,Still unemployed
2491,10,2022-08-01,Employer matching,Upper secondary,55+,Male,Yes,Employed
2492,5,2024-06-01,Skills training,Upper secondary,25-34,Female,Yes,Employed
2493,6,2023-02-01,Job placement,Lower secondary,45-54,Female,No,Training
2494,5,2025-11-01,Employer matching,Upper secondary,45-54,Male,Yes,Training
2495,7,2023-03-01,Skills training,Lower secondary,35-44,Male,No,Still unemployed
2496,1,2022-11-01,Employer matching,Bachelor,35-44,Male,Yes,Employed
2497,4,2025-01-01,Skills training,Bachelor,18-24,Female,Yes,Employed
2498,5,2024-02-01,Job placement,Bachelor,35-44,Female,Yes,Employed
2499,2,2024-08-01,CV workshop,Master,18-24,Male,Yes,Employed
2500,6,2022-10-01,CV workshop,Lower secondary,55+,Female,Yes,Employed
2501,7,2023-01-01,CV workshop,Bachelor,25-34,Male,No,Still unemployed
2502,2,2022-12-01,CV workshop,Upper secondary,45-54,Female,No,Employed
2503,9,2025-01-01,Skills training,Bachelor,45-54,Female,No,Still unemployed
2504,7,2024-06-01,Job placement,Master,35-44,Female,Yes,Still unemployed
2505,1,2023-04-01,Job placement,Bachelor,35-44,Female,Yes,Still unemployed
2506,4,2022-06-01,CV workshop,Upper secondary,25-34,Female,Yes,Employed
2507,8,2024-06-01,Skills training,Upper secondary,45-54,Female,No,Still unemployed
2508,6,2022-08-01,Employer matching,Bachelor,25-34,Male,No,Employed
2509,1,2025-11-01,Employer matching,Master,45-54,Female,Yes,Still unemployed
2510,7,2022-12-01,Employer matching,Bachelor,25-34,Female,Yes,Still unemployed
2511,3,2023-06-01,Job placement,Lower secondary,45-54,Female,No,Still unemployed
2512,4,2024-01-01,CV workshop,Master,45-54,Female,Yes,Employed
2513,1,2022-12-01,Job placement,Lower secondary,45-54,Female,Yes,Still unemployed
2514,8,2025-11-01,Job placement,Upper secondary,25-34,Female,Yes,Employed
2515,3,2024-05-01,Language course,Upper secondary,35-44,Female,No,Employed
2516,7,2024-09-01,Employer matching,Bachelor,35-44,Female,Yes,Employed
2517,5,2022-06-01,Job placement,Master,25-34,Male,Yes,Employed
2518,1,2024-08-01,Employer matching,Upper secondary,25-34,Female,No,Training
2519,2,2025-02-01,Job placement,Bachelor,25-34,Male,No,Employed
2520,2,2023-06-01,CV workshop,Bachelor,25-34,Female,Yes,Employed
2521,1,2025-01-01,CV workshop,Bachelor,18-24,Male,No,Still unemployed
2522,1,2022-05-01,CV workshop,Lower secondary,35-44,Female,Yes,Employed
2523,1,2024-07-01,Skills training,Bachelor,35-44,Female,No,Employed
2524,9,2025-03-01,Language course,Doctorate,25-34,Female,No,Still unemployed
2525,10,2024-04-01,CV workshop,Upper secondary,55+,Male,Yes,Employed
2526,4,2022-02-01,Job placement,Master,25-34,Male,Yes,Employed
2527,1,2023-11-01,Employer matching,Master,35-44,Female,Yes,Employed
2528,6,2024-12-01,Language course,Doctorate,45-54,Male,Yes,Still unemployed
2529,8,2022-05-01,Employer matching,Upper secondary,35-44,Male,Yes,Still unemployed
2530,6,2023-06-01,CV workshop,Master,25-34,Male,Yes,Still unemployed
2531,5,2024-12-01,Employer matching,Upper secondary,45-54,Male,No,Employed
2532,5,2023-11-01,Language course,Bachelor,35-44,Female,No,Still unemployed
2533,1,2023-10-01,Job placement,Bachelor,25-34,Male,Yes,Employed
2534,4,2024-01-01,CV workshop,Bachelor,35-44,Male,Yes,Employed
2535,2,2024-03-01,Job placement,Upper secondary,25-34,Male,Yes,Employed
2536,4,2022-12-01,Job placement,Upper secondary,25-34,Male,Yes,Still unemployed
2537,2,2022-05-01,Language course,Doctorate,25-34,Female,Yes,Employed
2538,3,2024-09-01,Employer matching,Bachelor,25-34,Female,Yes,Training
2539,3,2025-03-01,Skills training,Bachelor,18-24,Female,No,Employed
2540,3,2023-02-01,Language course,Lower secondary,25-34,Male,Yes,Still unemployed
2541,2,2023-02-01,Employer matching,Doctorate,35-44,Female,No,Employed
2542,7,2022-08-01,CV workshop,Master,25-34,Female,Yes,Employed
2543,3,2022-12-01,Employer matching,Doctorate,35-44,Male,No,Still unemployed
2544,8,2023-06-01,Language course,Upper secondary,35-44,Female,Yes,Still unemployed
2545,6,2025-03-01,Job placement,Upper secondary,55+,Male,No,Training
2546,3,2025-05-01,CV workshop,Master,25-34,Male,Yes,Employed
2547,2,2025-07-01,Skills training,Master,35-44,Female,Yes,Employed
2548,2,2023-08-01,Job placement,Master,35-44,Male,Yes,Employed
2549,9,2022-08-01,Job placement,Lower secondary,35-44,Male,Yes,Still unemployed
2550,8,2025-11-01,Language course,Bachelor,35-44,Female,No,Still unemployed
2551,6,2022-04-01,Employer matching,Upper secondary,45-54,Male,Yes,Employed
2552,1,2022-02-01,Skills training,Bachelor,35-44,Male,Yes,Employed
2553,6,2025-01-01,Employer matching,Doctorate,35-44,Male,No,Still unemployed
2554,6,2022-01-01,CV workshop,Master,25-34,Male,Yes,Employed
2555,10,2024-03-01,Employer matching,Upper secondary,45-54,Female,Yes,Employed
2556,5,2025-08-01,Job placement,Bachelor,35-44,Male,Yes,Employed
2557,2,2025-10-01,Job placement,Bachelor,45-54,Female,No,Still unemployed
2558,7,2022-10-01,Employer matching,Bachelor,25-34,Male,Yes,Employed
2559,5,2022-09-01,Language course,Lower secondary,25-34,Male,Yes,Employed
2560,8,2022-11-01,Skills training,Bachelor,35-44,Male,Yes,Still unemployed
2561,10,2023-10-01,Employer matching,Bachelor,45-54,Female,Yes,Still unemployed
2562,10,2025-02-01,Skills training,Lower secondary,45-54,Female,Yes,Employed
2563,6,2022-10-01,Skills training,Upper secondary,35-44,Male,Yes,Employed
2564,3,2022-09-01,Employer matching,Bachelor,35-44,Female,Yes,Employed
2565,6,2023-09-01,Language course,Bachelor,25-34,Female,Yes,Employed
2566,1,2024-06-01,Skills training,Upper secondary,25-34,Female,Yes,Still unemployed
2567,7,2023-03-01,Employer matching,Master,25-34,Female,No,Still unemployed
2568,6,2022-03-01,CV workshop,Bachelor,55+,Female,Yes,Employed
2569,9,2025-10-01,Language course,Upper secondary,25-34,Female,Yes,Still unemployed
2570,4,2025-07-01,Employer matching,Master,35-44,Female,Yes,Employed
2571,8,2023-11-01,Skills training,Bachelor,55+,Male,Yes,Employed
2572,5,2024-04-01,Skills training,Upper secondary,18-24,Male,No,Still unemployed
2573,6,2023-05-01,Skills training,Master,18-24,Female,Yes,Still unemployed
2574,9,2023-10-01,Language course,Bachelor,35-44,Male,Yes,Still unemployed
2575,4,2025-02-01,Employer matching,Bachelor,25-34,Male,Yes,Still unemployed
2576,4,2023-06-01,Language course,Lower secondary,35-44,Female,Yes,Employed
2577,5,2025-03-01,Language course,Master,25-34,Male,Yes,Employed
2578,6,2023-04-01,Language course,Upper secondary,35-44,Male,Yes,Employed
2579,1,2022-11-01,Skills training,Upper secondary,55+,Female,Yes,Still unemployed
2580,2,2023-01-01,Job placement,Master,25-34,Female,No,Training
2581,6,2023-11-01,Employer matching,Lower secondary,35-44,Male,Yes,Employed
2582,8,2025-11-01,Language course,Doctorate,55+,Female,Yes,Employed
2583,1,2024-08-01,Job placement,Upper secondary,25-34,Male,Yes,Employed
2584,5,2023-03-01,CV workshop,Upper secondary,18-24,Female,Yes,Employed
2585,9,2022-07-01,CV workshop,Bachelor,35-44,Female,Yes,Employed
2586,4,2022-12-01,CV workshop,Upper secondary,35-44,Male,No,Still unemployed
2587,10,2023-07-01,Language course,Upper secondary,25-34,Male,Yes,Employed
2588,5,2023-10-01,Job placement,Upper secondary,35-44,Male,Yes,Training
2589,7,2022-12-01,Language course,Upper secondary,45-54,Male,Yes,Employed
2590,3,2023-01-01,CV workshop,Doctorate,25-34,Male,Yes,Employed
2591,9,2022-09-01,Job placement,Upper secondary,25-34,Female,Yes,Employed
2592,6,2023-02-01,CV workshop,Doctorate,35-44,Male,Yes,Employed
2593,5,2025-05-01,Skills training,Bachelor,25-34,Male,Yes,Employed
2594,3,2023-01-01,Employer matching,Bachelor,18-24,Male,Yes,Still unemployed
2595,8,2022-10-01,CV workshop,Master,18-24,Male,Yes,Still unemployed
2596,4,2022-07-01,CV workshop,Lower secondary,18-24,Male,Yes,Still unemployed
2597,10,2022-03-01,Language course,Doctorate,18-24,Female,Yes,Employed
2598,1,2025-07-01,Employer matching,Master,35-44,Female,Yes,Employed
2599,10,2025-01-01,Employer matching,Master,55+,Male,Yes,Employed
2600,4,2022-09-01,Employer matching,Bachelor,45-54,Female,Yes,Still unemployed
2601,1,2023-01-01,Skills training,Bachelor,25-34,Female,Yes,Still unemployed
2602,4,2022-02-01,CV workshop,Bachelor,35-44,Female,Yes,Employed
2603,4,2022-02-01,Language course,Lower secondary,35-44,Female,Yes,Still unemployed
2604,8,2025-02-01,Language course,Upper secondary,25-34,Female,Yes,Still unemployed
2605,10,2023-06-01,Employer matching,Master,25-34,Female,Yes,Still unemployed
2606,7,2023-10-01,Employer matching,Bachelor,25-34,Female,Yes,Still unemployed
2607,7,2025-02-01,Skills training,Upper secondary,25-34,Male,Yes,Still unemployed
2608,2,2023-05-01,Job placement,Master,55+,Male,No,Still unemployed
2609,3,2025-11-01,Language course,Upper secondary,25-34,Female,Yes,Employed
2610,7,2024-02-01,Language course,Master,35-44,Female,Yes,Employed
2611,7,2022-09-01,Employer matching,Master,25-34,Female,Yes,Employed
2612,5,2024-03-01,Employer matching,Master,25-34,Male,Yes,Training
2613,9,2023-04-01,Skills training,Bachelor,35-44,Male,Yes,Employed
2614,5,2023-07-01,Skills training,Bachelor,45-54,Female,No,Still unemployed
2615,9,2024-09-01,Employer matching,Lower secondary,25-34,Male,Yes,Employed
2616,2,2025-05-01,Language course,Doctorate,35-44,Female,No,Still unemployed
2617,9,2024-01-01,Employer matching,Upper secondary,35-44,Female,Yes,Employed
2618,6,2025-05-01,Job placement,Bachelor,18-24,Male,Yes,Training
2619,10,2023-07-01,Language course,Lower secondary,45-54,Female,Yes,Employed
2620,2,2023-06-01,Skills training,Upper secondary,35-44,Male,Yes,Employed
2621,2,2025-05-01,Employer matching,Master,35-44,Female,No,Employed
2622,3,2022-11-01,Language course,Bachelor,25-34,Male,Yes,Still unemployed
2623,6,2022-08-01,Job placement,Upper secondary,25-34,Male,Yes,Employed
2624,9,2023-12-01,Skills training,Upper secondary,35-44,Male,No,Still unemployed
2625,8,2022-06-01,Skills training,Doctorate,25-34,Male,Yes,Still unemployed
2626,1,2022-08-01,CV workshop,Bachelor,35-44,Male,Yes,Employed
2627,5,2024-07-01,CV workshop,Bachelor,18-24,Male,Yes,Employed
2628,8,2023-02-01,Employer matching,Doctorate,35-44,Female,Yes,Employed
2629,8,2022-06-01,Job placement,Bachelor,18-24,Female,Yes,Training
2630,4,2023-07-01,Skills training,Doctorate,25-34,Female,Yes,Still unemployed
2631,5,2025-05-01,Job placement,Upper secondary,45-54,Male,Yes,Employed
2632,3,2023-07-01,Employer matching,Upper secondary,25-34,Female,No,Employed
2633,3,2023-03-01,Language course,Bachelor,55+,Male,No,Still unemployed
2634,6,2022-09-01,Employer matching,Upper secondary,45-54,Male,Yes,Employed
2635,5,2023-03-01,CV workshop,Bachelor,55+,Female,Yes,Employed
2636,3,2024-01-01,Job placement,Master,45-54,Male,No,Still unemployed
2637,1,2023-07-01,Job placement,Upper secondary,45-54,Male,Yes,Employed
2638,9,2024-06-01,CV workshop,Upper secondary,25-34,Female,Yes,Employed
2639,9,2023-10-01,Employer matching,Master,45-54,Male,Yes,Employed
2640,1,2024-06-01,Employer matching,Bachelor,25-34,Female,Yes,Still unemployed
2641,6,2025-05-01,Job placement,Bachelor,45-54,Female,No,Employed
2642,7,2025-03-01,Language course,Master,25-34,Female,Yes,Employed
2643,6,2025-12-01,Language course,Upper secondary,18-24,Female,Yes,Employed
2644,9,2022-04-01,CV workshop,Master,45-54,Female,No,Employed
2645,7,2023-01-01,Employer matching,Master,35-44,Male,Yes,Employed
2646,3,2022-08-01,CV workshop,Doctorate,35-44,Male,Yes,Training
2647,4,2024-12-01,Language course,Lower secondary,45-54,Female,Yes,Still unemployed
2648,8,2023-09-01,Job placement,Upper secondary,55+,Female,Yes,Employed
2649,10,2022-01-01,CV workshop,Lower secondary,45-54,Male,Yes,Employed
2650,5,2023-12-01,Language course,Upper secondary,35-44,Female,Yes,Employed
2651,4,2024-03-01,Employer matching,Upper secondary,25-34,Male,Yes,Employed
2652,10,2022-10-01,Job placement,Bachelor,35-44,Female,Yes,Employed
2653,3,2023-04-01,Language course,Upper secondary,35-44,Female,Yes,Employed
2654,4,2023-03-01,CV workshop,Bachelor,35-44,Female,No,Still unemployed
2655,9,2024-02-01,CV workshop,Doctorate,35-44,Male,Yes,Employed
2656,4,2022-08-01,Employer matching,Lower secondary,45-54,Male,Yes,Still unemployed
2657,7,2023-11-01,Language course,Upper secondary,25-34,Male,Yes,Employed
2658,9,2024-03-01,CV workshop,Upper secondary,25-34,Female,Yes,Employed
2659,10,2024-02-01,Skills training,Doctorate,25-34,Male,Yes,Employed
2660,7,2023-11-01,Job placement,Bachelor,45-54,Female,Yes,Training
2661,2,2024-12-01,Job placement,Upper secondary,25-34,Female,Yes,Training
2662,8,2024-10-01,Language course,Upper secondary,35-44,Female,Yes,Employed
2663,10,2023-12-01,CV workshop,Master,35-44,Female,No,Still unemployed
2664,5,2024-07-01,Skills training,Master,45-54,Female,Yes,Employed
2665,8,2022-05-01,CV workshop,Upper secondary,35-44,Male,Yes,Training
2666,5,2023-02-01,Language course,Upper secondary,55+,Female,Yes,Employed
2667,10,2022-12-01,Job placement,Doctorate,35-44,Male,Yes,Employed
2668,10,2025-01-01,Language course,Master,35-44,Male,Yes,Employed
2669,7,2023-08-01,Job placement,Lower secondary,18-24,Male,Yes,Employed
2670,6,2022-08-01,Language course,Bachelor,25-34,Male,Yes,Employed
2671,8,2024-05-01,Skills training,Lower secondary,25-34,Male,Yes,Employed
2672,8,2024-07-01,Skills training,Bachelor,35-44,Female,No,Employed
2673,2,2025-06-01,Skills training,Doctorate,25-34,Female,Yes,Employed
2674,10,2024-06-01,Employer matching,Lower secondary,25-34,Male,No,Employed
2675,7,2025-09-01,CV workshop,Upper secondary,55+,Female,Yes,Training
2676,8,2022-12-01,CV workshop,Bachelor,25-34,Female,Yes,Training
2677,2,2023-12-01,CV workshop,Upper secondary,45-54,Female,Yes,Employed
2678,8,2022-10-01,Job placement,Upper secondary,45-54,Male,Yes,Still unemployed
2679,3,2023-09-01,CV workshop,Upper secondary,25-34,Male,Yes,Still unemployed
2680,2,2022-06-01,Job placement,Upper secondary,25-34,Male,No,Still unemployed
2681,9,2023-06-01,CV workshop,Upper secondary,35-44,Female,Yes,Still unemployed
2682,3,2024-06-01,Job placement,Doctorate,25-34,Male,Yes,Employed
2683,3,2023-04-01,Job placement,Doctorate,18-24,Male,Yes,Training
2684,8,2023-06-01,Job placement,Bachelor,35-44,Female,Yes,Employed
2685,4,2024-04-01,Language course,Lower secondary,35-44,Female,No,Still unemployed
2686,10,2025-12-01,Skills training,Lower secondary,25-34,Male,Yes,Employed
2687,6,2022-10-01,Language course,Bachelor,18-24,Female,Yes,Training
2688,5,2024-07-01,Employer matching,Bachelor,25-34,Male,No,Still unemployed
2689,7,2025-10-01,CV workshop,Upper secondary,55+,Female,Yes,Employed
2690,8,2022-01-01,Job placement,Master,55+,Male,Yes,Employed
2691,6,2023-07-01,Employer matching,Master,45-54,Male,Yes,Still unemployed
2692,1,2023-06-01,Job placement,Upper secondary,25-34,Female,No,Still unemployed
2693,2,2025-11-01,CV workshop,Master,25-34,Female,Yes,Employed
2694,2,2022-01-01,CV workshop,Master,55+,Male,No,Still unemployed
2695,6,2025-12-01,Employer matching,Master,45-54,Male,Yes,Employed
2696,1,2024-07-01,CV workshop,Master,25-34,Female,Yes,Training
2697,9,2022-02-01,Employer matching,Lower secondary,25-34,Female,Yes,Employed
2698,2,2025-09-01,Language course,Bachelor,35-44,Male,Yes,Still unemployed
2699,7,2025-02-01,Language course,Lower secondary,35-44,Male,Yes,Employed
2700,1,2024-12-01,Language course,Upper secondary,35-44,Male,Yes,Employed
2701,9,2023-02-01,Employer matching,Upper secondary,55+,Male,Yes,Employed
2702,1,2023-01-01,CV workshop,Bachelor,25-34,Male,Yes,Employed
2703,7,2025-03-01,CV workshop,Master,45-54,Male,Yes,Training
2704,7,2022-09-01,Skills training,Upper secondary,25-34,Female,No,Still unemployed
2705,6,2023-10-01,Job placement,Bachelor,35-44,Male,Yes,Training
2706,5,2025-07-01,CV workshop,Master,35-44,Male,Yes,Employed
2707,10,2025-11-01,CV workshop,Bachelor,35-44,Male,No,Training
2708,6,2022-06-01,Employer matching,Upper secondary,25-34,Male,Yes,Employed
2709,2,2025-01-01,CV workshop,Bachelor,18-24,Male,Yes,Employed
2710,4,2024-11-01,Language course,Lower secondary,45-54,Female,Yes,Training
2711,6,2025-05-01,Job placement,Bachelor,25-34,Male,Yes,Employed
2712,5,2022-12-01,CV workshop,Bachelor,25-34,Female,Yes,Still unemployed
2713,4,2025-03-01,Employer matching,Upper secondary,18-24,Male,Yes,Training
2714,2,2023-03-01,CV workshop,Upper secondary,35-44,Female,Yes,Employed
2715,3,2023-08-01,CV workshop,Lower secondary,35-44,Male,Yes,Training
2716,7,2022-03-01,Job placement,Master,35-44,Female,No,Still unemployed
2717,9,2024-09-01,Language course,Lower secondary,18-24,Male,Yes,Employed
2718,2,2022-09-01,Skills training,Master,45-54,Female,No,Still unemployed
2719,3,2023-07-01,Employer matching,Doctorate,18-24,Female,Yes,Still unemployed
2720,9,2022-02-01,Job placement,Bachelor,55+,Female,Yes,Training
2721,4,2024-03-01,Job placement,Master,25-34,Female,Yes,Training
2722,3,2024-01-01,Skills training,Bachelor,35-44,Female,No,Employed
2723,6,2024-09-01,Employer matching,Lower secondary,35-44,Female,Yes,Still unemployed
2724,3,2023-10-01,CV workshop,Upper secondary,35-44,Male,Yes,Employed
2725,9,2025-01-01,Employer matching,Doctorate,45-54,Male,Yes,Employed
2726,2,2024-02-01,Job placement,Master,45-54,Female,Yes,Employed
2727,7,2022-07-01,Employer matching,Doctorate,35-44,Female,No,Still unemployed
2728,2,2022-04-01,Job placement,Bachelor,18-24,Female,Yes,Employed
2729,10,2022-10-01,Language course,Upper secondary,35-44,Male,Yes,Employed
2730,3,2025-03-01,CV workshop,Upper secondary,45-54,Female,Yes,Employed
2731,8,2023-08-01,Language course,Master,45-54,Male,Yes,Training
2732,10,2022-06-01,Job placement,Upper secondary,35-44,Male,No,Still unemployed
2733,6,2023-07-01,CV workshop,Bachelor,25-34,Female,No,Still unemployed
2734,1,2025-04-01,Skills training,Master,25-34,Male,No,Employed
2735,4,2025-03-01,Skills training,Master,25-34,Female,No,Employed
2736,5,2023-04-01,Skills training,Bachelor,35-44,Male,Yes,Employed
2737,1,2023-02-01,Job placement,Upper secondary,35-44,Female,Yes,Employed
2738,4,2023-10-01,Skills training,Bachelor,35-44,Male,Yes,Employed
2739,6,2023-03-01,Employer matching,Bachelor,45-54,Male,Yes,Employed
2740,8,2024-08-01,Language course,Upper secondary,25-34,Female,No,Training
2741,2,2024-09-01,Language course,Lower secondary,35-44,Male,Yes,Employed
2742,7,2024-06-01,Employer matching,Upper secondary,45-54,Male,Yes,Employed
2743,7,2025-05-01,Language course,Upper secondary,35-44,Male,Yes,Employed
2744,1,2024-04-01,CV workshop,Lower secondary,25-34,Female,No,Still unemployed
2745,5,2024-09-01,Skills training,Master,25-34,Female,No,Employed
2746,1,2023-08-01,Skills training,Bachelor,25-34,Male,No,Employed
2747,9,2022-12-01,Job placement,Doctorate,25-34,Female,No,Still unemployed
2748,7,2023-12-01,Employer matching,Master,35-44,Male,No,Training
2749,6,2024-07-01,Language course,Master,18-24,Male,No,Training
2750,7,2022-04-01,CV workshop,Bachelor,25-34,Female,Yes,Employed
2751,10,2023-11-01,Skills training,Bachelor,35-44,Female,No,Training
2752,7,2022-08-01,Employer matching,Lower secondary,25-34,Female,Yes,Employed
2753,3,2023-01-01,Language course,Bachelor,55+,Female,Yes,Employed
2754,7,2024-12-01,Job placement,Bachelor,35-44,Male,Yes,Employed
2755,8,2023-05-01,Employer matching,Bachelor,35-44,Male,Yes,Employed
2756,9,2024-09-01,Employer matching,Bachelor,35-44,Female,Yes,Employed
2757,6,2024-02-01,Language course,Master,45-54,Male,Yes,Employed
2758,4,2023-05-01,Employer matching,Upper secondary,35-44,Male,Yes,Still unemployed
2759,5,2023-11-01,Skills training,Upper secondary,45-54,Female,Yes,Training
2760,4,2025-03-01,Language course,Upper secondary,25-34,Female,Yes,Employed
2761,3,2024-03-01,Job placement,Master,25-34,Male,No,Training
2762,9,2025-03-01,CV workshop,Doctorate,35-44,Female,Yes,Employed
2763,10,2023-03-01,Skills training,Master,25-34,Female,No,Still unemployed
2764,4,2024-02-01,Employer matching,Bachelor,25-34,Female,Yes,Employed
2765,6,2023-03-01,CV workshop,Master,18-24,Male,No,Still unemployed
2766,10,2025-12-01,Job placement,Master,25-34,Male,No,Still unemployed
2767,4,2025-07-01,Skills training,Upper secondary,25-34,Male,Yes,Training
2768,8,2023-01-01,Skills training,Upper secondary,45-54,Male,Yes,Employed
2769,9,2022-10-01,Skills training,Master,35-44,Female,Yes,Still unemployed
2770,8,2023-03-01,Language course,Master,25-34,Female,Yes,Still unemployed
2771,6,2022-03-01,Job placement,Upper secondary,35-44,Male,Yes,Employed
2772,10,2022-01-01,Job placement,Upper secondary,25-34,Female,No,Still unemployed
2773,4,2022-02-01,Employer matching,Doctorate,25-34,Female,No,Employed
2774,8,2022-08-01,Skills training,Bachelor,25-34,Female,Yes,Still unemployed
2775,3,2024-09-01,Skills training,Master,18-24,Female,Yes,Employed
2776,1,2025-04-01,CV workshop,Lower secondary,45-54,Male,No,Still unemployed
2777,9,2022-03-01,Employer matching,Bachelor,25-34,Female,Yes,Employed
2778,5,2024-07-01,Skills training,Upper secondary,25-34,Female,Yes,Training
2779,7,2024-04-01,Skills training,Upper secondary,35-44,Male,Yes,Employed
2780,4,2022-10-01,CV workshop,Upper secondary,35-44,Female,Yes,Training
2781,5,2024-08-01,Job placement,Master,45-54,Female,Yes,Employed
2782,5,2024-09-01,Employer matching,Lower secondary,35-44,Female,No,Still unemployed
2783,6,2025-10-01,CV workshop,Bachelor,45-54,Male,No,Still unemployed
2784,3,2022-08-01,Language course,Bachelor,35-44,Male,Yes,Training
2785,3,2022-02-01,Language course,Upper secondary,45-54,Male,No,Employed
2786,3,2023-08-01,Skills training,Master,25-34,Female,Yes,Employed
2787,7,2024-10-01,Skills training,Master,18-24,Female,Yes,Employed
2788,6,2025-12-01,CV workshop,Bachelor,25-34,Male,Yes,Still unemployed
2789,10,2024-06-01,CV workshop,Upper secondary,35-44,Male,Yes,Employed
2790,8,2023-04-01,Employer matching,Master,25-34,Female,No,Still unemployed
2791,3,2022-11-01,Language course,Doctorate,25-34,Male,Yes,Employed
2792,2,2024-09-01,Employer matching,Master,25-34,Male,No,Still unemployed
2793,2,2024-10-01,CV workshop,Bachelor,25-34,Female,No,Still unemployed
2794,3,2022-01-01,Job placement,Doctorate,35-44,Male,No,Employed
2795,8,2025-08-01,Language course,Lower secondary,25-34,Male,No,Still unemployed
2796,7,2023-03-01,Employer matching,Master,18-24,Female,No,Employed
2797,3,2024-03-01,CV workshop,Upper secondary,25-34,Male,No,Still unemployed
2798,7,2023-03-01,CV workshop,Bachelor,25-34,Female,Yes,Employed
2799,3,2023-04-01,Skills training,Lower secondary,35-44,Male,Yes,Employed
2800,1,2025-05-01,Job placement,Bachelor,25-34,Female,No,Training
2801,5,2024-01-01,Language course,Upper secondary,35-44,Male,Yes,Employed
2802,1,2022-09-01,Language course,Upper secondary,25-34,Female,Yes,Employed
2803,9,2023-05-01,Skills training,Bachelor,35-44,Female,No,Still unemployed
2804,5,2023-04-01,Language course,Doctorate,18-24,Female,No,Still unemployed
2805,7,2025-01-01,Language course,Upper secondary,35-44,Female,Yes,Employed
2806,9,2022-08-01,Skills training,Upper secondary,18-24,Male,Yes,Still unemployed
2807,8,2023-07-01,CV workshop,Upper secondary,45-54,Male,Yes,Employed
2808,3,2023-11-01,CV workshop,Bachelor,45-54,Male,No,Employed
2809,4,2022-06-01,Language course,Upper secondary,35-44,Male,No,Still unemployed
2810,10,2023-02-01,Language course,Upper secondary,18-24,Female,No,Training
2811,5,2024-03-01,Skills training,Bachelor,25-34,Male,Yes,Employed
2812,10,2022-09-01,Employer matching,Upper secondary,18-24,Female,Yes,Training
2813,6,2024-04-01,Job placement,Bachelor,18-24,Male,Yes,Employed
2814,7,2023-09-01,CV workshop,Lower secondary,35-44,Male,Yes,Still unemployed
2815,6,2025-06-01,Language course,Master,35-44,Male,No,Training
2816,10,2023-11-01,Employer matching,Lower secondary,35-44,Male,Yes,Employed
2817,6,2023-12-01,CV workshop,Bachelor,25-34,Female,Yes,Employed
2818,4,2023-03-01,Job placement,Upper secondary,25-34,Male,Yes,Training
2819,5,2022-03-01,Language course,Bachelor,25-34,Male,Yes,Employed
2820,6,2025-11-01,Language course,Lower secondary,25-34,Female,Yes,Employed
2821,3,2023-02-01,Employer matching,Upper secondary,25-34,Male,No,Still unemployed
2822,8,2022-07-01,Employer matching,Master,45-54,Female,Yes,Employed
2823,4,2022-05-01,Skills training,Bachelor,18-24,Female,Yes,Employed
2824,1,2024-11-01,Skills training,Upper secondary,25-34,Male,No,Employed
2825,4,2023-07-01,Job placement,Bachelor,55+,Female,Yes,Employed
2826,8,2024-02-01,Job placement,Upper secondary,55+,Male,No,Still unemployed
2827,8,2022-06-01,Language course,Lower secondary,25-34,Male,Yes,Employed
2828,10,2023-07-01,Job placement,Bachelor,35-44,Male,No,Still unemployed
2829,10,2023-04-01,CV workshop,Doctorate,45-54,Male,Yes,Still unemployed
2830,6,2024-09-01,Job placement,Bachelor,25-34,Male,Yes,Still unemployed
2831,6,2024-11-01,Language course,Upper secondary,35-44,Female,Yes,Still unemployed
2832,3,2022-08-01,Skills training,Bachelor,55+,Male,Yes,Employed
2833,10,2025-06-01,Language course,Master,45-54,Male,No,Employed
2834,2,2025-09-01,Job placement,Lower secondary,45-54,Female,Yes,Still unemployed
2835,10,2022-05-01,Language course,Bachelor,35-44,Male,Yes,Employed
2836,3,2025-04-01,Language course,Upper secondary,35-44,Female,Yes,Employed
2837,9,2025-03-01,Language course,Bachelor,25-34,Female,Yes,Employed
2838,3,2024-12-01,Employer matching,Doctorate,45-54,Male,Yes,Employed
2839,8,2025-12-01,Language course,Upper secondary,45-54,Female,No,Still unemployed
2840,9,2025-10-01,Language course,Upper secondary,25-34,Female,No,Still unemployed
2841,8,2023-06-01,Employer matching,Upper secondary,45-54,Male,No,Still unemployed
2842,2,2025-10-01,Skills training,Upper secondary,25-34,Male,Yes,Employed
2843,10,2022-09-01,Employer matching,Bachelor,45-54,Female,No,Training
2844,10,2022-10-01,Job placement,Master,35-44,Male,Yes,Employed
2845,7,2024-12-01,Employer matching,Bachelor,18-24,Male,Yes,Employed
2846,8,2025-07-01,CV workshop,Bachelor,25-34,Female,Yes,Still unemployed
2847,5,2022-10-01,CV workshop,Lower secondary,35-44,Male,Yes,Employed
2848,8,2025-02-01,Language course,Lower secondary,35-44,Female,Yes,Employed
2849,10,2025-02-01,Language course,Master,25-34,Male,Yes,Still unemployed
2850,7,2023-09-01,Language course,Master,25-34,Male,Yes,Training
2851,3,2025-06-01,Skills training,Upper secondary,25-34,Male,No,Still unemployed
2852,1,2024-02-01,CV workshop,Master,55+,Female,No,Employed
2853,7,2024-03-01,Skills training,Doctorate,25-34,Female,No,Employed
2854,8,2024-03-01,Job placement,Master,25-34,Male,No,Employed
2855,9,2024-05-01,Job placement,Bachelor,25-34,Female,Yes,Employed
2856,4,2024-01-01,CV workshop,Upper secondary,25-34,Female,Yes,Employed
2857,8,2025-08-01,Job placement,Master,55+,Female,No,Still unemployed
2858,2,2023-09-01,Language course,Upper secondary,35-44,Male,Yes,Training
2859,8,2023-01-01,Job placement,Upper secondary,35-44,Female,No,Still unemployed
2860,9,2024-06-01,Employer matching,Bachelor,55+,Female,Yes,Training
2861,3,2023-11-01,Skills training,Master,55+,Male,Yes,Still unemployed
2862,4,2025-04-01,CV workshop,Master,45-54,Male,Yes,Still unemployed
2863,9,2025-06-01,CV workshop,Master,45-54,Male,No,Still unemployed
2864,7,2025-10-01,CV workshop,Upper secondary,35-44,Male,No,Still unemployed
2865,6,2025-05-01,Skills training,Master,45-54,Female,Yes,Still unemployed
2866,2,2024-08-01,Employer matching,Master,45-54,Male,Yes,Employed
2867,9,2023-11-01,CV workshop,Master,55+,Male,No,Still unemployed
2868,2,2025-10-01,Language course,Bachelor,45-54,Female,Yes,Still unemployed
2869,5,2023-07-01,Skills training,Bachelor,35-44,Male,Yes,Employed
2870,5,2025-11-01,CV workshop,Master,18-24,Female,Yes,Employed
2871,8,2025-11-01,Employer matching,Bachelor,55+,Female,No,Still unemployed
2872,1,2024-08-01,CV workshop,Upper secondary,35-44,Female,No,Still unemployed
2873,1,2025-12-01,Language course,Bachelor,55+,Male,No,Still unemployed
2874,7,2023-02-01,Job placement,Master,25-34,Female,Yes,Still unemployed
2875,4,2022-03-01,Job placement,Lower secondary,35-44,Male,Yes,Employed
2876,1,2024-01-01,Job placement,Upper secondary,45-54,Male,Yes,Still unemployed
2877,8,2023-04-01,CV workshop,Master,25-34,Female,Yes,Employed
2878,6,2025-08-01,Language course,Bachelor,25-34,Male,Yes,Training
2879,7,2024-09-01,Skills training,Upper secondary,45-54,Female,Yes,Still unemployed
2880,4,2022-07-01,Skills training,Master,25-34,Male,Yes,Still unemployed
2881,3,2024-06-01,Job placement,Bachelor,35-44,Female,Yes,Employed
2882,4,2024-12-01,Skills training,Bachelor,35-44,Male,Yes,Employed
2883,10,2023-07-01,Employer matching,Upper secondary,25-34,Male,No,Still unemployed
2884,8,2025-10-01,CV workshop,Master,25-34,Male,Yes,Still unemployed
2885,9,2024-12-01,CV workshop,Lower secondary,55+,Male,Yes,Still unemployed
2886,5,2024-11-01,Language course,Bachelor,35-44,Female,Yes,Employed
2887,9,2023-04-01,CV workshop,Bachelor,55+,Female,Yes,Employed
2888,2,2025-10-01,Language course,Upper secondary,45-54,Male,No,Still unemployed
2889,7,2024-09-01,Language course,Lower secondary,18-24,Female,Yes,Still unemployed
2890,4,2024-11-01,CV workshop,Upper secondary,45-54,Male,Yes,Still unemployed
2891,2,2025-03-01,Skills training,Lower secondary,18-24,Male,Yes,Employed
2892,4,2025-12-01,Job placement,Doctorate,55+,Female,No,Still unemployed
2893,7,2024-10-01,Language course,Master,35-44,Female,Yes,Employed
2894,6,2025-11-01,Skills training,Doctorate,25-34,Male,Yes,Employed
2895,9,2022-12-01,Language course,Doctorate,35-44,Female,No,Still unemployed
2896,7,2024-07-01,Language course,Upper secondary,45-54,Male,No,Still unemployed
2897,6,2023-10-01,Language course,Master,55+,Male,No,Still unemployed
2898,4,2024-05-01,Job placement,Bachelor,25-34,Male,Yes,Still unemployed
2899,9,2025-07-01,Job placement,Lower secondary,35-44,Male,No,Training
2900,4,2025-08-01,Employer matching,Bachelor,25-34,Female,Yes,Still unemployed
2901,2,2022-04-01,Skills training,Lower secondary,18-24,Female,Yes,Employed
2902,8,2025-01-01,Job placement,Doctorate,25-34,Male,Yes,Employed
2903,8,2025-10-01,Job placement,Master,45-54,Female,Yes,Employed
2904,2,2024-05-01,Skills training,Master,18-24,Male,Yes,Training
2905,10,2024-06-01,Language course,Lower secondary,35-44,Female,Yes,Still unemployed
2906,7,2024-11-01,Job placement,Lower secondary,55+,Female,No,Still unemployed
2907,6,2025-11-01,Skills training,Upper secondary,35-44,Male,Yes,Employed
2908,10,2022-04-01,Skills training,Master,25-34,Female,Yes,Employed
2909,8,2025-03-01,Employer matching,Bachelor,45-54,Male,Yes,Employed
2910,8,2025-10-01,CV workshop,Bachelor,45-54,Female,Yes,Still unemployed
2911,6,2022-02-01,Job placement,Upper secondary,35-44,Female,Yes,Employed
2912,3,2023-09-01,CV workshop,Bachelor,55+,Female,Yes,Employed
2913,1,2024-10-01,Job placement,Bachelor,25-34,Male,Yes,Employed
2914,1,2022-05-01,Language course,Doctorate,18-24,Male,Yes,Still unemployed
2915,3,2022-10-01,CV workshop,Master,25-34,Female,Yes,Employed
2916,3,2023-07-01,Language course,Upper secondary,25-34,Male,Yes,Still unemployed
2917,4,2025-09-01,Job placement,Bachelor,25-34,Male,Yes,Employed
2918,1,2024-01-01,Language course,Master,35-44,Female,Yes,Employed
2919,4,2025-07-01,Employer matching,Master,18-24,Female,Yes,Training
2920,6,2025-12-01,Skills training,Bachelor,35-44,Male,No,Employed
2921,6,2024-06-01,Employer matching,Master,18-24,Male,No,Still unemployed
2922,5,2024-05-01,Employer matching,Bachelor,25-34,Male,Yes,Employed
2923,9,2024-10-01,Employer matching,Lower secondary,25-34,Male,Yes,Employed
2924,7,2022-03-01,Job placement,Master,25-34,Female,Yes,Employed
2925,6,2023-03-01,Language course,Doctorate,55+,Male,No,Still unemployed
2926,8,2022-04-01,Job placement,Upper secondary,18-24,Female,Yes,Employed
2927,10,2022-08-01,Employer matching,Bachelor,25-34,Male,Yes,Training
2928,3,2023-08-01,Job placement,Upper secondary,25-34,Male,Yes,Still unemployed
2929,9,2025-09-01,Skills training,Upper secondary,45-54,Female,Yes,Training
2930,4,2025-06-01,Job placement,Master,35-44,Female,Yes,Still unemployed
2931,10,2023-07-01,CV workshop,Doctorate,25-34,Female,No,Still unemployed
2932,5,2023-06-01,Skills training,Lower secondary,25-34,Female,Yes,Still unemployed
2933,7,2025-11-01,Employer matching,Master,45-54,Female,No,Still unemployed
2934,8,2025-12-01,CV workshop,Upper secondary,25-34,Female,Yes,Still unemployed
2935,4,2024-04-01,Employer matching,Bachelor,25-34,Female,No,Training
2936,5,2022-01-01,Skills training,Master,25-34,Male,Yes,Employed
2937,4,2023-07-01,CV workshop,Upper secondary,45-54,Female,Yes,Still unemployed
2938,3,2024-03-01,Language course,Upper secondary,25-34,Female,Yes,Employed
2939,10,2024-12-01,Employer matching,Doctorate,35-44,Female,Yes,Training
2940,9,2025-11-01,Skills training,Upper secondary,35-44,Male,Yes,Employed
2941,1,2024-07-01,Employer matching,Lower secondary,25-34,Male,Yes,Still unemployed
2942,1,2023-12-01,Skills training,Upper secondary,18-24,Female,Yes,Still unemployed
2943,9,2024-01-01,Job placement,Bachelor,55+,Male,No,Training
2944,7,2024-01-01,Employer matching,Master,45-54,Male,Yes,Still unemployed
2945,8,2024-06-01,Language course,Upper secondary,55+,Female,Yes,Training
2946,4,2023-04-01,Skills training,Upper secondary,35-44,Female,Yes,Training
2947,6,2022-10-01,CV workshop,Master,25-34,Male,Yes,Employed
2948,5,2025-03-01,CV workshop,Upper secondary,35-44,Male,Yes,Employed
2949,1,2024-12-01,Language course,Lower secondary,45-54,Male,Yes,Employed
2950,10,2025-09-01,CV workshop,Master,35-44,Female,Yes,Employed
2951,10,2024-10-01,CV workshop,Doctorate,25-34,Female,Yes,Employed
2952,6,2023-09-01,Language course,Doctorate,35-44,Female,Yes,Employed
2953,2,2025-07-01,Job placement,Bachelor,25-34,Female,No,Employed
2954,7,2025-08-01,Job placement,Upper secondary,25-34,Male,Yes,Employed
2955,3,2024-08-01,Language course,Master,25-34,Female,Yes,Training
2956,7,2022-07-01,Employer matching,Upper secondary,45-54,Male,Yes,Still unemployed
2957,2,2025-08-01,Skills training,Master,35-44,Male,Yes,Employed
2958,8,2024-09-01,Employer matching,Master,25-34,Male,Yes,Employed
2959,5,2023-01-01,Language course,Master,55+,Male,No,Still unemployed
2960,5,2023-03-01,Employer matching,Bachelor,25-34,Male,Yes,Employed
2961,10,2022-06-01,CV workshop,Doctorate,45-54,Female,Yes,Employed
2962,1,2022-06-01,Skills training,Lower secondary,18-24,Male,Yes,Employed
2963,10,2023-07-01,Employer matching,Lower secondary,25-34,Male,Yes,Employed
2964,9,2024-06-01,Job placement,Master,25-34,Male,Yes,Still unemployed
2965,10,2024-06-01,Employer matching,Doctorate,25-34,Female,No,Still unemployed
2966,6,2024-03-01,Employer matching,Upper secondary,25-34,Female,Yes,Employed
2967,1,2024-05-01,Job placement,Upper secondary,25-34,Female,No,Still unemployed
2968,10,2024-04-01,CV workshop,Doctorate,18-24,Female,No,Employed
2969,7,2024-06-01,Skills training,Master,25-34,Female,Yes,Employed
2970,8,2024-12-01,Language course,Upper secondary,25-34,Male,No,Still unemployed
2971,3,2025-06-01,Language course,Master,25-34,Female,Yes,Still unemployed
2972,8,2023-11-01,Language course,Bachelor,25-34,Female,Yes,Employed
2973,2,2024-06-01,Skills training,Upper secondary,25-34,Female,Yes,Still unemployed
2974,7,2023-07-01,Skills training,Bachelor,35-44,Male,No,Still unemployed
2975,8,2025-05-01,Job placement,Upper secondary,25-34,Female,Yes,Employed
2976,10,2024-12-01,Skills training,Bachelor,25-34,Male,Yes,Employed
2977,9,2022-09-01,Skills training,Upper secondary,18-24,Female,No,Employed
2978,8,2024-11-01,Job placement,Bachelor,18-24,Male,Yes,Still unemployed
2979,8,2022-07-01,CV workshop,Master,18-24,Female,Yes,Still unemployed
2980,5,2024-02-01,Employer matching,Master,18-24,Male,Yes,Employed
2981,7,2025-06-01,Employer matching,Lower secondary,18-24,Female,No,Still unemployed
2982,3,2024-06-01,Language course,Master,25-34,Female,Yes,Employed
2983,8,2022-03-01,Job placement,Master,35-44,Female,No,Still unemployed
2984,4,2024-01-01,Language course,Master,25-34,Male,No,Employed
2985,9,2025-03-01,Employer matching,Upper secondary,45-54,Female,Yes,Still unemployed
2986,2,2024-07-01,Job placement,Master,45-54,Female,No,Still unemployed
2987,1,2025-07-01,CV workshop,Master,25-34,Male,Yes,Employed
2988,3,2023-08-01,CV workshop,Upper secondary,45-54,Male,Yes,Still unemployed
2989,5,2023-12-01,Language course,Master,35-44,Male,Yes,Employed
2990,2,2025-04-01,CV workshop,Upper secondary,35-44,Female,Yes,Employed
2991,6,2024-07-01,Language course,Doctorate,45-54,Male,Yes,Employed
2992,1,2024-10-01,Skills training,Bachelor,25-34,Male,Yes,Employed
2993,8,2023-01-01,Job placement,Upper secondary,25-34,Male,Yes,Still unemployed
2994,4,2024-11-01,Language course,Bachelor,45-54,Female,Yes,Still unemployed
2995,9,2023-08-01,Language course,Bachelor,45-54,Female,Yes,Employed
2996,8,2025-12-01,CV workshop,Master,25-34,Female,Yes,Still unemployed
2997,10,2023-10-01,Language course,Upper secondary,25-34,Male,Yes,Employed
2998,1,2024-01-01,CV workshop,Lower secondary,35-44,Male,Yes,Employed
2999,6,2022-01-01,Language course,Upper secondary,45-54,Male,No,Employed
3000,7,2025-10-01,Employer matching,Bachelor,45-54,Male,Yes,Employed
