record_id,date,region_id,country_of_origin,sex,age_group,education_level,employment_status,activity_type
51,2022-01-01,4,China,Male,25-34,Upper secondary,Employed,Asylum application
55,2022-01-01,1,Guinea,Male,18-24,Bachelor,Unemployed,Asylum application
72,2022-01-01,1,Tunisia,Female,18-24,Upper secondary,Employed,Employment support
108,2022-01-01,3,Georgia,Male,18-24,Upper secondary,Employed,Language training
124,2022-01-01,3,Nigeria,Male,25-34,Upper secondary,Unemployed,Integration program
247,2022-01-01,10,China,Male,55+,Bachelor,Employed,Asylum application
264,2022-01-01,1,Afghanistan,Female,35-44,Lower secondary,Employed,Housing support
332,2022-01-01,1,Tunisia,Female,55+,Upper secondary,Inactive,Language training
339,2022-01-01,7,Turkey,Male,25-34,Lower secondary,Unemployed,Language training
367,2022-01-01,2,China,Male,25-34,Master,Unemployed,Language training
410,2022-01-01,3,Brazil,Female,25-34,Doctorate,Employed,Housing support
413,2022-01-01,7,Other,Female,25-34,Lower secondary,Unemployed,Employment support
458,2022-01-01,10,Afghanistan,Female,45-54,Bachelor,Employed,Employment support
597,2022-01-01,5,Morocco,Male,25-34,Bachelor,Unemployed,Language training
640,2022-01-01,4,Italy,Male,25-34,Master,Employed,Housing support
712,2022-01-01,7,India,Female,45-54,Bachelor,Employed,Asylum application
714,2022-01-01,2,Syria,Male,35-44,Master,Employed,Employment support
828,2022-01-01,1,Portugal,Male,45-54,Upper secondary,Employed,Integration program
830,2022-01-01,3,Colombia,Male,45-54,Upper secondary,Employed,Language training
971,2022-01-01,3,Afghanistan,Male,45-54,Upper secondary,Employed,Integration program
973,2022-01-01,2,Ukraine,Male,25-34,Lower secondary,Unemployed,Employment support
986,2022-01-01,1,Portugal,Female,35-44,Master,Employed,Integration program
1051,2022-01-01,7,Brazil,Female,55+,Bachelor,Employed,Integration program
1091,2022-01-01,5,Algeria,Male,35-44,Upper secondary,Employed,Integration program
1109,2022-01-01,7,Algeria,Female,25-34,Doctorate,Unemployed,Housing support
1128,2022-01-01,2,Bangladesh,Male,25-34,Bachelor,Employed,Language training
1149,2022-01-01,4,Georgia,Female,45-54,Bachelor,Employed,Employment support
1180,2022-01-01,4,Ukraine,Female,25-34,Upper secondary,Unemployed,Integration program
1193,2022-01-01,1,Algeria,Male,35-44,Master,Employed,Asylum application
1234,2022-01-01,5,Nigeria,Male,25-34,Bachelor,Employed,Employment support
1246,2022-01-01,1,Senegal,Male,55+,Upper secondary,Unemployed,Language training
1301,2022-01-01,7,Portugal,Female,25-34,Upper secondary,Unemployed,Employment support
1331,2022-01-01,5,Nigeria,Female,25-34,Master,Employed,Integration program
1366,2022-01-01,2,Georgia,Male,18-24,Bachelor,Employed,Integration program
1472,2022-01-01,2,Syria,Male,45-54,Upper secondary,Unemployed,Housing support
1511,2022-01-01,3,Afghanistan,Female,35-44,Lower secondary,Employed,Integration program
1524,2022-01-01,1,Italy,Male,25-34,Master,Employed,Integration program
1527,2022-01-01,6,India,Female,45-54,Upper secondary,Unemployed,Employment support
1531,2022-01-01,6,Other,Male,18-24,Upper secondary,Unemployed,Employment support
1539,2022-01-01,6,India,Female,18-24,Master,Employed,Language training
1558,2022-01-01,9,Ukraine,Female,25-34,Bachelor,Unemployed,Employment support
1576,2022-01-01,5,Afghanistan,Male,55+,Upper secondary,Inactive,Integration program
1611,2022-01-01,5,Turkey,Male,45-54,Upper secondary,Unemployed,Language training
1616,2022-01-01,6,China,Female,45-54,Upper secondary,Employed,Housing support
1675,2022-01-01,2,India,Female,25-34,Master,Employed,Housing support
1681,2022-01-01,5,Brazil,Male,55+,Master,Employed,Integration program
1695,2022-01-01,6,Côte d'Ivoire,Male,25-34,Bachelor,Employed,Language training
1744,2022-01-01,6,Guinea,Male,55+,Doctorate,Employed,Language training
1757,2022-01-01,2,Ukraine,Female,18-24,Lower secondary,Unemployed,Language training
1809,2022-01-01,2,Afghanistan,Male,55+,Upper secondary,Unemployed,Employment support
1901,2022-01-01,1,Nigeria,Female,25-34,Bachelor,Employed,Employment support
1916,2022-01-01,1,Ukraine,Female,55+,Upper secondary,Inactive,Employment support
1951,2022-01-01,7,Senegal,Female,35-44,Doctorate,Inactive,Language training
1968,2022-01-01,4,Colombia,Male,45-54,Master,Employed,Integration program
1993,2022-01-01,7,Georgia,Male,18-24,Upper secondary,Inactive,Language training
2001,2022-01-01,8,Morocco,Female,35-44,Master,Employed,Employment support
2002,2022-01-01,1,Senegal,Female,45-54,Upper secondary,Inactive,Asylum application
2018,2022-01-01,5,Senegal,Female,35-44,Lower secondary,Employed,Employment support
2037,2022-01-01,10,Turkey,Female,25-34,Doctorate,Unemployed,Language training
2058,2022-01-01,3,India,Female,25-34,Bachelor,Employed,Asylum application
2110,2022-01-01,1,Senegal,Female,35-44,Upper secondary,Unemployed,Integration program
2123,2022-01-01,1,Côte d'Ivoire,Male,35-44,Upper secondary,Employed,Asylum application
2152,2022-01-01,9,Portugal,Male,35-44,Lower secondary,Unemployed,Housing support
2169,2022-01-01,1,Guinea,Male,25-34,Upper secondary,Unemployed,Integration program
2203,2022-01-01,1,Portugal,Female,25-34,Master,Unemployed,Language training
2248,2022-01-01,8,Guinea,Female,18-24,Bachelor,Employed,Integration program
2414,2022-01-01,3,Brazil,Male,25-34,Bachelor,Unemployed,Language training
2447,2022-01-01,2,Guinea,Female,25-34,Lower secondary,Unemployed,Integration program
2499,2022-01-01,3,Georgia,Male,35-44,Master,Employed,Asylum application
2512,2022-01-01,6,Colombia,Male,35-44,Upper secondary,Unemployed,Housing support
2533,2022-01-01,3,Other,Female,25-34,Bachelor,Employed,Asylum application
2552,2022-01-01,8,China,Female,35-44,Bachelor,Employed,Integration program
2567,2022-01-01,1,Senegal,Male,45-54,Lower secondary,Unemployed,Housing support
2652,2022-01-01,4,Turkey,Male,55+,Upper secondary,Employed,Integration program
2656,2022-01-01,1,Brazil,Female,25-34,Master,Employed,Housing support
2711,2022-01-01,6,Other,Female,35-44,Doctorate,Employed,Asylum application
2712,2022-01-01,2,Spain,Male,25-34,Upper secondary,Inactive,Integration program
2791,2022-01-01,7,Georgia,Female,45-54,Master,Unemployed,Asylum application
2827,2022-01-01,5,Ukraine,Male,45-54,Bachelor,Unemployed,Asylum application
2921,2022-01-01,1,Senegal,Male,25-34,Doctorate,Employed,Language training
2957,2022-01-01,3,Algeria,Male,35-44,Upper secondary,Employed,Asylum application
3034,2022-01-01,4,Other,Male,45-54,Upper secondary,Employed,Integration program
3114,2022-01-01,1,Senegal,Female,35-44,Bachelor,Unemployed,Language training
3126,2022-01-01,2,Côte d'Ivoire,Female,55+,Upper secondary,Unemployed,Employment support
3137,2022-01-01,1,Georgia,Female,35-44,Master,Employed,Language training
3225,2022-01-01,5,Algeria,Male,18-24,Lower secondary,Unemployed,Language training
3250,2022-01-01,1,Bangladesh,Male,45-54,Bachelor,Employed,Asylum application
3300,2022-01-01,6,Ukraine,Female,18-24,Lower secondary,Unemployed,Asylum application
3301,2022-01-01,5,Syria,Male,45-54,Doctorate,Employed,Housing support
3396,2022-01-01,4,Georgia,Female,35-44,Master,Inactive,Housing support
3424,2022-01-01,6,Afghanistan,Male,25-34,Upper secondary,Employed,Asylum application
3497,2022-01-01,1,Syria,Female,18-24,Bachelor,Unemployed,Asylum application
3540,2022-01-01,6,Portugal,Female,18-24,Upper secondary,Inactive,Integration program
3550,2022-01-01,8,China,Male,25-34,Master,Employed,Housing support
3585,2022-01-01,4,Spain,Female,45-54,Master,Unemployed,Employment support
3749,2022-01-01,4,Italy,Male,45-54,Upper secondary,Employed,Integration program
3831,2022-01-01,2,Georgia,Male,45-54,Bachelor,Unemployed,Housing support
3843,2022-01-01,4,Other,Female,25-34,Bachelor,Employed,Housing support
3936,2022-01-01,4,Côte d'Ivoire,Female,25-34,Upper secondary,Employed,Asylum application
4031,2022-01-01,7,Colombia,Female,35-44,Bachelor,Unemployed,Employment support
4039,2022-01-01,1,Senegal,Female,35-44,Upper secondary,Employed,Integration program
4048,2022-01-01,2,Guinea,Male,25-34,Upper secondary,Employed,Employment support
4081,2022-01-01,2,Ukraine,Female,35-44,Upper secondary,Employed,Integration program
4126,2022-01-01,1,Morocco,Female,25-34,Upper secondary,Inactive,Employment support
4128,2022-01-01,4,Afghanistan,Male,55+,Bachelor,Employed,Employment support
4187,2022-01-01,1,Nigeria,Female,35-44,Lower secondary,Inactive,Asylum application
4188,2022-01-01,5,Afghanistan,Female,25-34,Lower secondary,Unemployed,Integration program
4189,2022-01-01,9,China,Male,25-34,Lower secondary,Unemployed,Language training
4220,2022-01-01,1,Turkey,Female,35-44,Bachelor,Employed,Language training
4274,2022-01-01,3,Spain,Male,25-34,Master,Employed,Language training
4284,2022-01-01,1,Brazil,Male,55+,Lower secondary,Unemployed,Housing support
4327,2022-01-01,2,Syria,Male,25-34,Lower secondary,Unemployed,Housing support
4387,2022-01-01,5,Syria,Female,35-44,Upper secondary,Employed,Integration program
4407,2022-01-01,7,India,Male,45-54,Master,Employed,Integration program
4510,2022-01-01,3,Turkey,Female,45-54,Upper secondary,Employed,Employment support
4546,2022-01-01,6,Morocco,Male,45-54,Upper secondary,Employed,Employment support
4561,2022-01-01,2,Syria,Male,25-34,Doctorate,Employed,Integration program
4722,2022-01-01,7,Côte d'Ivoire,Male,25-34,Bachelor,Employed,Language training
4794,2022-01-01,1,Colombia,Male,55+,Doctorate,Employed,Housing support
4811,2022-01-01,1,Guinea,Female,25-34,Bachelor,Unemployed,Asylum application
4822,2022-01-01,3,Algeria,Male,18-24,Upper secondary,Unemployed,Employment support
4887,2022-01-01,2,Nigeria,Female,35-44,Lower secondary,Inactive,Asylum application
4955,2022-01-01,2,Spain,Female,55+,Upper secondary,Unemployed,Asylum application
4987,2022-01-01,4,Other,Male,18-24,Bachelor,Employed,Integration program
5007,2022-01-01,9,Tunisia,Male,45-54,Master,Unemployed,Integration program
5024,2022-01-01,3,India,Male,45-54,Bachelor,Unemployed,Integration program
5056,2022-01-01,1,Portugal,Female,45-54,Upper secondary,Employed,Housing support
5121,2022-01-01,8,Afghanistan,Female,55+,Bachelor,Employed,Housing support
5206,2022-01-01,1,Afghanistan,Female,25-34,Lower secondary,Unemployed,Language training
5239,2022-01-01,2,India,Male,45-54,Upper secondary,Employed,Integration program
5245,2022-01-01,3,Colombia,Male,45-54,Bachelor,Unemployed,Employment support
5285,2022-01-01,1,Turkey,Male,45-54,Upper secondary,Inactive,Employment support
5325,2022-01-01,7,China,Female,25-34,Lower secondary,Employed,Language training
5344,2022-01-01,5,Côte d'Ivoire,Male,25-34,Bachelor,Employed,Asylum application
5348,2022-01-01,1,Syria,Male,18-24,Master,Employed,Asylum application
5425,2022-01-01,3,Turkey,Female,18-24,Doctorate,Unemployed,Housing support
5440,2022-01-01,1,Senegal,Male,45-54,Upper secondary,Inactive,Asylum application
5445,2022-01-01,2,Italy,Male,25-34,Doctorate,Inactive,Employment support
5535,2022-01-01,6,Morocco,Male,18-24,Master,Employed,Integration program
5736,2022-01-01,6,Morocco,Male,55+,Doctorate,Unemployed,Asylum application
5800,2022-01-01,10,Syria,Male,25-34,Upper secondary,Unemployed,Housing support
5822,2022-01-01,5,Ukraine,Male,25-34,Master,Employed,Asylum application
5844,2022-01-01,7,Nigeria,Female,35-44,Bachelor,Employed,Employment support
5973,2022-01-01,10,Nigeria,Male,55+,Bachelor,Employed,Integration program
111,2022-02-01,1,Morocco,Male,18-24,Bachelor,Employed,Employment support
147,2022-02-01,1,Other,Male,45-54,Upper secondary,Employed,Integration program
352,2022-02-01,4,Spain,Female,55+,Upper secondary,Unemployed,Integration program
353,2022-02-01,5,Côte d'Ivoire,Male,45-54,Bachelor,Employed,Language training
354,2022-02-01,5,Morocco,Female,25-34,Bachelor,Employed,Integration program
359,2022-02-01,1,Tunisia,Female,35-44,Bachelor,Unemployed,Language training
394,2022-02-01,1,China,Male,25-34,Bachelor,Employed,Asylum application
420,2022-02-01,9,China,Female,35-44,Master,Employed,Language training
465,2022-02-01,1,Côte d'Ivoire,Male,35-44,Bachelor,Unemployed,Employment support
480,2022-02-01,1,Italy,Male,25-34,Upper secondary,Employed,Asylum application
578,2022-02-01,6,Georgia,Female,45-54,Bachelor,Unemployed,Housing support
634,2022-02-01,5,India,Female,35-44,Upper secondary,Employed,Asylum application
665,2022-02-01,1,Italy,Female,25-34,Upper secondary,Employed,Asylum application
683,2022-02-01,3,Portugal,Male,35-44,Lower secondary,Employed,Integration program
738,2022-02-01,1,Bangladesh,Male,35-44,Upper secondary,Unemployed,Language training
750,2022-02-01,4,Other,Female,35-44,Master,Employed,Language training
785,2022-02-01,7,Bangladesh,Female,35-44,Doctorate,Employed,Housing support
844,2022-02-01,5,China,Female,25-34,Upper secondary,Employed,Language training
863,2022-02-01,2,India,Female,18-24,Master,Employed,Asylum application
877,2022-02-01,6,Algeria,Male,18-24,Upper secondary,Unemployed,Employment support
891,2022-02-01,1,Afghanistan,Male,35-44,Upper secondary,Unemployed,Language training
955,2022-02-01,1,Turkey,Female,35-44,Doctorate,Unemployed,Employment support
993,2022-02-01,5,Georgia,Male,55+,Master,Employed,Housing support
1011,2022-02-01,3,Georgia,Male,18-24,Bachelor,Employed,Employment support
1035,2022-02-01,3,Brazil,Male,25-34,Upper secondary,Employed,Employment support
1060,2022-02-01,7,Other,Male,25-34,Bachelor,Employed,Employment support
1061,2022-02-01,2,Bangladesh,Male,25-34,Doctorate,Employed,Employment support
1079,2022-02-01,10,Bangladesh,Male,18-24,Bachelor,Inactive,Integration program
1268,2022-02-01,1,Other,Male,35-44,Doctorate,Employed,Housing support
1299,2022-02-01,1,Senegal,Female,55+,Bachelor,Employed,Language training
1352,2022-02-01,4,Portugal,Male,25-34,Master,Inactive,Employment support
1426,2022-02-01,8,Georgia,Female,25-34,Upper secondary,Employed,Employment support
1484,2022-02-01,7,India,Female,45-54,Upper secondary,Employed,Asylum application
1508,2022-02-01,7,Tunisia,Male,45-54,Bachelor,Unemployed,Housing support
1577,2022-02-01,3,Tunisia,Male,55+,Master,Employed,Housing support
1601,2022-02-01,7,Algeria,Female,55+,Master,Employed,Integration program
1627,2022-02-01,3,Bangladesh,Male,55+,Upper secondary,Unemployed,Housing support
1673,2022-02-01,1,Brazil,Female,55+,Master,Employed,Language training
1737,2022-02-01,1,Afghanistan,Female,45-54,Master,Employed,Employment support
1763,2022-02-01,7,Algeria,Female,25-34,Upper secondary,Employed,Housing support
1838,2022-02-01,1,Guinea,Male,35-44,Upper secondary,Employed,Employment support
1869,2022-02-01,5,Other,Male,35-44,Bachelor,Employed,Integration program
1908,2022-02-01,3,Nigeria,Male,45-54,Lower secondary,Unemployed,Language training
1913,2022-02-01,1,Turkey,Male,25-34,Master,Unemployed,Asylum application
1966,2022-02-01,4,Côte d'Ivoire,Female,45-54,Lower secondary,Unemployed,Employment support
1973,2022-02-01,5,Côte d'Ivoire,Male,35-44,Master,Employed,Housing support
2069,2022-02-01,1,Spain,Female,18-24,Upper secondary,Unemployed,Asylum application
2095,2022-02-01,1,Nigeria,Female,18-24,Master,Employed,Integration program
2107,2022-02-01,1,Brazil,Female,25-34,Bachelor,Unemployed,Integration program
2198,2022-02-01,1,Georgia,Male,25-34,Bachelor,Employed,Housing support
2223,2022-02-01,1,Ukraine,Female,25-34,Upper secondary,Unemployed,Housing support
2381,2022-02-01,5,Nigeria,Female,35-44,Master,Employed,Asylum application
2444,2022-02-01,2,Turkey,Female,25-34,Bachelor,Employed,Housing support
2472,2022-02-01,1,Turkey,Female,45-54,Master,Employed,Integration program
2494,2022-02-01,10,Syria,Female,45-54,Master,Unemployed,Housing support
2503,2022-02-01,1,India,Male,25-34,Doctorate,Employed,Employment support
2540,2022-02-01,6,Colombia,Male,25-34,Bachelor,Unemployed,Asylum application
2554,2022-02-01,3,Senegal,Female,35-44,Doctorate,Unemployed,Integration program
2569,2022-02-01,1,Syria,Female,35-44,Bachelor,Employed,Asylum application
2582,2022-02-01,1,Morocco,Male,25-34,Master,Employed,Employment support
2653,2022-02-01,8,Afghanistan,Female,55+,Master,Employed,Language training
2704,2022-02-01,2,China,Male,25-34,Master,Employed,Housing support
2762,2022-02-01,2,Guinea,Female,18-24,Master,Employed,Asylum application
2770,2022-02-01,9,Italy,Female,18-24,Doctorate,Employed,Asylum application
2795,2022-02-01,2,Turkey,Male,35-44,Master,Employed,Asylum application
2817,2022-02-01,6,Côte d'Ivoire,Female,45-54,Upper secondary,Unemployed,Language training
2825,2022-02-01,9,Syria,Female,45-54,Doctorate,Employed,Housing support
2833,2022-02-01,1,Colombia,Female,18-24,Bachelor,Unemployed,Housing support
2868,2022-02-01,1,Other,Female,25-34,Bachelor,Employed,Language training
2882,2022-02-01,1,Nigeria,Female,55+,Lower secondary,Inactive,Asylum application
3046,2022-02-01,1,Algeria,Male,18-24,Doctorate,Unemployed,Asylum application
3082,2022-02-01,8,Tunisia,Female,25-34,Lower secondary,Unemployed,Language training
3120,2022-02-01,7,Georgia,Male,45-54,Upper secondary,Employed,Language training
3182,2022-02-01,4,Bangladesh,Female,18-24,Upper secondary,Inactive,Employment support
3290,2022-02-01,1,Afghanistan,Female,18-24,Upper secondary,Employed,Employment support
3458,2022-02-01,5,Nigeria,Female,25-34,Master,Employed,Employment support
3463,2022-02-01,3,Nigeria,Female,25-34,Lower secondary,Unemployed,Housing support
3502,2022-02-01,4,Spain,Female,35-44,Bachelor,Unemployed,Employment support
3505,2022-02-01,2,Turkey,Male,35-44,Bachelor,Employed,Employment support
3527,2022-02-01,1,Tunisia,Female,35-44,Lower secondary,Unemployed,Employment support
3619,2022-02-01,1,Turkey,Male,35-44,Upper secondary,Employed,Employment support
3687,2022-02-01,7,Morocco,Male,45-54,Upper secondary,Inactive,Language training
3766,2022-02-01,1,Italy,Male,35-44,Master,Employed,Employment support
3834,2022-02-01,1,Algeria,Female,35-44,Bachelor,Employed,Integration program
3850,2022-02-01,1,Spain,Female,18-24,Upper secondary,Unemployed,Housing support
3877,2022-02-01,1,Guinea,Female,45-54,Lower secondary,Unemployed,Language training
3897,2022-02-01,1,Tunisia,Female,35-44,Upper secondary,Employed,Language training
3918,2022-02-01,1,Algeria,Male,25-34,Bachelor,Employed,Employment support
3923,2022-02-01,5,Guinea,Male,35-44,Upper secondary,Employed,Asylum application
3925,2022-02-01,8,Portugal,Male,18-24,Upper secondary,Unemployed,Asylum application
3959,2022-02-01,5,Côte d'Ivoire,Male,25-34,Lower secondary,Employed,Asylum application
3999,2022-02-01,1,Bangladesh,Male,25-34,Upper secondary,Unemployed,Language training
4006,2022-02-01,4,Spain,Male,25-34,Upper secondary,Unemployed,Language training
4007,2022-02-01,1,Turkey,Female,25-34,Bachelor,Unemployed,Asylum application
4030,2022-02-01,1,Guinea,Female,35-44,Master,Employed,Asylum application
4112,2022-02-01,2,Portugal,Male,25-34,Master,Employed,Housing support
4167,2022-02-01,6,Afghanistan,Male,55+,Lower secondary,Unemployed,Housing support
4199,2022-02-01,1,China,Male,35-44,Upper secondary,Employed,Asylum application
4211,2022-02-01,1,Brazil,Female,18-24,Bachelor,Unemployed,Asylum application
4258,2022-02-01,1,Brazil,Female,25-34,Bachelor,Employed,Housing support
4271,2022-02-01,10,Nigeria,Female,35-44,Doctorate,Unemployed,Asylum application
4325,2022-02-01,7,Spain,Male,25-34,Upper secondary,Employed,Language training
4334,2022-02-01,3,Turkey,Female,18-24,Bachelor,Inactive,Integration program
4426,2022-02-01,1,Italy,Male,35-44,Upper secondary,Employed,Language training
4442,2022-02-01,1,Tunisia,Male,25-34,Upper secondary,Unemployed,Employment support
4521,2022-02-01,1,China,Female,55+,Lower secondary,Inactive,Asylum application
4622,2022-02-01,6,Syria,Male,25-34,Doctorate,Employed,Language training
4637,2022-02-01,4,Senegal,Female,55+,Upper secondary,Unemployed,Housing support
4755,2022-02-01,6,Algeria,Male,35-44,Master,Employed,Integration program
4776,2022-02-01,5,Turkey,Male,25-34,Lower secondary,Unemployed,Housing support
4806,2022-02-01,1,Côte d'Ivoire,Male,35-44,Bachelor,Unemployed,Employment support
4860,2022-02-01,5,Turkey,Female,35-44,Upper secondary,Unemployed,Asylum application
4880,2022-02-01,7,Spain,Male,45-54,Upper secondary,Unemployed,Employment support
4943,2022-02-01,2,Nigeria,Male,35-44,Bachelor,Employed,Asylum application
4971,2022-02-01,2,Syria,Male,35-44,Bachelor,Unemployed,Housing support
5061,2022-02-01,3,Colombia,Male,25-34,Upper secondary,Unemployed,Language training
5080,2022-02-01,1,Italy,Female,45-54,Bachelor,Employed,Language training
5083,2022-02-01,3,Georgia,Male,25-34,Upper secondary,Employed,Housing support
5127,2022-02-01,4,China,Male,25-34,Upper secondary,Employed,Asylum application
5152,2022-02-01,1,Other,Female,25-34,Lower secondary,Employed,Integration program
5180,2022-02-01,5,Italy,Female,35-44,Bachelor,Employed,Integration program
5252,2022-02-01,1,Algeria,Male,45-54,Lower secondary,Inactive,Employment support
5259,2022-02-01,10,Syria,Female,35-44,Upper secondary,Employed,Integration program
5300,2022-02-01,1,Nigeria,Male,35-44,Lower secondary,Employed,Integration program
5448,2022-02-01,6,China,Male,25-34,Upper secondary,Employed,Integration program
5497,2022-02-01,8,Brazil,Female,18-24,Doctorate,Inactive,Employment support
5506,2022-02-01,8,Guinea,Female,25-34,Upper secondary,Unemployed,Asylum application
5681,2022-02-01,9,Guinea,Female,25-34,Master,Unemployed,Asylum application
5714,2022-02-01,7,Brazil,Female,25-34,Bachelor,Employed,Asylum application
5749,2022-02-01,1,India,Male,25-34,Doctorate,Employed,Housing support
5768,2022-02-01,4,Afghanistan,Female,45-54,Bachelor,Employed,Language training
5781,2022-02-01,2,Afghanistan,Male,18-24,Doctorate,Employed,Asylum application
5836,2022-02-01,1,Ukraine,Female,45-54,Lower secondary,Unemployed,Integration program
5855,2022-02-01,1,China,Female,25-34,Lower secondary,Unemployed,Integration program
5917,2022-02-01,1,Guinea,Female,45-54,Master,Employed,Employment support
25,2022-03-01,4,Bangladesh,Female,45-54,Master,Employed,Integration program
28,2022-03-01,4,Senegal,Male,18-24,Lower secondary,Unemployed,Language training
201,2022-03-01,1,Senegal,Male,35-44,Master,Inactive,Language training
232,2022-03-01,1,Italy,Male,35-44,Upper secondary,Inactive,Asylum application
267,2022-03-01,7,China,Female,18-24,Upper secondary,Unemployed,Housing support
306,2022-03-01,1,India,Female,18-24,Bachelor,Employed,Housing support
369,2022-03-01,3,Tunisia,Male,35-44,Upper secondary,Inactive,Housing support
377,2022-03-01,10,Georgia,Male,25-34,Doctorate,Employed,Language training
418,2022-03-01,7,Syria,Female,25-34,Master,Employed,Housing support
421,2022-03-01,10,Morocco,Female,25-34,Bachelor,Employed,Asylum application
454,2022-03-01,4,Afghanistan,Male,25-34,Upper secondary,Unemployed,Employment support
484,2022-03-01,1,Afghanistan,Male,45-54,Upper secondary,Unemployed,Housing support
493,2022-03-01,9,Afghanistan,Male,45-54,Bachelor,Employed,Housing support
630,2022-03-01,1,Other,Male,35-44,Master,Employed,Housing support
641,2022-03-01,7,Other,Male,18-24,Master,Employed,Asylum application
681,2022-03-01,2,Spain,Female,35-44,Lower secondary,Inactive,Asylum application
701,2022-03-01,1,Other,Male,25-34,Upper secondary,Inactive,Housing support
726,2022-03-01,1,Colombia,Male,25-34,Lower secondary,Employed,Integration program
805,2022-03-01,1,China,Male,45-54,Lower secondary,Inactive,Asylum application
808,2022-03-01,4,Senegal,Male,55+,Upper secondary,Unemployed,Integration program
881,2022-03-01,6,India,Female,18-24,Upper secondary,Employed,Asylum application
892,2022-03-01,7,Brazil,Female,25-34,Doctorate,Unemployed,Housing support
979,2022-03-01,1,China,Male,45-54,Bachelor,Employed,Employment support
1089,2022-03-01,1,Italy,Male,25-34,Bachelor,Unemployed,Employment support
1174,2022-03-01,1,Afghanistan,Female,35-44,Master,Employed,Integration program
1176,2022-03-01,1,China,Female,18-24,Master,Employed,Language training
1212,2022-03-01,7,Algeria,Male,45-54,Master,Employed,Housing support
1265,2022-03-01,5,Ukraine,Male,35-44,Bachelor,Employed,Housing support
1277,2022-03-01,2,Spain,Male,25-34,Upper secondary,Inactive,Integration program
1339,2022-03-01,1,Guinea,Male,25-34,Master,Employed,Asylum application
1380,2022-03-01,5,China,Male,25-34,Upper secondary,Unemployed,Employment support
1461,2022-03-01,5,Georgia,Female,35-44,Master,Employed,Employment support
1480,2022-03-01,4,Nigeria,Male,55+,Bachelor,Unemployed,Asylum application
1568,2022-03-01,1,Côte d'Ivoire,Female,35-44,Lower secondary,Employed,Integration program
1604,2022-03-01,5,Côte d'Ivoire,Female,35-44,Master,Employed,Employment support
1645,2022-03-01,4,Morocco,Male,35-44,Upper secondary,Employed,Employment support
1678,2022-03-01,3,Spain,Male,55+,Upper secondary,Employed,Integration program
1754,2022-03-01,3,Italy,Male,45-54,Master,Employed,Language training
1814,2022-03-01,5,Brazil,Male,25-34,Upper secondary,Unemployed,Language training
1827,2022-03-01,4,Côte d'Ivoire,Female,45-54,Bachelor,Employed,Employment support
1855,2022-03-01,3,Turkey,Female,25-34,Master,Employed,Integration program
1923,2022-03-01,7,Turkey,Male,45-54,Bachelor,Employed,Housing support
1925,2022-03-01,4,Other,Male,45-54,Upper secondary,Unemployed,Integration program
2145,2022-03-01,7,Turkey,Male,35-44,Upper secondary,Unemployed,Integration program
2186,2022-03-01,2,Spain,Male,55+,Upper secondary,Employed,Housing support
2195,2022-03-01,2,Syria,Male,55+,Bachelor,Unemployed,Integration program
2202,2022-03-01,5,India,Male,55+,Doctorate,Inactive,Employment support
2278,2022-03-01,6,Portugal,Male,45-54,Upper secondary,Employed,Language training
2287,2022-03-01,1,Morocco,Female,25-34,Master,Employed,Integration program
2365,2022-03-01,6,Other,Female,35-44,Bachelor,Employed,Language training
2431,2022-03-01,7,Guinea,Male,18-24,Master,Employed,Integration program
2454,2022-03-01,7,Colombia,Male,55+,Master,Employed,Employment support
2463,2022-03-01,2,Bangladesh,Female,35-44,Lower secondary,Inactive,Integration program
2485,2022-03-01,3,Georgia,Male,45-54,Master,Employed,Employment support
2542,2022-03-01,2,Côte d'Ivoire,Female,18-24,Upper secondary,Inactive,Asylum application
2588,2022-03-01,5,Bangladesh,Female,25-34,Upper secondary,Employed,Integration program
2629,2022-03-01,2,Colombia,Male,25-34,Upper secondary,Unemployed,Employment support
2661,2022-03-01,10,Spain,Male,25-34,Master,Employed,Integration program
2696,2022-03-01,4,Spain,Male,35-44,Upper secondary,Unemployed,Language training
2716,2022-03-01,1,Algeria,Male,18-24,Upper secondary,Employed,Language training
2753,2022-03-01,9,Côte d'Ivoire,Female,45-54,Master,Employed,Employment support
2849,2022-03-01,3,Nigeria,Female,45-54,Master,Employed,Language training
2904,2022-03-01,8,Turkey,Female,25-34,Doctorate,Employed,Housing support
2994,2022-03-01,4,Senegal,Male,25-34,Bachelor,Employed,Employment support
2995,2022-03-01,9,Afghanistan,Female,25-34,Bachelor,Unemployed,Integration program
3011,2022-03-01,10,Bangladesh,Male,25-34,Upper secondary,Employed,Employment support
3078,2022-03-01,1,Spain,Male,35-44,Bachelor,Unemployed,Integration program
3104,2022-03-01,3,Tunisia,Female,35-44,Master,Employed,Employment support
3122,2022-03-01,1,India,Male,55+,Upper secondary,Inactive,Housing support
3158,2022-03-01,1,India,Female,18-24,Lower secondary,Unemployed,Integration program
3161,2022-03-01,2,Other,Male,25-34,Doctorate,Employed,Employment support
3251,2022-03-01,4,Other,Male,25-34,Doctorate,Employed,Employment support
3252,2022-03-01,6,Afghanistan,Female,25-34,Bachelor,Employed,Language training
3285,2022-03-01,1,Portugal,Male,35-44,Upper secondary,Employed,Integration program
3340,2022-03-01,4,Portugal,Male,25-34,Bachelor,Employed,Language training
3491,2022-03-01,5,India,Female,25-34,Bachelor,Unemployed,Employment support
3517,2022-03-01,10,Senegal,Male,45-54,Bachelor,Employed,Asylum application
3646,2022-03-01,9,Other,Male,35-44,Master,Employed,Employment support
3722,2022-03-01,1,Turkey,Female,55+,Bachelor,Employed,Asylum application
3798,2022-03-01,5,Italy,Male,25-34,Master,Employed,Asylum application
3822,2022-03-01,1,Morocco,Male,55+,Bachelor,Employed,Employment support
3838,2022-03-01,7,Georgia,Female,35-44,Lower secondary,Unemployed,Language training
3890,2022-03-01,1,Guinea,Female,55+,Upper secondary,Employed,Language training
3896,2022-03-01,5,Spain,Male,45-54,Bachelor,Unemployed,Employment support
3984,2022-03-01,4,Italy,Male,35-44,Upper secondary,Employed,Language training
4124,2022-03-01,8,Afghanistan,Female,18-24,Upper secondary,Employed,Language training
4140,2022-03-01,7,Italy,Female,18-24,Master,Unemployed,Language training
4158,2022-03-01,1,Turkey,Male,45-54,Lower secondary,Unemployed,Employment support
4192,2022-03-01,1,Afghanistan,Male,18-24,Bachelor,Employed,Integration program
4231,2022-03-01,8,Brazil,Female,35-44,Doctorate,Employed,Housing support
4253,2022-03-01,8,Afghanistan,Female,55+,Upper secondary,Inactive,Asylum application
4276,2022-03-01,6,Brazil,Female,25-34,Lower secondary,Employed,Integration program
4298,2022-03-01,1,Spain,Male,25-34,Bachelor,Unemployed,Employment support
4324,2022-03-01,1,Georgia,Male,35-44,Lower secondary,Unemployed,Language training
4379,2022-03-01,3,Colombia,Female,35-44,Master,Employed,Integration program
4395,2022-03-01,3,Other,Male,35-44,Upper secondary,Employed,Language training
4431,2022-03-01,2,Afghanistan,Male,18-24,Upper secondary,Unemployed,Language training
4479,2022-03-01,1,Colombia,Male,25-34,Master,Employed,Housing support
4492,2022-03-01,5,Tunisia,Female,25-34,Master,Employed,Asylum application
4562,2022-03-01,1,Afghanistan,Male,35-44,Upper secondary,Employed,Asylum application
4568,2022-03-01,2,Senegal,Female,45-54,Lower secondary,Inactive,Housing support
4680,2022-03-01,2,Tunisia,Male,25-34,Master,Employed,Language training
4708,2022-03-01,1,Brazil,Female,35-44,Upper secondary,Employed,Asylum application
4709,2022-03-01,2,Other,Male,35-44,Upper secondary,Inactive,Employment support
4736,2022-03-01,8,Morocco,Male,25-34,Master,Inactive,Asylum application
4783,2022-03-01,1,Syria,Male,25-34,Master,Employed,Integration program
4807,2022-03-01,7,Nigeria,Male,25-34,Upper secondary,Unemployed,Language training
4835,2022-03-01,5,Algeria,Male,25-34,Upper secondary,Unemployed,Housing support
4839,2022-03-01,3,Colombia,Female,18-24,Lower secondary,Inactive,Housing support
4857,2022-03-01,4,Colombia,Female,35-44,Bachelor,Employed,Language training
4867,2022-03-01,4,Italy,Male,18-24,Upper secondary,Employed,Housing support
4940,2022-03-01,2,Turkey,Male,55+,Upper secondary,Employed,Employment support
5082,2022-03-01,5,Syria,Female,35-44,Bachelor,Employed,Housing support
5114,2022-03-01,6,Brazil,Male,25-34,Doctorate,Employed,Asylum application
5178,2022-03-01,2,Bangladesh,Male,35-44,Lower secondary,Unemployed,Housing support
5373,2022-03-01,6,Colombia,Male,18-24,Lower secondary,Unemployed,Employment support
5618,2022-03-01,10,Turkey,Female,25-34,Master,Employed,Language training
5786,2022-03-01,6,Senegal,Male,18-24,Master,Employed,Housing support
5812,2022-03-01,4,Algeria,Male,25-34,Lower secondary,Inactive,Housing support
5900,2022-03-01,7,Other,Female,55+,Lower secondary,Unemployed,Language training
5908,2022-03-01,1,Georgia,Male,45-54,Bachelor,Employed,Integration program
27,2022-04-01,6,Guinea,Male,25-34,Bachelor,Unemployed,Asylum application
30,2022-04-01,6,Nigeria,Male,25-34,Bachelor,Employed,Housing support
114,2022-04-01,5,Algeria,Male,55+,Bachelor,Employed,Housing support
169,2022-04-01,6,Spain,Male,25-34,Upper secondary,Employed,Language training
199,2022-04-01,5,Bangladesh,Female,25-34,Upper secondary,Unemployed,Employment support
259,2022-04-01,1,Italy,Male,35-44,Lower secondary,Employed,Asylum application
288,2022-04-01,4,China,Male,55+,Upper secondary,Unemployed,Employment support
313,2022-04-01,8,Georgia,Male,55+,Upper secondary,Employed,Language training
396,2022-04-01,1,Bangladesh,Female,45-54,Bachelor,Employed,Asylum application
462,2022-04-01,7,Morocco,Male,45-54,Lower secondary,Employed,Asylum application
499,2022-04-01,6,China,Male,25-34,Upper secondary,Employed,Language training
511,2022-04-01,10,China,Male,45-54,Lower secondary,Employed,Housing support
542,2022-04-01,2,Italy,Female,25-34,Bachelor,Employed,Housing support
659,2022-04-01,5,Georgia,Female,45-54,Bachelor,Unemployed,Employment support
661,2022-04-01,3,Spain,Male,25-34,Upper secondary,Unemployed,Employment support
662,2022-04-01,10,Portugal,Female,45-54,Master,Employed,Integration program
764,2022-04-01,1,Brazil,Female,35-44,Lower secondary,Unemployed,Asylum application
767,2022-04-01,2,India,Male,45-54,Upper secondary,Employed,Asylum application
781,2022-04-01,4,Tunisia,Female,25-34,Upper secondary,Employed,Employment support
896,2022-04-01,7,Ukraine,Female,18-24,Master,Employed,Housing support
921,2022-04-01,1,China,Female,45-54,Lower secondary,Unemployed,Integration program
927,2022-04-01,2,Ukraine,Male,25-34,Upper secondary,Unemployed,Integration program
991,2022-04-01,1,Spain,Female,18-24,Bachelor,Employed,Integration program
1025,2022-04-01,5,Ukraine,Female,18-24,Bachelor,Employed,Employment support
1057,2022-04-01,9,Algeria,Female,45-54,Master,Employed,Asylum application
1069,2022-04-01,1,India,Female,25-34,Lower secondary,Employed,Employment support
1072,2022-04-01,1,Italy,Male,25-34,Bachelor,Employed,Integration program
1190,2022-04-01,5,Colombia,Male,35-44,Bachelor,Unemployed,Language training
1192,2022-04-01,1,Turkey,Female,25-34,Upper secondary,Inactive,Asylum application
1284,2022-04-01,5,Syria,Female,25-34,Bachelor,Employed,Asylum application
1316,2022-04-01,1,Ukraine,Female,25-34,Bachelor,Employed,Asylum application
1327,2022-04-01,8,Senegal,Male,55+,Upper secondary,Unemployed,Housing support
1345,2022-04-01,1,Nigeria,Female,25-34,Doctorate,Employed,Language training
1353,2022-04-01,2,Nigeria,Female,55+,Upper secondary,Unemployed,Employment support
1374,2022-04-01,2,Syria,Female,45-54,Master,Employed,Housing support
1535,2022-04-01,7,Turkey,Female,25-34,Lower secondary,Unemployed,Housing support
1581,2022-04-01,1,Côte d'Ivoire,Female,25-34,Master,Employed,Integration program
1647,2022-04-01,6,Algeria,Female,18-24,Upper secondary,Unemployed,Language training
1669,2022-04-01,3,Colombia,Male,35-44,Lower secondary,Unemployed,Housing support
1674,2022-04-01,6,Other,Male,25-34,Lower secondary,Employed,Asylum application
1687,2022-04-01,3,China,Male,35-44,Bachelor,Employed,Integration program
1689,2022-04-01,1,Brazil,Male,25-34,Bachelor,Employed,Asylum application
1750,2022-04-01,1,China,Female,45-54,Upper secondary,Inactive,Employment support
1756,2022-04-01,4,Brazil,Male,55+,Bachelor,Unemployed,Asylum application
1782,2022-04-01,1,China,Male,25-34,Master,Unemployed,Employment support
1822,2022-04-01,5,Portugal,Female,35-44,Bachelor,Unemployed,Housing support
1844,2022-04-01,6,Syria,Male,35-44,Doctorate,Employed,Integration program
1863,2022-04-01,8,Senegal,Female,18-24,Doctorate,Employed,Housing support
1911,2022-04-01,4,Italy,Female,55+,Lower secondary,Inactive,Integration program
1974,2022-04-01,1,Côte d'Ivoire,Female,18-24,Upper secondary,Unemployed,Language training
2158,2022-04-01,3,Georgia,Female,25-34,Upper secondary,Unemployed,Integration program
2191,2022-04-01,3,Italy,Male,35-44,Lower secondary,Employed,Asylum application
2201,2022-04-01,3,Bangladesh,Male,18-24,Lower secondary,Unemployed,Employment support
2207,2022-04-01,3,Algeria,Female,25-34,Bachelor,Unemployed,Asylum application
2210,2022-04-01,7,Afghanistan,Female,55+,Lower secondary,Employed,Housing support
2232,2022-04-01,6,Tunisia,Female,25-34,Bachelor,Employed,Language training
2353,2022-04-01,1,Other,Male,45-54,Upper secondary,Inactive,Employment support
2544,2022-04-01,7,Côte d'Ivoire,Male,55+,Upper secondary,Unemployed,Integration program
2659,2022-04-01,3,Côte d'Ivoire,Male,35-44,Lower secondary,Employed,Language training
2765,2022-04-01,1,Ukraine,Female,25-34,Lower secondary,Employed,Asylum application
2797,2022-04-01,4,Afghanistan,Male,35-44,Bachelor,Employed,Language training
2803,2022-04-01,5,Other,Female,18-24,Lower secondary,Unemployed,Housing support
2895,2022-04-01,5,Syria,Male,25-34,Doctorate,Employed,Language training
2919,2022-04-01,1,Turkey,Male,45-54,Lower secondary,Unemployed,Integration program
2928,2022-04-01,8,Côte d'Ivoire,Female,55+,Bachelor,Unemployed,Language training
2948,2022-04-01,6,Afghanistan,Male,45-54,Master,Employed,Employment support
2964,2022-04-01,7,Syria,Male,35-44,Bachelor,Unemployed,Employment support
3004,2022-04-01,1,Nigeria,Female,18-24,Master,Unemployed,Housing support
3067,2022-04-01,4,Bangladesh,Male,25-34,Upper secondary,Unemployed,Housing support
3100,2022-04-01,9,Other,Female,55+,Upper secondary,Employed,Language training
3210,2022-04-01,1,Turkey,Male,45-54,Lower secondary,Inactive,Integration program
3253,2022-04-01,4,Afghanistan,Female,35-44,Upper secondary,Inactive,Integration program
3372,2022-04-01,1,Morocco,Female,18-24,Lower secondary,Employed,Employment support
3398,2022-04-01,1,Tunisia,Male,45-54,Lower secondary,Employed,Language training
3408,2022-04-01,1,Côte d'Ivoire,Female,18-24,Upper secondary,Employed,Housing support
3544,2022-04-01,3,Colombia,Male,35-44,Upper secondary,Inactive,Housing support
3565,2022-04-01,5,Côte d'Ivoire,Male,35-44,Doctorate,Employed,Housing support
3570,2022-04-01,6,Italy,Male,35-44,Upper secondary,Employed,Language training
3581,2022-04-01,5,Bangladesh,Male,35-44,Master,Employed,Employment support
3588,2022-04-01,1,Georgia,Male,35-44,Bachelor,Employed,Language training
3610,2022-04-01,1,Algeria,Female,25-34,Upper secondary,Unemployed,Employment support
3833,2022-04-01,7,Algeria,Female,35-44,Upper secondary,Unemployed,Language training
3842,2022-04-01,1,Morocco,Male,25-34,Bachelor,Employed,Employment support
3865,2022-04-01,2,Syria,Male,18-24,Doctorate,Employed,Integration program
3914,2022-04-01,5,Brazil,Male,25-34,Upper secondary,Inactive,Asylum application
3917,2022-04-01,5,Georgia,Male,35-44,Bachelor,Inactive,Employment support
4015,2022-04-01,1,Algeria,Female,55+,Bachelor,Employed,Housing support
4020,2022-04-01,7,India,Female,45-54,Bachelor,Unemployed,Language training
4108,2022-04-01,10,Other,Female,55+,Bachelor,Inactive,Asylum application
4160,2022-04-01,7,Syria,Female,45-54,Upper secondary,Unemployed,Integration program
4202,2022-04-01,8,Nigeria,Male,45-54,Master,Employed,Asylum application
4236,2022-04-01,7,Tunisia,Female,25-34,Upper secondary,Employed,Asylum application
4290,2022-04-01,7,Côte d'Ivoire,Male,18-24,Bachelor,Employed,Employment support
4345,2022-04-01,3,India,Female,25-34,Master,Employed,Asylum application
4396,2022-04-01,4,Portugal,Male,25-34,Upper secondary,Employed,Employment support
4405,2022-04-01,5,Bangladesh,Male,25-34,Bachelor,Employed,Integration program
4495,2022-04-01,1,Portugal,Male,55+,Upper secondary,Employed,Housing support
4498,2022-04-01,10,Syria,Female,35-44,Bachelor,Unemployed,Asylum application
4534,2022-04-01,6,Italy,Male,35-44,Bachelor,Inactive,Asylum application
4538,2022-04-01,2,Georgia,Male,45-54,Master,Unemployed,Language training
4563,2022-04-01,2,Turkey,Male,45-54,Upper secondary,Employed,Asylum application
4588,2022-04-01,8,Morocco,Female,55+,Master,Unemployed,Asylum application
4590,2022-04-01,1,Other,Female,35-44,Master,Employed,Language training
4591,2022-04-01,8,Senegal,Male,18-24,Upper secondary,Inactive,Housing support
4700,2022-04-01,6,Afghanistan,Female,45-54,Master,Unemployed,Language training
4710,2022-04-01,7,Turkey,Male,35-44,Upper secondary,Unemployed,Integration program
4735,2022-04-01,1,Spain,Male,25-34,Master,Employed,Housing support
4799,2022-04-01,2,Senegal,Female,55+,Master,Employed,Employment support
4877,2022-04-01,10,Brazil,Female,25-34,Upper secondary,Unemployed,Integration program
4906,2022-04-01,4,Côte d'Ivoire,Male,18-24,Bachelor,Employed,Integration program
4921,2022-04-01,4,Bangladesh,Female,35-44,Upper secondary,Employed,Housing support
4930,2022-04-01,5,Bangladesh,Female,25-34,Upper secondary,Employed,Housing support
4966,2022-04-01,8,Syria,Male,25-34,Lower secondary,Unemployed,Asylum application
5003,2022-04-01,1,Morocco,Female,45-54,Master,Employed,Housing support
5004,2022-04-01,6,Côte d'Ivoire,Male,55+,Upper secondary,Unemployed,Asylum application
5103,2022-04-01,2,Colombia,Male,35-44,Lower secondary,Unemployed,Employment support
5144,2022-04-01,3,India,Female,18-24,Master,Employed,Language training
5185,2022-04-01,1,Spain,Male,18-24,Lower secondary,Unemployed,Asylum application
5218,2022-04-01,7,Syria,Female,25-34,Lower secondary,Unemployed,Asylum application
5254,2022-04-01,4,Syria,Female,25-34,Master,Employed,Asylum application
5292,2022-04-01,1,Other,Male,25-34,Upper secondary,Employed,Asylum application
5299,2022-04-01,1,Nigeria,Male,45-54,Upper secondary,Employed,Language training
5363,2022-04-01,2,Nigeria,Female,45-54,Lower secondary,Employed,Integration program
5370,2022-04-01,1,Portugal,Male,45-54,Upper secondary,Employed,Integration program
5432,2022-04-01,9,Portugal,Female,18-24,Upper secondary,Employed,Language training
5542,2022-04-01,8,Syria,Male,18-24,Bachelor,Employed,Employment support
5551,2022-04-01,3,Morocco,Female,25-34,Upper secondary,Employed,Asylum application
5590,2022-04-01,8,India,Male,25-34,Bachelor,Employed,Integration program
5602,2022-04-01,6,China,Female,18-24,Lower secondary,Employed,Asylum application
5609,2022-04-01,4,Brazil,Female,18-24,Upper secondary,Unemployed,Integration program
5629,2022-04-01,1,Portugal,Male,25-34,Lower secondary,Inactive,Asylum application
5647,2022-04-01,1,Italy,Male,35-44,Bachelor,Employed,Housing support
5670,2022-04-01,2,Georgia,Female,35-44,Master,Employed,Employment support
5687,2022-04-01,5,Italy,Female,25-34,Lower secondary,Employed,Language training
5697,2022-04-01,1,Portugal,Female,45-54,Lower secondary,Employed,Integration program
5720,2022-04-01,7,Italy,Female,55+,Lower secondary,Unemployed,Integration program
5769,2022-04-01,1,Côte d'Ivoire,Female,18-24,Upper secondary,Employed,Housing support
5929,2022-04-01,9,Brazil,Female,35-44,Master,Employed,Employment support
5933,2022-04-01,7,Spain,Male,25-34,Upper secondary,Employed,Housing support
5940,2022-04-01,6,Portugal,Male,45-54,Master,Unemployed,Asylum application
5963,2022-04-01,2,Ukraine,Female,45-54,Bachelor,Employed,Housing support
18,2022-05-01,8,Senegal,Female,45-54,Lower secondary,Unemployed,Asylum application
82,2022-05-01,6,Other,Female,18-24,Upper secondary,Unemployed,Employment support
94,2022-05-01,6,Portugal,Female,35-44,Upper secondary,Employed,Asylum application
195,2022-05-01,1,Senegal,Female,18-24,Upper secondary,Employed,Language training
229,2022-05-01,1,Senegal,Female,25-34,Bachelor,Unemployed,Asylum application
235,2022-05-01,3,Afghanistan,Male,25-34,Doctorate,Unemployed,Integration program
245,2022-05-01,4,Brazil,Male,25-34,Bachelor,Unemployed,Asylum application
375,2022-05-01,3,Other,Female,25-34,Upper secondary,Employed,Asylum application
384,2022-05-01,1,Nigeria,Male,45-54,Bachelor,Employed,Housing support
387,2022-05-01,7,Turkey,Male,25-34,Bachelor,Employed,Housing support
400,2022-05-01,1,Ukraine,Male,45-54,Upper secondary,Unemployed,Housing support
408,2022-05-01,10,Italy,Male,25-34,Master,Employed,Housing support
449,2022-05-01,7,Turkey,Female,35-44,Lower secondary,Unemployed,Integration program
562,2022-05-01,7,Ukraine,Male,25-34,Upper secondary,Employed,Language training
583,2022-05-01,10,Colombia,Female,45-54,Lower secondary,Unemployed,Integration program
599,2022-05-01,4,India,Male,18-24,Doctorate,Employed,Housing support
782,2022-05-01,3,Syria,Female,25-34,Master,Employed,Employment support
806,2022-05-01,6,Senegal,Male,45-54,Lower secondary,Employed,Integration program
818,2022-05-01,7,Italy,Female,25-34,Bachelor,Inactive,Housing support
840,2022-05-01,10,Ukraine,Male,45-54,Bachelor,Unemployed,Integration program
849,2022-05-01,1,Italy,Male,25-34,Lower secondary,Employed,Asylum application
852,2022-05-01,6,Portugal,Female,25-34,Upper secondary,Unemployed,Integration program
883,2022-05-01,6,Italy,Female,25-34,Doctorate,Employed,Housing support
886,2022-05-01,1,Afghanistan,Male,55+,Upper secondary,Inactive,Language training
936,2022-05-01,7,Morocco,Male,35-44,Upper secondary,Employed,Language training
987,2022-05-01,1,Other,Male,35-44,Upper secondary,Unemployed,Language training
994,2022-05-01,1,Ukraine,Female,35-44,Upper secondary,Employed,Asylum application
1044,2022-05-01,1,China,Male,25-34,Bachelor,Unemployed,Employment support
1066,2022-05-01,3,Senegal,Female,45-54,Doctorate,Employed,Housing support
1156,2022-05-01,1,Turkey,Female,45-54,Lower secondary,Unemployed,Employment support
1178,2022-05-01,1,Bangladesh,Male,55+,Upper secondary,Employed,Employment support
1324,2022-05-01,1,Italy,Male,55+,Master,Unemployed,Employment support
1367,2022-05-01,3,Nigeria,Female,25-34,Upper secondary,Employed,Language training
1375,2022-05-01,2,India,Female,35-44,Doctorate,Inactive,Asylum application
1410,2022-05-01,3,Italy,Female,25-34,Bachelor,Employed,Housing support
1450,2022-05-01,6,Syria,Male,35-44,Upper secondary,Employed,Employment support
1463,2022-05-01,4,Georgia,Male,18-24,Upper secondary,Unemployed,Asylum application
1510,2022-05-01,6,Senegal,Female,35-44,Master,Unemployed,Employment support
1628,2022-05-01,3,China,Female,55+,Upper secondary,Employed,Housing support
1636,2022-05-01,1,Algeria,Male,18-24,Upper secondary,Employed,Asylum application
1641,2022-05-01,7,Côte d'Ivoire,Female,18-24,Master,Employed,Housing support
1700,2022-05-01,9,Georgia,Female,35-44,Bachelor,Employed,Asylum application
1761,2022-05-01,6,China,Male,25-34,Upper secondary,Employed,Language training
1821,2022-05-01,2,Morocco,Male,35-44,Master,Inactive,Language training
1946,2022-05-01,3,Colombia,Female,25-34,Master,Unemployed,Language training
1967,2022-05-01,4,Tunisia,Male,35-44,Bachelor,Employed,Integration program
1997,2022-05-01,1,Bangladesh,Male,25-34,Upper secondary,Employed,Integration program
2009,2022-05-01,6,Portugal,Female,45-54,Upper secondary,Unemployed,Language training
2022,2022-05-01,3,Afghanistan,Male,25-34,Lower secondary,Employed,Integration program
2054,2022-05-01,8,India,Male,35-44,Master,Inactive,Employment support
2076,2022-05-01,10,Spain,Female,35-44,Bachelor,Employed,Language training
2115,2022-05-01,1,Senegal,Female,18-24,Lower secondary,Unemployed,Housing support
2230,2022-05-01,1,Turkey,Female,35-44,Bachelor,Employed,Housing support
2299,2022-05-01,3,Turkey,Male,18-24,Lower secondary,Employed,Integration program
2423,2022-05-01,5,Côte d'Ivoire,Male,35-44,Master,Employed,Language training
2425,2022-05-01,9,Georgia,Female,25-34,Master,Employed,Integration program
2495,2022-05-01,1,Syria,Female,35-44,Master,Employed,Housing support
2530,2022-05-01,3,Morocco,Female,25-34,Bachelor,Employed,Language training
2622,2022-05-01,1,Italy,Female,35-44,Doctorate,Employed,Integration program
2647,2022-05-01,1,Syria,Female,35-44,Bachelor,Employed,Asylum application
2730,2022-05-01,1,Brazil,Male,25-34,Master,Employed,Employment support
2779,2022-05-01,1,Senegal,Male,45-54,Upper secondary,Inactive,Language training
2796,2022-05-01,5,Colombia,Female,35-44,Bachelor,Employed,Integration program
2852,2022-05-01,4,Afghanistan,Male,25-34,Upper secondary,Unemployed,Asylum application
2922,2022-05-01,7,India,Male,45-54,Lower secondary,Unemployed,Language training
2925,2022-05-01,2,Colombia,Male,25-34,Lower secondary,Employed,Asylum application
2930,2022-05-01,3,Spain,Female,25-34,Bachelor,Employed,Housing support
2939,2022-05-01,6,Syria,Male,25-34,Upper secondary,Unemployed,Language training
3021,2022-05-01,9,Turkey,Male,25-34,Upper secondary,Inactive,Integration program
3133,2022-05-01,8,Brazil,Female,25-34,Lower secondary,Unemployed,Housing support
3248,2022-05-01,7,Algeria,Male,25-34,Master,Employed,Housing support
3321,2022-05-01,1,Bangladesh,Male,45-54,Lower secondary,Unemployed,Housing support
3385,2022-05-01,5,Senegal,Male,35-44,Upper secondary,Employed,Employment support
3558,2022-05-01,1,Algeria,Male,35-44,Master,Employed,Language training
3589,2022-05-01,1,China,Male,45-54,Master,Employed,Employment support
3628,2022-05-01,3,Afghanistan,Male,25-34,Bachelor,Employed,Employment support
3629,2022-05-01,5,Portugal,Female,55+,Bachelor,Unemployed,Housing support
3685,2022-05-01,3,Afghanistan,Female,25-34,Upper secondary,Employed,Integration program
3703,2022-05-01,1,Syria,Female,55+,Bachelor,Employed,Employment support
3750,2022-05-01,1,Algeria,Male,25-34,Upper secondary,Employed,Employment support
3772,2022-05-01,1,Côte d'Ivoire,Male,45-54,Doctorate,Employed,Integration program
3866,2022-05-01,5,Senegal,Female,25-34,Upper secondary,Employed,Employment support
3876,2022-05-01,8,Nigeria,Male,25-34,Upper secondary,Unemployed,Language training
3907,2022-05-01,1,Guinea,Male,35-44,Master,Employed,Employment support
3911,2022-05-01,4,Portugal,Female,18-24,Bachelor,Unemployed,Integration program
4084,2022-05-01,7,Senegal,Female,55+,Upper secondary,Unemployed,Integration program
4260,2022-05-01,2,Afghanistan,Male,55+,Upper secondary,Unemployed,Housing support
4315,2022-05-01,5,Bangladesh,Female,35-44,Lower secondary,Employed,Integration program
4347,2022-05-01,1,Ukraine,Male,35-44,Master,Employed,Asylum application
4381,2022-05-01,10,Ukraine,Female,35-44,Bachelor,Unemployed,Employment support
4486,2022-05-01,1,Algeria,Female,35-44,Upper secondary,Unemployed,Housing support
4493,2022-05-01,10,India,Male,55+,Doctorate,Employed,Employment support
4537,2022-05-01,4,Ukraine,Male,35-44,Bachelor,Employed,Asylum application
4599,2022-05-01,6,Brazil,Female,18-24,Upper secondary,Unemployed,Employment support
4613,2022-05-01,8,Colombia,Male,45-54,Bachelor,Employed,Integration program
4662,2022-05-01,7,Spain,Male,35-44,Master,Unemployed,Asylum application
4712,2022-05-01,1,Turkey,Male,25-34,Upper secondary,Employed,Integration program
4747,2022-05-01,7,Guinea,Female,35-44,Upper secondary,Employed,Employment support
4757,2022-05-01,1,Côte d'Ivoire,Female,45-54,Upper secondary,Employed,Housing support
4789,2022-05-01,6,Spain,Female,18-24,Lower secondary,Unemployed,Integration program
4871,2022-05-01,9,Portugal,Male,25-34,Upper secondary,Unemployed,Asylum application
4875,2022-05-01,3,Bangladesh,Male,55+,Bachelor,Unemployed,Housing support
4911,2022-05-01,7,Spain,Female,35-44,Lower secondary,Unemployed,Integration program
5102,2022-05-01,8,Georgia,Female,18-24,Upper secondary,Inactive,Asylum application
5158,2022-05-01,9,Algeria,Female,45-54,Bachelor,Unemployed,Integration program
5165,2022-05-01,5,Afghanistan,Male,45-54,Bachelor,Unemployed,Language training
5318,2022-05-01,1,Spain,Female,18-24,Master,Employed,Integration program
5453,2022-05-01,1,Algeria,Female,25-34,Master,Inactive,Language training
5520,2022-05-01,3,Other,Female,35-44,Bachelor,Unemployed,Asylum application
5538,2022-05-01,6,Tunisia,Female,25-34,Bachelor,Employed,Asylum application
5684,2022-05-01,3,Côte d'Ivoire,Female,55+,Bachelor,Unemployed,Housing support
5801,2022-05-01,8,Senegal,Female,45-54,Upper secondary,Unemployed,Asylum application
5806,2022-05-01,1,Afghanistan,Male,35-44,Bachelor,Unemployed,Housing support
5825,2022-05-01,5,Nigeria,Female,35-44,Upper secondary,Unemployed,Asylum application
5914,2022-05-01,1,Spain,Female,25-34,Upper secondary,Inactive,Integration program
5954,2022-05-01,1,Turkey,Male,55+,Lower secondary,Unemployed,Asylum application
5985,2022-05-01,8,China,Male,25-34,Bachelor,Employed,Integration program
20,2022-06-01,2,Nigeria,Male,55+,Bachelor,Employed,Employment support
92,2022-06-01,10,Portugal,Male,18-24,Bachelor,Employed,Employment support
110,2022-06-01,2,Spain,Male,35-44,Master,Employed,Employment support
189,2022-06-01,3,Côte d'Ivoire,Male,35-44,Master,Employed,Asylum application
214,2022-06-01,1,Guinea,Male,35-44,Master,Unemployed,Housing support
391,2022-06-01,2,Côte d'Ivoire,Female,25-34,Bachelor,Employed,Integration program
587,2022-06-01,3,Ukraine,Male,18-24,Upper secondary,Employed,Asylum application
613,2022-06-01,4,Nigeria,Male,35-44,Doctorate,Employed,Housing support
698,2022-06-01,1,Colombia,Male,18-24,Bachelor,Unemployed,Language training
718,2022-06-01,3,Ukraine,Male,45-54,Lower secondary,Inactive,Employment support
720,2022-06-01,4,Tunisia,Male,25-34,Doctorate,Employed,Asylum application
763,2022-06-01,1,Spain,Female,55+,Lower secondary,Unemployed,Employment support
827,2022-06-01,1,Tunisia,Female,18-24,Bachelor,Unemployed,Asylum application
931,2022-06-01,3,Morocco,Female,25-34,Upper secondary,Inactive,Employment support
960,2022-06-01,6,Spain,Male,55+,Bachelor,Unemployed,Asylum application
1008,2022-06-01,9,Syria,Male,18-24,Upper secondary,Unemployed,Asylum application
1063,2022-06-01,2,Morocco,Male,25-34,Upper secondary,Inactive,Integration program
1217,2022-06-01,7,Other,Female,35-44,Upper secondary,Inactive,Employment support
1251,2022-06-01,4,Portugal,Female,35-44,Lower secondary,Unemployed,Language training
1269,2022-06-01,4,Brazil,Female,55+,Bachelor,Employed,Language training
1289,2022-06-01,1,Tunisia,Male,35-44,Bachelor,Employed,Language training
1413,2022-06-01,7,Turkey,Female,18-24,Master,Unemployed,Integration program
1464,2022-06-01,8,Brazil,Female,55+,Upper secondary,Employed,Integration program
1498,2022-06-01,5,Afghanistan,Male,35-44,Bachelor,Employed,Employment support
1507,2022-06-01,3,Spain,Female,55+,Master,Employed,Integration program
1521,2022-06-01,1,Other,Male,18-24,Upper secondary,Unemployed,Integration program
1688,2022-06-01,9,Other,Male,35-44,Bachelor,Employed,Language training
1701,2022-06-01,2,Georgia,Female,25-34,Master,Unemployed,Housing support
1738,2022-06-01,1,Colombia,Female,25-34,Upper secondary,Employed,Integration program
1740,2022-06-01,2,Portugal,Male,25-34,Master,Employed,Asylum application
1753,2022-06-01,2,Georgia,Female,55+,Master,Unemployed,Employment support
1788,2022-06-01,2,Nigeria,Female,45-54,Bachelor,Employed,Housing support
1789,2022-06-01,6,Other,Male,35-44,Master,Employed,Housing support
1829,2022-06-01,3,Other,Male,45-54,Master,Employed,Integration program
1841,2022-06-01,1,Turkey,Male,45-54,Lower secondary,Employed,Housing support
1865,2022-06-01,2,Tunisia,Female,45-54,Bachelor,Employed,Employment support
1874,2022-06-01,7,Afghanistan,Female,18-24,Doctorate,Unemployed,Asylum application
1884,2022-06-01,1,Spain,Female,35-44,Master,Employed,Asylum application
1931,2022-06-01,1,Brazil,Female,25-34,Bachelor,Inactive,Housing support
1948,2022-06-01,4,Algeria,Female,25-34,Master,Employed,Integration program
1958,2022-06-01,1,India,Female,25-34,Lower secondary,Inactive,Integration program
2189,2022-06-01,4,Ukraine,Female,35-44,Upper secondary,Unemployed,Employment support
2212,2022-06-01,5,Morocco,Male,55+,Bachelor,Employed,Asylum application
2222,2022-06-01,9,Afghanistan,Male,45-54,Bachelor,Employed,Asylum application
2251,2022-06-01,2,Morocco,Female,25-34,Bachelor,Inactive,Language training
2318,2022-06-01,4,Portugal,Female,45-54,Master,Employed,Integration program
2328,2022-06-01,1,Colombia,Female,35-44,Upper secondary,Employed,Employment support
2333,2022-06-01,5,Bangladesh,Male,18-24,Master,Employed,Integration program
2335,2022-06-01,2,Syria,Male,25-34,Upper secondary,Employed,Employment support
2387,2022-06-01,6,Colombia,Female,55+,Doctorate,Employed,Employment support
2460,2022-06-01,8,Turkey,Male,35-44,Bachelor,Employed,Integration program
2492,2022-06-01,2,Senegal,Female,55+,Upper secondary,Inactive,Asylum application
2500,2022-06-01,6,Morocco,Male,18-24,Bachelor,Inactive,Integration program
2725,2022-06-01,9,Turkey,Female,35-44,Upper secondary,Employed,Employment support
2733,2022-06-01,7,Other,Female,25-34,Bachelor,Employed,Language training
2824,2022-06-01,1,India,Female,45-54,Doctorate,Unemployed,Employment support
2863,2022-06-01,8,Tunisia,Male,45-54,Upper secondary,Employed,Asylum application
2901,2022-06-01,1,Brazil,Female,25-34,Upper secondary,Unemployed,Housing support
3003,2022-06-01,1,Italy,Male,35-44,Upper secondary,Employed,Employment support
3009,2022-06-01,2,Italy,Female,35-44,Lower secondary,Unemployed,Employment support
3089,2022-06-01,1,Colombia,Male,35-44,Bachelor,Employed,Employment support
3130,2022-06-01,1,Portugal,Male,35-44,Doctorate,Employed,Integration program
3151,2022-06-01,2,Portugal,Female,25-34,Lower secondary,Employed,Integration program
3152,2022-06-01,1,Senegal,Male,25-34,Bachelor,Unemployed,Integration program
3320,2022-06-01,1,Syria,Female,18-24,Upper secondary,Employed,Asylum application
3373,2022-06-01,2,Morocco,Male,35-44,Master,Unemployed,Employment support
3411,2022-06-01,5,India,Male,25-34,Bachelor,Unemployed,Housing support
3430,2022-06-01,7,Syria,Female,45-54,Master,Unemployed,Integration program
3486,2022-06-01,2,Morocco,Female,25-34,Master,Unemployed,Employment support
3514,2022-06-01,6,Georgia,Female,45-54,Doctorate,Employed,Integration program
3618,2022-06-01,5,Italy,Female,18-24,Upper secondary,Employed,Asylum application
3635,2022-06-01,3,Syria,Male,35-44,Bachelor,Unemployed,Housing support
3641,2022-06-01,2,Colombia,Female,45-54,Upper secondary,Employed,Housing support
3737,2022-06-01,6,Portugal,Female,18-24,Upper secondary,Employed,Housing support
3762,2022-06-01,9,Spain,Male,18-24,Upper secondary,Unemployed,Integration program
3886,2022-06-01,1,Morocco,Male,45-54,Lower secondary,Unemployed,Integration program
3889,2022-06-01,1,Ukraine,Male,18-24,Master,Inactive,Language training
3905,2022-06-01,1,Senegal,Female,35-44,Upper secondary,Unemployed,Asylum application
3941,2022-06-01,7,Other,Female,55+,Lower secondary,Unemployed,Employment support
3987,2022-06-01,5,Côte d'Ivoire,Male,45-54,Upper secondary,Unemployed,Housing support
4055,2022-06-01,1,Morocco,Female,45-54,Master,Employed,Language training
4088,2022-06-01,10,Portugal,Male,45-54,Bachelor,Employed,Integration program
4117,2022-06-01,2,Other,Female,55+,Bachelor,Employed,Housing support
4169,2022-06-01,2,China,Female,45-54,Bachelor,Employed,Asylum application
4198,2022-06-01,7,Other,Female,35-44,Master,Employed,Asylum application
4314,2022-06-01,1,Algeria,Female,55+,Master,Unemployed,Housing support
4370,2022-06-01,10,Guinea,Male,55+,Upper secondary,Employed,Integration program
4374,2022-06-01,1,China,Male,25-34,Upper secondary,Inactive,Employment support
4429,2022-06-01,1,Colombia,Male,25-34,Upper secondary,Employed,Housing support
4462,2022-06-01,6,Guinea,Male,35-44,Upper secondary,Unemployed,Housing support
4512,2022-06-01,3,Côte d'Ivoire,Male,45-54,Bachelor,Employed,Employment support
4524,2022-06-01,4,Syria,Male,35-44,Master,Employed,Language training
4558,2022-06-01,6,China,Female,18-24,Bachelor,Employed,Employment support
4654,2022-06-01,1,Georgia,Female,25-34,Lower secondary,Unemployed,Asylum application
4670,2022-06-01,4,Bangladesh,Male,18-24,Upper secondary,Inactive,Asylum application
4671,2022-06-01,1,Georgia,Female,25-34,Upper secondary,Unemployed,Integration program
4717,2022-06-01,2,China,Male,35-44,Upper secondary,Unemployed,Asylum application
4734,2022-06-01,1,Guinea,Female,55+,Upper secondary,Inactive,Integration program
4798,2022-06-01,10,Brazil,Male,25-34,Bachelor,Employed,Employment support
4824,2022-06-01,8,Syria,Male,25-34,Bachelor,Unemployed,Asylum application
4895,2022-06-01,6,Turkey,Female,35-44,Bachelor,Employed,Employment support
4917,2022-06-01,4,Georgia,Female,25-34,Master,Employed,Integration program
5006,2022-06-01,1,Guinea,Male,18-24,Upper secondary,Employed,Language training
5090,2022-06-01,4,Other,Male,35-44,Upper secondary,Unemployed,Integration program
5168,2022-06-01,4,Brazil,Male,45-54,Master,Employed,Integration program
5181,2022-06-01,4,Tunisia,Female,25-34,Bachelor,Unemployed,Integration program
5267,2022-06-01,8,Italy,Female,35-44,Upper secondary,Employed,Integration program
5276,2022-06-01,8,India,Female,25-34,Master,Employed,Employment support
5281,2022-06-01,8,Spain,Female,18-24,Doctorate,Employed,Employment support
5416,2022-06-01,9,Spain,Female,45-54,Bachelor,Employed,Housing support
5522,2022-06-01,6,Morocco,Male,18-24,Upper secondary,Inactive,Language training
5530,2022-06-01,2,Côte d'Ivoire,Male,35-44,Master,Employed,Employment support
5536,2022-06-01,1,Nigeria,Female,25-34,Master,Unemployed,Integration program
5543,2022-06-01,4,Colombia,Male,25-34,Bachelor,Employed,Housing support
5565,2022-06-01,5,Spain,Female,25-34,Doctorate,Employed,Language training
5571,2022-06-01,2,Spain,Male,45-54,Lower secondary,Unemployed,Language training
5583,2022-06-01,1,Portugal,Female,25-34,Upper secondary,Employed,Housing support
5615,2022-06-01,3,India,Male,45-54,Bachelor,Employed,Language training
5644,2022-06-01,3,Portugal,Female,35-44,Upper secondary,Unemployed,Integration program
5664,2022-06-01,5,Colombia,Male,25-34,Lower secondary,Unemployed,Integration program
5675,2022-06-01,7,Ukraine,Male,18-24,Bachelor,Unemployed,Employment support
5711,2022-06-01,1,Côte d'Ivoire,Male,35-44,Master,Unemployed,Housing support
5726,2022-06-01,2,Guinea,Female,18-24,Master,Unemployed,Integration program
5728,2022-06-01,3,China,Female,35-44,Upper secondary,Unemployed,Language training
5730,2022-06-01,2,Brazil,Male,25-34,Upper secondary,Employed,Employment support
5737,2022-06-01,5,India,Female,45-54,Bachelor,Employed,Integration program
5831,2022-06-01,5,Bangladesh,Male,18-24,Bachelor,Unemployed,Integration program
5849,2022-06-01,2,Brazil,Female,25-34,Lower secondary,Employed,Language training
5860,2022-06-01,6,Georgia,Male,35-44,Upper secondary,Unemployed,Employment support
5898,2022-06-01,1,Algeria,Male,25-34,Master,Employed,Integration program
5928,2022-06-01,1,Morocco,Male,45-54,Master,Unemployed,Housing support
5943,2022-06-01,1,Morocco,Male,25-34,Lower secondary,Employed,Housing support
5980,2022-06-01,5,Syria,Male,45-54,Bachelor,Employed,Housing support
2,2022-07-01,6,Bangladesh,Female,18-24,Upper secondary,Employed,Asylum application
59,2022-07-01,6,India,Female,45-54,Lower secondary,Unemployed,Housing support
192,2022-07-01,6,Colombia,Female,25-34,Upper secondary,Employed,Integration program
236,2022-07-01,4,Georgia,Female,18-24,Master,Unemployed,Language training
304,2022-07-01,10,Syria,Male,25-34,Bachelor,Employed,Integration program
323,2022-07-01,5,Afghanistan,Female,45-54,Upper secondary,Employed,Language training
372,2022-07-01,4,Brazil,Female,18-24,Upper secondary,Employed,Integration program
431,2022-07-01,6,Brazil,Male,25-34,Master,Employed,Language training
446,2022-07-01,8,Guinea,Male,25-34,Bachelor,Employed,Employment support
495,2022-07-01,1,Italy,Male,45-54,Master,Employed,Language training
546,2022-07-01,1,India,Male,45-54,Upper secondary,Unemployed,Employment support
571,2022-07-01,4,Côte d'Ivoire,Male,35-44,Upper secondary,Inactive,Employment support
604,2022-07-01,2,Côte d'Ivoire,Female,25-34,Bachelor,Employed,Housing support
627,2022-07-01,3,Afghanistan,Female,35-44,Master,Employed,Asylum application
675,2022-07-01,2,Guinea,Female,35-44,Bachelor,Employed,Asylum application
730,2022-07-01,3,China,Female,35-44,Bachelor,Employed,Employment support
762,2022-07-01,9,Ukraine,Male,35-44,Upper secondary,Unemployed,Asylum application
902,2022-07-01,1,Nigeria,Male,35-44,Upper secondary,Unemployed,Language training
1007,2022-07-01,5,Algeria,Male,45-54,Master,Employed,Integration program
1048,2022-07-01,1,Spain,Female,25-34,Master,Employed,Housing support
1054,2022-07-01,1,Bangladesh,Female,25-34,Lower secondary,Inactive,Integration program
1094,2022-07-01,3,China,Male,45-54,Upper secondary,Unemployed,Employment support
1267,2022-07-01,6,Nigeria,Female,25-34,Upper secondary,Unemployed,Asylum application
1298,2022-07-01,8,Other,Male,18-24,Upper secondary,Employed,Language training
1321,2022-07-01,7,Georgia,Male,18-24,Bachelor,Employed,Housing support
1379,2022-07-01,3,Ukraine,Male,25-34,Bachelor,Inactive,Asylum application
1425,2022-07-01,7,China,Male,45-54,Upper secondary,Employed,Housing support
1554,2022-07-01,6,Colombia,Male,25-34,Upper secondary,Inactive,Asylum application
1637,2022-07-01,2,Senegal,Female,35-44,Upper secondary,Employed,Asylum application
1699,2022-07-01,1,Italy,Female,18-24,Doctorate,Employed,Asylum application
1724,2022-07-01,4,Ukraine,Female,25-34,Bachelor,Unemployed,Asylum application
1732,2022-07-01,8,Turkey,Male,25-34,Lower secondary,Unemployed,Housing support
1734,2022-07-01,3,Portugal,Male,25-34,Upper secondary,Unemployed,Housing support
1832,2022-07-01,6,Syria,Male,35-44,Doctorate,Employed,Language training
1859,2022-07-01,6,Italy,Male,45-54,Upper secondary,Employed,Employment support
1877,2022-07-01,1,Portugal,Male,35-44,Upper secondary,Employed,Housing support
1944,2022-07-01,4,Côte d'Ivoire,Female,35-44,Upper secondary,Employed,Employment support
1980,2022-07-01,1,Nigeria,Female,25-34,Upper secondary,Unemployed,Language training
2087,2022-07-01,9,Georgia,Female,55+,Upper secondary,Employed,Language training
2125,2022-07-01,6,Tunisia,Male,55+,Upper secondary,Unemployed,Language training
2250,2022-07-01,7,Morocco,Male,18-24,Upper secondary,Unemployed,Integration program
2254,2022-07-01,5,Nigeria,Male,45-54,Bachelor,Employed,Employment support
2303,2022-07-01,1,Senegal,Female,25-34,Bachelor,Employed,Housing support
2306,2022-07-01,7,Other,Male,18-24,Upper secondary,Unemployed,Language training
2319,2022-07-01,1,Senegal,Male,25-34,Bachelor,Employed,Employment support
2356,2022-07-01,1,Côte d'Ivoire,Male,45-54,Master,Unemployed,Employment support
2394,2022-07-01,1,Turkey,Female,35-44,Lower secondary,Unemployed,Language training
2403,2022-07-01,1,Algeria,Male,35-44,Master,Unemployed,Housing support
2453,2022-07-01,1,Bangladesh,Female,25-34,Bachelor,Employed,Employment support
2505,2022-07-01,9,India,Male,35-44,Upper secondary,Unemployed,Asylum application
2559,2022-07-01,1,Tunisia,Female,25-34,Bachelor,Employed,Employment support
2580,2022-07-01,4,Other,Male,25-34,Master,Employed,Asylum application
2595,2022-07-01,7,Colombia,Male,18-24,Upper secondary,Employed,Integration program
2625,2022-07-01,3,Georgia,Male,25-34,Bachelor,Unemployed,Housing support
2665,2022-07-01,1,Syria,Male,18-24,Bachelor,Employed,Integration program
2677,2022-07-01,6,Côte d'Ivoire,Male,45-54,Bachelor,Employed,Housing support
2784,2022-07-01,10,Portugal,Male,25-34,Upper secondary,Unemployed,Asylum application
2890,2022-07-01,1,Afghanistan,Male,18-24,Lower secondary,Inactive,Language training
2973,2022-07-01,5,Ukraine,Female,45-54,Lower secondary,Unemployed,Employment support
2978,2022-07-01,1,Côte d'Ivoire,Female,55+,Bachelor,Employed,Housing support
3053,2022-07-01,3,Ukraine,Female,55+,Bachelor,Employed,Integration program
3059,2022-07-01,3,Bangladesh,Female,18-24,Upper secondary,Unemployed,Integration program
3075,2022-07-01,1,Portugal,Male,45-54,Master,Employed,Housing support
3077,2022-07-01,6,Guinea,Male,45-54,Upper secondary,Unemployed,Integration program
3099,2022-07-01,6,Côte d'Ivoire,Male,35-44,Upper secondary,Inactive,Employment support
3129,2022-07-01,1,Italy,Female,25-34,Bachelor,Employed,Integration program
3157,2022-07-01,6,Tunisia,Female,25-34,Lower secondary,Employed,Asylum application
3174,2022-07-01,1,Nigeria,Male,25-34,Doctorate,Unemployed,Employment support
3342,2022-07-01,1,Tunisia,Female,18-24,Master,Inactive,Language training
3378,2022-07-01,6,Algeria,Male,25-34,Master,Employed,Asylum application
3549,2022-07-01,7,Turkey,Female,35-44,Lower secondary,Unemployed,Integration program
3582,2022-07-01,1,Georgia,Female,18-24,Master,Employed,Asylum application
3595,2022-07-01,7,Guinea,Male,35-44,Lower secondary,Unemployed,Employment support
3689,2022-07-01,8,Brazil,Male,18-24,Bachelor,Employed,Integration program
3758,2022-07-01,1,Georgia,Male,35-44,Upper secondary,Employed,Asylum application
3780,2022-07-01,2,Portugal,Male,45-54,Doctorate,Employed,Employment support
3793,2022-07-01,10,Ukraine,Male,18-24,Lower secondary,Unemployed,Integration program
3867,2022-07-01,2,Turkey,Female,18-24,Bachelor,Employed,Employment support
3868,2022-07-01,1,Côte d'Ivoire,Male,45-54,Upper secondary,Employed,Asylum application
3993,2022-07-01,3,Morocco,Male,25-34,Lower secondary,Employed,Language training
4000,2022-07-01,5,Georgia,Female,35-44,Upper secondary,Employed,Asylum application
4078,2022-07-01,1,Tunisia,Female,25-34,Bachelor,Employed,Employment support
4096,2022-07-01,6,Senegal,Female,35-44,Upper secondary,Employed,Employment support
4098,2022-07-01,3,Georgia,Male,55+,Bachelor,Employed,Housing support
4123,2022-07-01,8,Colombia,Female,18-24,Master,Employed,Integration program
4255,2022-07-01,2,India,Female,35-44,Master,Employed,Housing support
4362,2022-07-01,3,Algeria,Female,35-44,Bachelor,Employed,Asylum application
4404,2022-07-01,6,Other,Male,35-44,Upper secondary,Unemployed,Integration program
4467,2022-07-01,10,Morocco,Female,25-34,Upper secondary,Unemployed,Employment support
4505,2022-07-01,3,Italy,Male,45-54,Lower secondary,Unemployed,Housing support
4545,2022-07-01,1,Bangladesh,Female,25-34,Upper secondary,Unemployed,Housing support
4552,2022-07-01,1,Spain,Male,25-34,Bachelor,Employed,Language training
4600,2022-07-01,7,Georgia,Female,45-54,Upper secondary,Inactive,Integration program
4744,2022-07-01,3,China,Male,45-54,Upper secondary,Unemployed,Asylum application
4766,2022-07-01,1,Nigeria,Male,25-34,Upper secondary,Inactive,Asylum application
4786,2022-07-01,5,Other,Male,45-54,Master,Employed,Housing support
4827,2022-07-01,1,Morocco,Female,35-44,Upper secondary,Unemployed,Employment support
4833,2022-07-01,2,Algeria,Female,25-34,Bachelor,Employed,Employment support
4881,2022-07-01,7,Senegal,Male,18-24,Lower secondary,Employed,Housing support
4991,2022-07-01,6,Bangladesh,Male,35-44,Lower secondary,Unemployed,Language training
5059,2022-07-01,8,Nigeria,Female,55+,Bachelor,Employed,Language training
5132,2022-07-01,9,Other,Male,25-34,Upper secondary,Employed,Housing support
5162,2022-07-01,3,Ukraine,Male,35-44,Doctorate,Employed,Housing support
5166,2022-07-01,9,Colombia,Female,35-44,Master,Employed,Housing support
5225,2022-07-01,6,Colombia,Female,18-24,Bachelor,Unemployed,Employment support
5227,2022-07-01,10,Nigeria,Female,25-34,Lower secondary,Unemployed,Employment support
5273,2022-07-01,2,Senegal,Female,55+,Master,Employed,Asylum application
5311,2022-07-01,2,Algeria,Female,25-34,Upper secondary,Unemployed,Housing support
5377,2022-07-01,3,Brazil,Male,45-54,Upper secondary,Unemployed,Language training
5439,2022-07-01,8,Senegal,Male,45-54,Doctorate,Employed,Asylum application
5459,2022-07-01,2,Nigeria,Female,45-54,Upper secondary,Unemployed,Employment support
5490,2022-07-01,1,Portugal,Male,45-54,Master,Employed,Language training
5525,2022-07-01,1,Italy,Male,45-54,Upper secondary,Unemployed,Employment support
5561,2022-07-01,10,Colombia,Male,45-54,Master,Employed,Integration program
5589,2022-07-01,1,Côte d'Ivoire,Male,18-24,Bachelor,Unemployed,Housing support
5718,2022-07-01,1,Nigeria,Male,35-44,Doctorate,Employed,Asylum application
5986,2022-07-01,1,China,Female,25-34,Upper secondary,Employed,Employment support
151,2022-08-01,4,Colombia,Female,45-54,Master,Employed,Integration program
172,2022-08-01,7,Côte d'Ivoire,Male,25-34,Bachelor,Unemployed,Housing support
197,2022-08-01,1,Spain,Male,45-54,Bachelor,Employed,Asylum application
206,2022-08-01,4,Georgia,Male,35-44,Upper secondary,Unemployed,Language training
349,2022-08-01,3,India,Female,35-44,Bachelor,Inactive,Housing support
393,2022-08-01,1,Nigeria,Female,25-34,Bachelor,Unemployed,Language training
422,2022-08-01,4,Turkey,Male,35-44,Lower secondary,Employed,Language training
436,2022-08-01,7,Senegal,Female,25-34,Upper secondary,Employed,Housing support
463,2022-08-01,2,India,Female,35-44,Doctorate,Employed,Language training
505,2022-08-01,2,Nigeria,Female,45-54,Bachelor,Employed,Integration program
538,2022-08-01,2,Colombia,Female,35-44,Upper secondary,Unemployed,Language training
545,2022-08-01,1,Other,Female,25-34,Lower secondary,Unemployed,Language training
635,2022-08-01,2,Turkey,Female,45-54,Lower secondary,Employed,Language training
699,2022-08-01,4,Brazil,Female,45-54,Bachelor,Inactive,Employment support
741,2022-08-01,3,Spain,Female,35-44,Lower secondary,Unemployed,Employment support
839,2022-08-01,4,Other,Male,55+,Upper secondary,Inactive,Housing support
841,2022-08-01,6,Guinea,Male,35-44,Lower secondary,Unemployed,Housing support
880,2022-08-01,6,Tunisia,Female,18-24,Bachelor,Employed,Housing support
980,2022-08-01,1,Colombia,Female,35-44,Upper secondary,Unemployed,Integration program
1003,2022-08-01,2,Côte d'Ivoire,Male,35-44,Lower secondary,Inactive,Language training
1045,2022-08-01,7,Senegal,Male,55+,Lower secondary,Unemployed,Language training
1065,2022-08-01,6,Côte d'Ivoire,Female,25-34,Upper secondary,Employed,Housing support
1101,2022-08-01,7,Ukraine,Male,25-34,Lower secondary,Employed,Employment support
1106,2022-08-01,7,Bangladesh,Female,18-24,Master,Unemployed,Housing support
1129,2022-08-01,5,Other,Female,45-54,Bachelor,Employed,Asylum application
1173,2022-08-01,8,Côte d'Ivoire,Female,45-54,Upper secondary,Inactive,Integration program
1179,2022-08-01,1,Colombia,Male,55+,Upper secondary,Employed,Asylum application
1195,2022-08-01,1,Colombia,Female,45-54,Master,Employed,Integration program
1198,2022-08-01,1,Portugal,Female,45-54,Bachelor,Inactive,Housing support
1356,2022-08-01,2,Colombia,Female,25-34,Lower secondary,Unemployed,Asylum application
1436,2022-08-01,2,Nigeria,Male,25-34,Doctorate,Employed,Asylum application
1440,2022-08-01,3,Guinea,Male,55+,Doctorate,Employed,Integration program
1459,2022-08-01,1,Tunisia,Female,18-24,Doctorate,Employed,Housing support
1503,2022-08-01,1,China,Male,25-34,Upper secondary,Unemployed,Integration program
1572,2022-08-01,2,Nigeria,Female,55+,Bachelor,Employed,Employment support
1606,2022-08-01,4,China,Male,55+,Upper secondary,Unemployed,Employment support
1635,2022-08-01,4,Brazil,Female,18-24,Doctorate,Unemployed,Employment support
1657,2022-08-01,1,Afghanistan,Female,45-54,Upper secondary,Unemployed,Language training
1705,2022-08-01,6,India,Female,25-34,Bachelor,Employed,Housing support
1711,2022-08-01,5,Bangladesh,Female,25-34,Master,Employed,Asylum application
1776,2022-08-01,2,Morocco,Male,25-34,Bachelor,Employed,Integration program
1819,2022-08-01,6,Senegal,Male,55+,Bachelor,Employed,Integration program
1897,2022-08-01,2,Guinea,Female,35-44,Bachelor,Employed,Language training
1915,2022-08-01,6,Guinea,Male,55+,Upper secondary,Unemployed,Housing support
1922,2022-08-01,1,Ukraine,Female,25-34,Upper secondary,Employed,Housing support
1924,2022-08-01,5,Brazil,Female,35-44,Upper secondary,Unemployed,Language training
1939,2022-08-01,6,India,Male,25-34,Upper secondary,Inactive,Employment support
1954,2022-08-01,8,Guinea,Female,18-24,Doctorate,Unemployed,Asylum application
1959,2022-08-01,2,Tunisia,Female,18-24,Master,Unemployed,Language training
2023,2022-08-01,6,Georgia,Male,55+,Lower secondary,Unemployed,Asylum application
2104,2022-08-01,7,Algeria,Male,45-54,Doctorate,Unemployed,Integration program
2150,2022-08-01,3,Bangladesh,Male,18-24,Lower secondary,Unemployed,Integration program
2225,2022-08-01,1,Tunisia,Female,25-34,Master,Employed,Language training
2300,2022-08-01,10,Bangladesh,Female,25-34,Bachelor,Employed,Housing support
2411,2022-08-01,7,Brazil,Male,35-44,Bachelor,Employed,Language training
2590,2022-08-01,3,India,Female,35-44,Upper secondary,Employed,Integration program
2613,2022-08-01,8,Portugal,Female,35-44,Bachelor,Employed,Integration program
2616,2022-08-01,6,Côte d'Ivoire,Female,35-44,Bachelor,Employed,Employment support
2632,2022-08-01,6,Morocco,Male,35-44,Bachelor,Employed,Employment support
2636,2022-08-01,6,Bangladesh,Female,35-44,Upper secondary,Unemployed,Integration program
2655,2022-08-01,5,Brazil,Female,25-34,Bachelor,Employed,Language training
2672,2022-08-01,1,India,Female,25-34,Upper secondary,Employed,Integration program
2809,2022-08-01,1,Italy,Female,55+,Upper secondary,Unemployed,Employment support
2877,2022-08-01,7,Syria,Male,45-54,Upper secondary,Unemployed,Integration program
2884,2022-08-01,3,Portugal,Female,18-24,Upper secondary,Employed,Employment support
2899,2022-08-01,2,Tunisia,Male,25-34,Bachelor,Employed,Housing support
2937,2022-08-01,6,Spain,Female,25-34,Upper secondary,Unemployed,Asylum application
3036,2022-08-01,1,Syria,Male,25-34,Bachelor,Employed,Asylum application
3069,2022-08-01,1,India,Male,35-44,Master,Employed,Integration program
3175,2022-08-01,1,Ukraine,Female,55+,Bachelor,Employed,Asylum application
3222,2022-08-01,6,Morocco,Male,25-34,Master,Employed,Housing support
3268,2022-08-01,5,Senegal,Female,45-54,Master,Employed,Asylum application
3287,2022-08-01,2,Georgia,Female,45-54,Bachelor,Unemployed,Language training
3288,2022-08-01,5,Other,Male,35-44,Upper secondary,Employed,Housing support
3309,2022-08-01,8,Bangladesh,Male,25-34,Bachelor,Employed,Employment support
3316,2022-08-01,9,Bangladesh,Female,55+,Lower secondary,Unemployed,Housing support
3359,2022-08-01,8,Other,Male,35-44,Bachelor,Unemployed,Employment support
3362,2022-08-01,7,Georgia,Female,25-34,Upper secondary,Employed,Integration program
3421,2022-08-01,8,Turkey,Male,18-24,Master,Unemployed,Integration program
3552,2022-08-01,1,Turkey,Male,18-24,Bachelor,Employed,Asylum application
3614,2022-08-01,2,Morocco,Male,25-34,Master,Employed,Integration program
3653,2022-08-01,1,Tunisia,Female,25-34,Upper secondary,Inactive,Employment support
3821,2022-08-01,6,Morocco,Male,45-54,Master,Unemployed,Integration program
3950,2022-08-01,1,Turkey,Male,35-44,Upper secondary,Unemployed,Employment support
3953,2022-08-01,3,Ukraine,Male,45-54,Doctorate,Employed,Integration program
4056,2022-08-01,9,Spain,Male,25-34,Master,Unemployed,Housing support
4079,2022-08-01,8,Spain,Female,35-44,Upper secondary,Employed,Language training
4150,2022-08-01,2,Georgia,Male,35-44,Upper secondary,Employed,Employment support
4165,2022-08-01,8,Morocco,Male,18-24,Bachelor,Employed,Asylum application
4176,2022-08-01,5,Morocco,Male,35-44,Bachelor,Unemployed,Employment support
4193,2022-08-01,1,Afghanistan,Female,25-34,Bachelor,Unemployed,Housing support
4240,2022-08-01,9,Brazil,Female,25-34,Bachelor,Unemployed,Integration program
4311,2022-08-01,9,Tunisia,Male,18-24,Bachelor,Unemployed,Asylum application
4413,2022-08-01,8,Afghanistan,Male,18-24,Master,Inactive,Employment support
4457,2022-08-01,7,Côte d'Ivoire,Female,35-44,Lower secondary,Unemployed,Language training
4484,2022-08-01,1,Brazil,Male,35-44,Upper secondary,Employed,Language training
4523,2022-08-01,4,Afghanistan,Female,18-24,Master,Unemployed,Asylum application
4531,2022-08-01,1,Italy,Male,35-44,Master,Employed,Asylum application
4551,2022-08-01,1,Bangladesh,Male,55+,Lower secondary,Employed,Housing support
4559,2022-08-01,1,Algeria,Female,45-54,Lower secondary,Employed,Housing support
4640,2022-08-01,4,Ukraine,Male,25-34,Upper secondary,Employed,Integration program
4676,2022-08-01,4,China,Male,35-44,Lower secondary,Inactive,Integration program
4695,2022-08-01,1,Italy,Female,45-54,Upper secondary,Unemployed,Language training
4699,2022-08-01,6,Nigeria,Male,45-54,Bachelor,Inactive,Language training
4745,2022-08-01,2,Colombia,Male,45-54,Lower secondary,Employed,Integration program
4894,2022-08-01,7,Bangladesh,Female,25-34,Upper secondary,Employed,Employment support
4897,2022-08-01,2,Morocco,Male,25-34,Upper secondary,Unemployed,Housing support
4910,2022-08-01,9,China,Female,55+,Upper secondary,Inactive,Integration program
5014,2022-08-01,10,Portugal,Male,25-34,Bachelor,Employed,Asylum application
5015,2022-08-01,3,Tunisia,Male,55+,Upper secondary,Unemployed,Asylum application
5034,2022-08-01,5,China,Male,35-44,Bachelor,Employed,Asylum application
5044,2022-08-01,9,Syria,Female,25-34,Upper secondary,Employed,Language training
5095,2022-08-01,7,Italy,Male,18-24,Doctorate,Unemployed,Language training
5172,2022-08-01,5,Spain,Male,35-44,Bachelor,Unemployed,Integration program
5174,2022-08-01,6,India,Male,55+,Lower secondary,Employed,Housing support
5278,2022-08-01,2,Spain,Female,18-24,Bachelor,Employed,Language training
5329,2022-08-01,6,Colombia,Female,45-54,Upper secondary,Employed,Language training
5384,2022-08-01,9,Turkey,Male,35-44,Upper secondary,Inactive,Language training
5395,2022-08-01,6,Portugal,Male,45-54,Upper secondary,Unemployed,Integration program
5488,2022-08-01,6,Colombia,Male,45-54,Lower secondary,Employed,Asylum application
5493,2022-08-01,1,Afghanistan,Male,18-24,Upper secondary,Inactive,Language training
5494,2022-08-01,7,Other,Male,25-34,Upper secondary,Employed,Integration program
5577,2022-08-01,3,China,Female,25-34,Doctorate,Unemployed,Asylum application
5596,2022-08-01,3,China,Female,25-34,Bachelor,Employed,Language training
5625,2022-08-01,1,Turkey,Female,45-54,Lower secondary,Unemployed,Employment support
5666,2022-08-01,3,Ukraine,Male,35-44,Bachelor,Employed,Language training
5698,2022-08-01,4,Algeria,Female,35-44,Master,Inactive,Housing support
5907,2022-08-01,7,Algeria,Female,35-44,Bachelor,Employed,Asylum application
5955,2022-08-01,2,Nigeria,Female,45-54,Upper secondary,Inactive,Language training
5987,2022-08-01,1,Nigeria,Female,18-24,Lower secondary,Employed,Asylum application
5991,2022-08-01,2,Morocco,Female,55+,Lower secondary,Employed,Housing support
56,2022-09-01,2,Ukraine,Female,18-24,Master,Employed,Asylum application
112,2022-09-01,4,Tunisia,Male,25-34,Upper secondary,Employed,Integration program
134,2022-09-01,5,Syria,Male,25-34,Upper secondary,Unemployed,Housing support
266,2022-09-01,3,Nigeria,Female,45-54,Upper secondary,Employed,Housing support
272,2022-09-01,9,Other,Male,25-34,Upper secondary,Employed,Integration program
285,2022-09-01,7,Nigeria,Female,45-54,Bachelor,Employed,Asylum application
451,2022-09-01,1,Morocco,Female,25-34,Lower secondary,Employed,Language training
490,2022-09-01,9,Italy,Female,55+,Bachelor,Employed,Employment support
504,2022-09-01,7,Georgia,Female,45-54,Bachelor,Unemployed,Language training
558,2022-09-01,1,Italy,Female,25-34,Bachelor,Employed,Language training
623,2022-09-01,1,Côte d'Ivoire,Male,18-24,Doctorate,Unemployed,Housing support
625,2022-09-01,9,Spain,Male,18-24,Doctorate,Unemployed,Integration program
673,2022-09-01,1,Italy,Male,35-44,Doctorate,Employed,Integration program
705,2022-09-01,1,Brazil,Female,25-34,Upper secondary,Employed,Housing support
1073,2022-09-01,6,Nigeria,Female,25-34,Upper secondary,Unemployed,Asylum application
1103,2022-09-01,9,Côte d'Ivoire,Female,35-44,Master,Employed,Asylum application
1165,2022-09-01,2,Brazil,Female,55+,Lower secondary,Employed,Asylum application
1194,2022-09-01,1,China,Male,35-44,Doctorate,Employed,Integration program
1206,2022-09-01,7,Guinea,Female,25-34,Lower secondary,Unemployed,Integration program
1229,2022-09-01,1,Other,Female,25-34,Doctorate,Employed,Language training
1242,2022-09-01,5,Portugal,Female,25-34,Upper secondary,Employed,Asylum application
1258,2022-09-01,1,Guinea,Male,55+,Master,Unemployed,Language training
1282,2022-09-01,8,India,Male,18-24,Upper secondary,Employed,Housing support
1307,2022-09-01,1,Italy,Male,18-24,Bachelor,Unemployed,Housing support
1317,2022-09-01,7,India,Male,45-54,Bachelor,Employed,Integration program
1437,2022-09-01,2,Syria,Female,18-24,Upper secondary,Employed,Asylum application
1438,2022-09-01,1,Algeria,Female,25-34,Bachelor,Employed,Language training
1465,2022-09-01,1,Tunisia,Male,55+,Bachelor,Unemployed,Language training
1477,2022-09-01,5,Other,Female,35-44,Upper secondary,Employed,Language training
1566,2022-09-01,1,Morocco,Male,45-54,Bachelor,Unemployed,Language training
1594,2022-09-01,5,Georgia,Male,45-54,Upper secondary,Employed,Integration program
1818,2022-09-01,3,Portugal,Female,35-44,Bachelor,Unemployed,Asylum application
1903,2022-09-01,1,China,Male,55+,Master,Employed,Asylum application
1928,2022-09-01,6,Spain,Male,25-34,Bachelor,Employed,Language training
1940,2022-09-01,1,Afghanistan,Male,35-44,Lower secondary,Unemployed,Asylum application
2038,2022-09-01,5,Algeria,Female,35-44,Lower secondary,Employed,Housing support
2190,2022-09-01,10,Spain,Female,45-54,Master,Inactive,Employment support
2337,2022-09-01,7,China,Male,45-54,Master,Employed,Integration program
2397,2022-09-01,3,Georgia,Male,35-44,Upper secondary,Unemployed,Language training
2413,2022-09-01,6,Other,Male,35-44,Upper secondary,Employed,Asylum application
2550,2022-09-01,2,Senegal,Male,35-44,Upper secondary,Employed,Housing support
2597,2022-09-01,4,Afghanistan,Female,35-44,Lower secondary,Employed,Employment support
2695,2022-09-01,6,Guinea,Male,45-54,Master,Inactive,Employment support
2747,2022-09-01,2,Tunisia,Female,35-44,Upper secondary,Employed,Integration program
2769,2022-09-01,3,Syria,Male,35-44,Master,Employed,Employment support
2816,2022-09-01,1,Colombia,Male,25-34,Bachelor,Employed,Integration program
2875,2022-09-01,3,Senegal,Female,18-24,Lower secondary,Inactive,Language training
2908,2022-09-01,7,Turkey,Male,45-54,Lower secondary,Employed,Employment support
2943,2022-09-01,1,India,Female,18-24,Master,Employed,Language training
3065,2022-09-01,6,Other,Male,25-34,Upper secondary,Employed,Language training
3090,2022-09-01,1,India,Male,25-34,Master,Employed,Language training
3108,2022-09-01,2,Senegal,Female,25-34,Bachelor,Employed,Integration program
3109,2022-09-01,5,Portugal,Male,45-54,Upper secondary,Employed,Employment support
3136,2022-09-01,3,Brazil,Female,35-44,Master,Employed,Employment support
3235,2022-09-01,2,Portugal,Female,18-24,Upper secondary,Employed,Housing support
3265,2022-09-01,10,Brazil,Female,25-34,Upper secondary,Employed,Housing support
3352,2022-09-01,3,Colombia,Male,35-44,Lower secondary,Unemployed,Integration program
3425,2022-09-01,2,Tunisia,Female,35-44,Upper secondary,Employed,Employment support
3507,2022-09-01,7,Nigeria,Male,35-44,Bachelor,Unemployed,Asylum application
3511,2022-09-01,6,Côte d'Ivoire,Male,35-44,Doctorate,Employed,Asylum application
3542,2022-09-01,4,Spain,Female,55+,Bachelor,Employed,Housing support
3560,2022-09-01,1,Nigeria,Male,35-44,Bachelor,Unemployed,Employment support
3592,2022-09-01,1,Afghanistan,Male,18-24,Upper secondary,Employed,Employment support
3593,2022-09-01,4,Bangladesh,Female,55+,Master,Employed,Housing support
3596,2022-09-01,5,Italy,Male,35-44,Doctorate,Employed,Employment support
3644,2022-09-01,5,Spain,Female,18-24,Upper secondary,Employed,Integration program
3651,2022-09-01,10,Colombia,Male,45-54,Upper secondary,Unemployed,Language training
3656,2022-09-01,5,Colombia,Female,45-54,Lower secondary,Unemployed,Housing support
3705,2022-09-01,8,Ukraine,Male,25-34,Lower secondary,Unemployed,Asylum application
3710,2022-09-01,1,Portugal,Female,35-44,Master,Employed,Language training
3745,2022-09-01,1,Senegal,Female,45-54,Lower secondary,Employed,Integration program
3779,2022-09-01,5,China,Male,35-44,Master,Employed,Housing support
3849,2022-09-01,9,Bangladesh,Female,25-34,Upper secondary,Unemployed,Language training
3873,2022-09-01,6,India,Female,35-44,Lower secondary,Employed,Asylum application
3924,2022-09-01,1,Portugal,Male,18-24,Master,Employed,Housing support
3962,2022-09-01,2,Portugal,Female,25-34,Lower secondary,Unemployed,Housing support
3981,2022-09-01,2,Tunisia,Female,25-34,Lower secondary,Employed,Language training
4062,2022-09-01,10,Spain,Female,35-44,Bachelor,Employed,Asylum application
4190,2022-09-01,1,Nigeria,Male,25-34,Bachelor,Employed,Asylum application
4267,2022-09-01,10,Colombia,Male,35-44,Upper secondary,Inactive,Language training
4287,2022-09-01,5,Brazil,Male,45-54,Master,Employed,Integration program
4336,2022-09-01,7,Brazil,Male,55+,Lower secondary,Inactive,Integration program
4403,2022-09-01,2,Italy,Female,35-44,Lower secondary,Unemployed,Employment support
4415,2022-09-01,7,Guinea,Male,25-34,Upper secondary,Unemployed,Integration program
4447,2022-09-01,7,Nigeria,Male,45-54,Upper secondary,Employed,Asylum application
4508,2022-09-01,9,Georgia,Female,18-24,Upper secondary,Employed,Language training
4556,2022-09-01,4,Ukraine,Female,55+,Master,Employed,Asylum application
4653,2022-09-01,2,Nigeria,Female,45-54,Lower secondary,Unemployed,Integration program
4714,2022-09-01,6,Brazil,Male,25-34,Master,Employed,Language training
4728,2022-09-01,4,Colombia,Female,35-44,Upper secondary,Employed,Language training
4959,2022-09-01,1,Georgia,Female,35-44,Upper secondary,Unemployed,Language training
4982,2022-09-01,5,Guinea,Male,25-34,Upper secondary,Employed,Employment support
5055,2022-09-01,4,Georgia,Female,25-34,Master,Employed,Integration program
5110,2022-09-01,1,Georgia,Male,25-34,Master,Employed,Integration program
5135,2022-09-01,3,Italy,Male,45-54,Master,Employed,Integration program
5201,2022-09-01,7,Nigeria,Female,45-54,Upper secondary,Unemployed,Housing support
5274,2022-09-01,9,Portugal,Female,25-34,Master,Employed,Integration program
5283,2022-09-01,7,Portugal,Male,35-44,Doctorate,Unemployed,Housing support
5391,2022-09-01,8,Turkey,Female,25-34,Bachelor,Employed,Employment support
5411,2022-09-01,2,Colombia,Male,25-34,Upper secondary,Unemployed,Asylum application
5486,2022-09-01,1,Côte d'Ivoire,Female,35-44,Master,Employed,Integration program
5563,2022-09-01,1,Italy,Male,25-34,Lower secondary,Inactive,Integration program
5620,2022-09-01,5,Syria,Female,25-34,Lower secondary,Employed,Employment support
5626,2022-09-01,1,Other,Male,25-34,Bachelor,Unemployed,Language training
5789,2022-09-01,1,Turkey,Female,45-54,Master,Unemployed,Language training
5813,2022-09-01,1,Tunisia,Male,55+,Bachelor,Employed,Employment support
5838,2022-09-01,8,Bangladesh,Female,55+,Bachelor,Employed,Asylum application
5874,2022-09-01,4,Bangladesh,Female,18-24,Upper secondary,Unemployed,Employment support
5923,2022-09-01,2,Ukraine,Male,45-54,Master,Unemployed,Language training
46,2022-10-01,7,Brazil,Male,25-34,Master,Employed,Employment support
121,2022-10-01,1,Spain,Male,18-24,Bachelor,Employed,Asylum application
129,2022-10-01,3,Senegal,Female,35-44,Lower secondary,Employed,Integration program
210,2022-10-01,1,Ukraine,Male,45-54,Bachelor,Employed,Employment support
265,2022-10-01,4,Senegal,Male,25-34,Master,Employed,Housing support
341,2022-10-01,7,Ukraine,Male,45-54,Lower secondary,Unemployed,Asylum application
426,2022-10-01,4,China,Female,18-24,Master,Employed,Language training
459,2022-10-01,6,Portugal,Female,35-44,Master,Unemployed,Integration program
508,2022-10-01,5,Other,Female,18-24,Master,Employed,Housing support
600,2022-10-01,8,Nigeria,Male,25-34,Bachelor,Employed,Language training
606,2022-10-01,7,Guinea,Male,18-24,Master,Unemployed,Housing support
628,2022-10-01,8,Colombia,Male,35-44,Lower secondary,Employed,Housing support
686,2022-10-01,10,India,Female,25-34,Upper secondary,Employed,Integration program
731,2022-10-01,4,Afghanistan,Male,45-54,Upper secondary,Unemployed,Asylum application
810,2022-10-01,2,Ukraine,Male,45-54,Doctorate,Employed,Housing support
831,2022-10-01,1,Colombia,Male,35-44,Bachelor,Employed,Employment support
874,2022-10-01,7,Ukraine,Female,25-34,Upper secondary,Unemployed,Employment support
893,2022-10-01,4,Brazil,Female,18-24,Upper secondary,Employed,Housing support
899,2022-10-01,9,Bangladesh,Male,35-44,Upper secondary,Inactive,Employment support
901,2022-10-01,1,Other,Female,25-34,Bachelor,Employed,Employment support
1099,2022-10-01,9,Morocco,Female,25-34,Master,Unemployed,Asylum application
1241,2022-10-01,3,Brazil,Male,35-44,Master,Employed,Language training
1293,2022-10-01,1,Ukraine,Female,45-54,Bachelor,Employed,Asylum application
1300,2022-10-01,2,Bangladesh,Female,35-44,Upper secondary,Unemployed,Asylum application
1343,2022-10-01,1,Spain,Female,45-54,Bachelor,Employed,Employment support
1403,2022-10-01,5,Colombia,Female,25-34,Doctorate,Employed,Language training
1493,2022-10-01,7,Turkey,Male,45-54,Bachelor,Unemployed,Language training
1650,2022-10-01,1,Colombia,Male,35-44,Master,Employed,Integration program
1670,2022-10-01,4,China,Male,35-44,Master,Employed,Employment support
1848,2022-10-01,5,Brazil,Male,25-34,Bachelor,Employed,Employment support
1850,2022-10-01,4,India,Male,35-44,Master,Employed,Language training
1852,2022-10-01,3,Morocco,Female,45-54,Master,Employed,Asylum application
1861,2022-10-01,9,Other,Female,35-44,Bachelor,Employed,Employment support
1949,2022-10-01,5,Senegal,Male,25-34,Lower secondary,Unemployed,Housing support
1952,2022-10-01,7,Côte d'Ivoire,Female,35-44,Lower secondary,Unemployed,Housing support
2030,2022-10-01,2,Colombia,Female,35-44,Bachelor,Inactive,Employment support
2056,2022-10-01,4,Tunisia,Female,35-44,Bachelor,Employed,Language training
2165,2022-10-01,2,Bangladesh,Male,25-34,Master,Employed,Employment support
2220,2022-10-01,2,China,Female,45-54,Upper secondary,Employed,Employment support
2366,2022-10-01,7,Italy,Female,55+,Bachelor,Unemployed,Integration program
2471,2022-10-01,1,Turkey,Male,25-34,Upper secondary,Employed,Language training
2510,2022-10-01,7,Other,Female,45-54,Bachelor,Inactive,Language training
2649,2022-10-01,1,Italy,Female,25-34,Bachelor,Unemployed,Housing support
2708,2022-10-01,1,Nigeria,Female,18-24,Upper secondary,Employed,Employment support
2787,2022-10-01,4,Georgia,Female,35-44,Bachelor,Unemployed,Employment support
2967,2022-10-01,3,Nigeria,Female,35-44,Upper secondary,Unemployed,Language training
3018,2022-10-01,1,Other,Male,25-34,Lower secondary,Unemployed,Asylum application
3042,2022-10-01,2,Other,Male,25-34,Master,Unemployed,Housing support
3054,2022-10-01,1,Morocco,Female,45-54,Master,Employed,Housing support
3085,2022-10-01,2,Nigeria,Female,18-24,Master,Employed,Language training
3103,2022-10-01,4,Other,Female,35-44,Doctorate,Employed,Integration program
3110,2022-10-01,1,Afghanistan,Female,25-34,Doctorate,Unemployed,Integration program
3153,2022-10-01,10,Portugal,Female,35-44,Upper secondary,Unemployed,Integration program
3166,2022-10-01,1,Ukraine,Female,25-34,Bachelor,Employed,Employment support
3199,2022-10-01,1,Afghanistan,Male,25-34,Upper secondary,Employed,Language training
3220,2022-10-01,5,Georgia,Male,25-34,Upper secondary,Employed,Housing support
3277,2022-10-01,9,Brazil,Female,45-54,Bachelor,Employed,Employment support
3297,2022-10-01,5,Algeria,Female,18-24,Master,Employed,Housing support
3307,2022-10-01,1,Portugal,Female,45-54,Lower secondary,Unemployed,Housing support
3402,2022-10-01,1,Ukraine,Male,35-44,Master,Employed,Asylum application
3437,2022-10-01,4,China,Male,25-34,Upper secondary,Employed,Language training
3471,2022-10-01,1,China,Female,35-44,Upper secondary,Employed,Language training
3488,2022-10-01,4,Ukraine,Female,35-44,Master,Employed,Asylum application
3591,2022-10-01,4,Morocco,Female,45-54,Master,Employed,Housing support
3632,2022-10-01,7,Bangladesh,Female,55+,Doctorate,Employed,Employment support
3712,2022-10-01,9,Italy,Male,25-34,Master,Employed,Housing support
3767,2022-10-01,2,Colombia,Female,25-34,Bachelor,Employed,Language training
3769,2022-10-01,4,Morocco,Female,35-44,Bachelor,Employed,Language training
3988,2022-10-01,7,Côte d'Ivoire,Female,45-54,Bachelor,Employed,Asylum application
4003,2022-10-01,7,Italy,Female,25-34,Master,Employed,Employment support
4019,2022-10-01,1,Italy,Male,25-34,Lower secondary,Unemployed,Employment support
4101,2022-10-01,4,Spain,Female,55+,Upper secondary,Inactive,Language training
4233,2022-10-01,4,Other,Male,25-34,Master,Employed,Employment support
4489,2022-10-01,2,Italy,Female,55+,Upper secondary,Unemployed,Language training
4494,2022-10-01,2,Syria,Female,25-34,Lower secondary,Unemployed,Language training
4518,2022-10-01,10,Colombia,Male,35-44,Upper secondary,Unemployed,Employment support
4548,2022-10-01,7,Colombia,Male,25-34,Upper secondary,Employed,Language training
4553,2022-10-01,5,Côte d'Ivoire,Male,55+,Lower secondary,Unemployed,Employment support
4555,2022-10-01,2,Ukraine,Female,45-54,Upper secondary,Unemployed,Language training
4803,2022-10-01,8,Spain,Male,35-44,Lower secondary,Employed,Integration program
4855,2022-10-01,4,Spain,Male,45-54,Lower secondary,Inactive,Housing support
4890,2022-10-01,7,Afghanistan,Male,18-24,Doctorate,Unemployed,Asylum application
4976,2022-10-01,4,Colombia,Male,25-34,Upper secondary,Employed,Asylum application
5022,2022-10-01,1,Afghanistan,Female,55+,Master,Employed,Integration program
5033,2022-10-01,6,Georgia,Male,55+,Lower secondary,Inactive,Language training
5048,2022-10-01,7,Italy,Male,25-34,Master,Unemployed,Housing support
5123,2022-10-01,9,Turkey,Male,35-44,Upper secondary,Unemployed,Integration program
5302,2022-10-01,1,India,Male,55+,Bachelor,Employed,Language training
5365,2022-10-01,4,Morocco,Male,35-44,Master,Unemployed,Employment support
5375,2022-10-01,6,Guinea,Female,18-24,Bachelor,Employed,Asylum application
5385,2022-10-01,5,Georgia,Male,25-34,Upper secondary,Employed,Language training
5496,2022-10-01,7,Tunisia,Female,25-34,Upper secondary,Employed,Integration program
5537,2022-10-01,8,Côte d'Ivoire,Male,35-44,Upper secondary,Unemployed,Asylum application
5610,2022-10-01,2,Spain,Male,18-24,Bachelor,Employed,Housing support
5716,2022-10-01,1,China,Female,45-54,Upper secondary,Inactive,Integration program
5734,2022-10-01,6,Portugal,Female,18-24,Master,Employed,Language training
5791,2022-10-01,5,Tunisia,Male,35-44,Master,Inactive,Employment support
5821,2022-10-01,1,Ukraine,Male,45-54,Bachelor,Unemployed,Asylum application
21,2022-11-01,5,Other,Male,55+,Master,Employed,Integration program
97,2022-11-01,9,Tunisia,Female,18-24,Upper secondary,Employed,Asylum application
158,2022-11-01,9,Nigeria,Female,18-24,Bachelor,Inactive,Integration program
174,2022-11-01,8,Brazil,Female,25-34,Doctorate,Employed,Language training
248,2022-11-01,4,Italy,Male,55+,Upper secondary,Unemployed,Housing support
255,2022-11-01,4,Colombia,Female,55+,Upper secondary,Employed,Asylum application
275,2022-11-01,3,Afghanistan,Female,18-24,Bachelor,Unemployed,Employment support
297,2022-11-01,3,India,Male,45-54,Doctorate,Unemployed,Language training
315,2022-11-01,7,Syria,Female,35-44,Upper secondary,Unemployed,Asylum application
361,2022-11-01,1,Senegal,Female,25-34,Doctorate,Employed,Language training
379,2022-11-01,3,Syria,Female,25-34,Upper secondary,Unemployed,Housing support
386,2022-11-01,1,Senegal,Male,45-54,Doctorate,Employed,Housing support
419,2022-11-01,3,Spain,Female,45-54,Upper secondary,Inactive,Housing support
485,2022-11-01,5,Tunisia,Female,55+,Lower secondary,Inactive,Integration program
519,2022-11-01,2,Brazil,Female,25-34,Lower secondary,Employed,Asylum application
541,2022-11-01,6,Tunisia,Male,45-54,Doctorate,Employed,Integration program
615,2022-11-01,3,Colombia,Female,55+,Upper secondary,Employed,Housing support
744,2022-11-01,7,Algeria,Female,18-24,Lower secondary,Unemployed,Language training
765,2022-11-01,7,Spain,Male,25-34,Master,Employed,Language training
786,2022-11-01,7,Algeria,Male,35-44,Upper secondary,Employed,Asylum application
851,2022-11-01,8,Nigeria,Male,55+,Upper secondary,Unemployed,Employment support
878,2022-11-01,1,Bangladesh,Male,25-34,Upper secondary,Employed,Housing support
884,2022-11-01,7,Guinea,Female,45-54,Bachelor,Unemployed,Asylum application
959,2022-11-01,1,Other,Male,25-34,Bachelor,Unemployed,Housing support
976,2022-11-01,6,Guinea,Male,18-24,Bachelor,Employed,Integration program
1049,2022-11-01,6,Côte d'Ivoire,Male,35-44,Master,Unemployed,Employment support
1116,2022-11-01,1,Italy,Female,45-54,Lower secondary,Unemployed,Integration program
1162,2022-11-01,4,Other,Female,25-34,Bachelor,Employed,Asylum application
1169,2022-11-01,10,Colombia,Male,35-44,Master,Employed,Integration program
1245,2022-11-01,7,Other,Female,25-34,Upper secondary,Employed,Integration program
1256,2022-11-01,8,Syria,Female,18-24,Master,Employed,Asylum application
1262,2022-11-01,10,Italy,Female,45-54,Upper secondary,Employed,Integration program
1385,2022-11-01,9,Ukraine,Female,18-24,Doctorate,Employed,Asylum application
1416,2022-11-01,6,India,Female,45-54,Master,Employed,Housing support
1441,2022-11-01,1,Afghanistan,Male,45-54,Upper secondary,Unemployed,Housing support
1456,2022-11-01,8,Portugal,Male,35-44,Lower secondary,Unemployed,Asylum application
1474,2022-11-01,1,Guinea,Male,25-34,Bachelor,Employed,Asylum application
1519,2022-11-01,1,Bangladesh,Male,25-34,Upper secondary,Employed,Integration program
1520,2022-11-01,2,Syria,Male,18-24,Upper secondary,Unemployed,Integration program
1534,2022-11-01,1,Turkey,Male,18-24,Bachelor,Unemployed,Language training
1551,2022-11-01,6,Nigeria,Male,45-54,Lower secondary,Employed,Integration program
1597,2022-11-01,1,Colombia,Male,25-34,Upper secondary,Employed,Employment support
1602,2022-11-01,5,Turkey,Female,55+,Lower secondary,Employed,Asylum application
1605,2022-11-01,1,Portugal,Female,45-54,Upper secondary,Employed,Employment support
1731,2022-11-01,1,China,Male,35-44,Doctorate,Employed,Asylum application
1755,2022-11-01,1,China,Female,25-34,Upper secondary,Employed,Language training
1816,2022-11-01,4,Spain,Female,25-34,Bachelor,Unemployed,Housing support
1833,2022-11-01,1,Syria,Male,18-24,Bachelor,Employed,Language training
1889,2022-11-01,7,Algeria,Male,35-44,Master,Employed,Housing support
1896,2022-11-01,2,China,Female,35-44,Upper secondary,Unemployed,Employment support
1947,2022-11-01,3,Nigeria,Male,55+,Upper secondary,Unemployed,Integration program
2040,2022-11-01,3,Côte d'Ivoire,Male,45-54,Master,Employed,Integration program
2097,2022-11-01,7,Afghanistan,Female,18-24,Lower secondary,Unemployed,Language training
2164,2022-11-01,5,Côte d'Ivoire,Male,25-34,Upper secondary,Inactive,Integration program
2219,2022-11-01,10,Brazil,Male,25-34,Doctorate,Employed,Language training
2244,2022-11-01,6,India,Female,25-34,Upper secondary,Employed,Language training
2281,2022-11-01,4,Spain,Male,35-44,Upper secondary,Employed,Asylum application
2343,2022-11-01,6,Turkey,Female,35-44,Bachelor,Employed,Language training
2360,2022-11-01,2,Brazil,Female,25-34,Upper secondary,Employed,Asylum application
2391,2022-11-01,3,Guinea,Female,35-44,Bachelor,Inactive,Asylum application
2489,2022-11-01,4,China,Female,45-54,Lower secondary,Employed,Employment support
2520,2022-11-01,5,Ukraine,Male,18-24,Upper secondary,Unemployed,Integration program
2548,2022-11-01,6,Nigeria,Male,35-44,Upper secondary,Employed,Housing support
2557,2022-11-01,5,Tunisia,Female,35-44,Lower secondary,Employed,Integration program
2581,2022-11-01,1,Senegal,Male,35-44,Lower secondary,Inactive,Housing support
2614,2022-11-01,7,Colombia,Female,18-24,Master,Employed,Asylum application
2657,2022-11-01,6,Tunisia,Male,25-34,Upper secondary,Inactive,Housing support
2658,2022-11-01,3,Other,Male,35-44,Bachelor,Employed,Integration program
2685,2022-11-01,5,Turkey,Female,25-34,Upper secondary,Employed,Asylum application
2702,2022-11-01,1,China,Male,35-44,Bachelor,Employed,Asylum application
2729,2022-11-01,1,Senegal,Female,18-24,Upper secondary,Unemployed,Asylum application
2878,2022-11-01,7,Other,Male,35-44,Upper secondary,Employed,Integration program
2880,2022-11-01,10,China,Male,35-44,Lower secondary,Unemployed,Integration program
2998,2022-11-01,7,Morocco,Female,25-34,Upper secondary,Employed,Employment support
3015,2022-11-01,5,Brazil,Female,55+,Upper secondary,Employed,Integration program
3105,2022-11-01,6,Bangladesh,Female,45-54,Bachelor,Employed,Asylum application
3162,2022-11-01,2,Brazil,Female,45-54,Doctorate,Employed,Integration program
3218,2022-11-01,4,India,Male,55+,Lower secondary,Unemployed,Integration program
3237,2022-11-01,4,Syria,Female,25-34,Doctorate,Employed,Language training
3293,2022-11-01,1,Tunisia,Female,35-44,Bachelor,Unemployed,Integration program
3330,2022-11-01,4,Nigeria,Male,35-44,Upper secondary,Employed,Integration program
3341,2022-11-01,9,Georgia,Male,18-24,Upper secondary,Employed,Language training
3348,2022-11-01,8,Brazil,Male,45-54,Bachelor,Employed,Integration program
3357,2022-11-01,9,Algeria,Male,55+,Bachelor,Employed,Housing support
3368,2022-11-01,6,Ukraine,Male,45-54,Bachelor,Employed,Housing support
3464,2022-11-01,1,China,Female,25-34,Upper secondary,Employed,Housing support
3490,2022-11-01,1,Nigeria,Male,55+,Bachelor,Unemployed,Asylum application
3506,2022-11-01,9,Spain,Female,35-44,Bachelor,Unemployed,Language training
3539,2022-11-01,2,Brazil,Male,35-44,Upper secondary,Unemployed,Employment support
3695,2022-11-01,5,Italy,Female,35-44,Master,Unemployed,Integration program
3736,2022-11-01,4,Spain,Male,35-44,Doctorate,Employed,Employment support
3808,2022-11-01,1,China,Male,18-24,Bachelor,Employed,Integration program
3816,2022-11-01,1,Senegal,Male,25-34,Upper secondary,Unemployed,Language training
3830,2022-11-01,9,Morocco,Female,35-44,Bachelor,Employed,Language training
3851,2022-11-01,7,Other,Male,25-34,Upper secondary,Employed,Housing support
3916,2022-11-01,4,India,Male,25-34,Upper secondary,Employed,Language training
3930,2022-11-01,1,Senegal,Female,35-44,Master,Employed,Housing support
3940,2022-11-01,4,Italy,Male,35-44,Lower secondary,Employed,Language training
3947,2022-11-01,1,Algeria,Male,45-54,Upper secondary,Employed,Employment support
4017,2022-11-01,6,Portugal,Male,35-44,Upper secondary,Employed,Integration program
4029,2022-11-01,2,Syria,Male,45-54,Bachelor,Employed,Housing support
4032,2022-11-01,1,Portugal,Female,45-54,Upper secondary,Unemployed,Housing support
4142,2022-11-01,2,Colombia,Female,45-54,Bachelor,Employed,Housing support
4247,2022-11-01,7,Senegal,Female,18-24,Master,Employed,Housing support
4272,2022-11-01,2,Turkey,Male,45-54,Bachelor,Unemployed,Integration program
4273,2022-11-01,7,Bangladesh,Male,35-44,Master,Employed,Asylum application
4301,2022-11-01,5,Colombia,Female,25-34,Bachelor,Employed,Employment support
4391,2022-11-01,6,Ukraine,Male,35-44,Upper secondary,Unemployed,Housing support
4459,2022-11-01,4,Bangladesh,Female,25-34,Lower secondary,Inactive,Integration program
4469,2022-11-01,1,China,Male,25-34,Doctorate,Employed,Language training
4614,2022-11-01,5,Côte d'Ivoire,Female,25-34,Bachelor,Unemployed,Employment support
4620,2022-11-01,1,Afghanistan,Female,45-54,Bachelor,Unemployed,Housing support
4639,2022-11-01,1,Spain,Male,35-44,Upper secondary,Employed,Language training
4664,2022-11-01,7,Guinea,Male,45-54,Lower secondary,Unemployed,Integration program
4746,2022-11-01,7,Bangladesh,Male,35-44,Lower secondary,Unemployed,Asylum application
4795,2022-11-01,8,China,Female,25-34,Upper secondary,Inactive,Employment support
4823,2022-11-01,5,Senegal,Male,25-34,Bachelor,Unemployed,Language training
4896,2022-11-01,10,Georgia,Male,55+,Bachelor,Unemployed,Asylum application
4936,2022-11-01,2,Senegal,Male,18-24,Upper secondary,Inactive,Language training
4998,2022-11-01,1,Afghanistan,Female,45-54,Bachelor,Unemployed,Asylum application
5065,2022-11-01,2,Guinea,Male,25-34,Master,Unemployed,Integration program
5107,2022-11-01,2,China,Male,45-54,Upper secondary,Unemployed,Language training
5235,2022-11-01,1,Brazil,Female,45-54,Bachelor,Employed,Employment support
5446,2022-11-01,1,Morocco,Female,18-24,Upper secondary,Employed,Integration program
5744,2022-11-01,4,Syria,Male,25-34,Master,Inactive,Housing support
5760,2022-11-01,1,Morocco,Male,35-44,Lower secondary,Employed,Housing support
5921,2022-11-01,3,India,Male,45-54,Bachelor,Employed,Housing support
5976,2022-11-01,5,Spain,Male,25-34,Upper secondary,Unemployed,Employment support
5977,2022-11-01,7,Portugal,Male,18-24,Master,Employed,Housing support
5982,2022-11-01,1,Spain,Female,25-34,Bachelor,Employed,Housing support
15,2022-12-01,8,Senegal,Male,18-24,Upper secondary,Employed,Employment support
23,2022-12-01,1,Afghanistan,Female,25-34,Doctorate,Employed,Employment support
66,2022-12-01,6,India,Female,45-54,Bachelor,Employed,Language training
105,2022-12-01,6,Turkey,Male,25-34,Master,Employed,Asylum application
145,2022-12-01,7,Brazil,Male,35-44,Bachelor,Employed,Language training
194,2022-12-01,3,Guinea,Male,35-44,Master,Employed,Housing support
230,2022-12-01,2,Nigeria,Female,25-34,Lower secondary,Unemployed,Language training
231,2022-12-01,1,Portugal,Male,55+,Lower secondary,Inactive,Integration program
263,2022-12-01,1,Guinea,Male,18-24,Upper secondary,Unemployed,Employment support
428,2022-12-01,7,Nigeria,Male,25-34,Master,Unemployed,Housing support
440,2022-12-01,3,Guinea,Male,35-44,Bachelor,Employed,Housing support
550,2022-12-01,4,Nigeria,Female,25-34,Upper secondary,Employed,Employment support
553,2022-12-01,10,China,Male,45-54,Upper secondary,Unemployed,Employment support
585,2022-12-01,1,Turkey,Male,35-44,Master,Employed,Language training
620,2022-12-01,2,Morocco,Female,25-34,Lower secondary,Inactive,Integration program
716,2022-12-01,3,Syria,Female,45-54,Upper secondary,Employed,Housing support
784,2022-12-01,7,Italy,Male,18-24,Bachelor,Employed,Asylum application
952,2022-12-01,2,Nigeria,Male,55+,Upper secondary,Employed,Integration program
1028,2022-12-01,2,Guinea,Female,25-34,Upper secondary,Employed,Employment support
1080,2022-12-01,7,Morocco,Female,55+,Upper secondary,Unemployed,Integration program
1083,2022-12-01,7,Other,Male,45-54,Master,Employed,Employment support
1117,2022-12-01,3,Colombia,Male,25-34,Lower secondary,Unemployed,Language training
1127,2022-12-01,1,Morocco,Female,25-34,Bachelor,Employed,Housing support
1161,2022-12-01,1,Morocco,Male,35-44,Lower secondary,Employed,Housing support
1166,2022-12-01,2,India,Male,25-34,Master,Employed,Asylum application
1188,2022-12-01,3,Other,Male,25-34,Doctorate,Employed,Employment support
1205,2022-12-01,1,Algeria,Female,35-44,Lower secondary,Unemployed,Language training
1308,2022-12-01,10,Bangladesh,Female,45-54,Bachelor,Employed,Housing support
1315,2022-12-01,3,Italy,Male,25-34,Lower secondary,Employed,Housing support
1319,2022-12-01,2,Algeria,Female,25-34,Master,Unemployed,Language training
1372,2022-12-01,1,Syria,Male,45-54,Doctorate,Employed,Asylum application
1395,2022-12-01,6,Nigeria,Male,45-54,Master,Employed,Employment support
1475,2022-12-01,6,Morocco,Female,25-34,Bachelor,Employed,Integration program
1545,2022-12-01,2,Côte d'Ivoire,Female,35-44,Bachelor,Employed,Integration program
1546,2022-12-01,6,Ukraine,Female,25-34,Upper secondary,Inactive,Integration program
1697,2022-12-01,4,Italy,Female,25-34,Upper secondary,Employed,Language training
1718,2022-12-01,3,Morocco,Female,45-54,Bachelor,Employed,Integration program
1723,2022-12-01,1,Afghanistan,Male,18-24,Bachelor,Unemployed,Language training
1725,2022-12-01,9,Côte d'Ivoire,Male,45-54,Bachelor,Unemployed,Language training
1765,2022-12-01,2,Brazil,Male,35-44,Lower secondary,Unemployed,Language training
1857,2022-12-01,1,Turkey,Female,25-34,Upper secondary,Inactive,Language training
2041,2022-12-01,1,China,Female,25-34,Upper secondary,Inactive,Housing support
2043,2022-12-01,1,Tunisia,Male,45-54,Bachelor,Unemployed,Integration program
2091,2022-12-01,6,Georgia,Male,25-34,Upper secondary,Employed,Integration program
2129,2022-12-01,1,Ukraine,Male,35-44,Lower secondary,Unemployed,Language training
2168,2022-12-01,6,Bangladesh,Male,55+,Upper secondary,Unemployed,Housing support
2270,2022-12-01,9,Brazil,Female,25-34,Master,Employed,Language training
2352,2022-12-01,1,Algeria,Female,45-54,Master,Unemployed,Asylum application
2424,2022-12-01,4,Algeria,Male,55+,Lower secondary,Inactive,Housing support
2442,2022-12-01,2,Guinea,Male,25-34,Upper secondary,Unemployed,Integration program
2476,2022-12-01,1,Other,Male,25-34,Lower secondary,Unemployed,Housing support
2570,2022-12-01,1,Italy,Male,45-54,Doctorate,Unemployed,Housing support
2587,2022-12-01,1,Afghanistan,Male,25-34,Upper secondary,Unemployed,Employment support
2617,2022-12-01,1,Brazil,Female,35-44,Upper secondary,Employed,Employment support
2642,2022-12-01,10,Senegal,Male,55+,Master,Unemployed,Asylum application
2714,2022-12-01,9,Algeria,Female,35-44,Lower secondary,Employed,Integration program
2719,2022-12-01,2,Spain,Male,35-44,Lower secondary,Employed,Employment support
2728,2022-12-01,1,Tunisia,Female,25-34,Lower secondary,Employed,Employment support
2734,2022-12-01,3,Senegal,Female,35-44,Upper secondary,Inactive,Employment support
2811,2022-12-01,1,Nigeria,Female,45-54,Lower secondary,Unemployed,Asylum application
2897,2022-12-01,10,Senegal,Female,25-34,Doctorate,Employed,Housing support
2934,2022-12-01,5,Portugal,Male,55+,Master,Employed,Language training
2950,2022-12-01,5,Italy,Male,25-34,Master,Employed,Language training
2958,2022-12-01,4,Syria,Female,35-44,Lower secondary,Employed,Language training
3030,2022-12-01,3,China,Male,18-24,Upper secondary,Inactive,Integration program
3112,2022-12-01,1,Italy,Male,25-34,Upper secondary,Employed,Employment support
3127,2022-12-01,1,Georgia,Male,25-34,Bachelor,Unemployed,Integration program
3176,2022-12-01,1,Turkey,Female,55+,Lower secondary,Inactive,Housing support
3196,2022-12-01,5,Portugal,Male,25-34,Upper secondary,Unemployed,Language training
3238,2022-12-01,9,Brazil,Male,35-44,Upper secondary,Unemployed,Asylum application
3267,2022-12-01,3,China,Female,25-34,Upper secondary,Employed,Housing support
3275,2022-12-01,4,Brazil,Male,35-44,Bachelor,Employed,Asylum application
3286,2022-12-01,3,Syria,Female,18-24,Bachelor,Employed,Integration program
3415,2022-12-01,7,India,Male,45-54,Upper secondary,Employed,Housing support
3428,2022-12-01,3,India,Male,25-34,Master,Employed,Housing support
3450,2022-12-01,9,Tunisia,Female,25-34,Master,Employed,Integration program
3600,2022-12-01,3,Other,Female,35-44,Upper secondary,Unemployed,Asylum application
3605,2022-12-01,1,Spain,Male,25-34,Doctorate,Employed,Asylum application
3657,2022-12-01,8,China,Female,25-34,Upper secondary,Employed,Asylum application
3681,2022-12-01,5,Other,Male,35-44,Master,Employed,Employment support
3748,2022-12-01,5,China,Female,45-54,Master,Employed,Housing support
3781,2022-12-01,4,India,Female,25-34,Lower secondary,Employed,Housing support
3826,2022-12-01,3,Turkey,Female,18-24,Bachelor,Unemployed,Asylum application
3863,2022-12-01,7,Guinea,Female,18-24,Bachelor,Employed,Employment support
3997,2022-12-01,3,Guinea,Male,25-34,Lower secondary,Inactive,Employment support
4008,2022-12-01,8,Tunisia,Female,55+,Upper secondary,Employed,Integration program
4045,2022-12-01,1,Italy,Male,25-34,Bachelor,Unemployed,Language training
4046,2022-12-01,10,Côte d'Ivoire,Female,35-44,Upper secondary,Unemployed,Employment support
4105,2022-12-01,2,Nigeria,Male,35-44,Master,Employed,Language training
4154,2022-12-01,2,Algeria,Female,25-34,Bachelor,Employed,Housing support
4168,2022-12-01,5,Brazil,Female,45-54,Upper secondary,Unemployed,Housing support
4181,2022-12-01,4,Senegal,Male,45-54,Bachelor,Unemployed,Integration program
4254,2022-12-01,3,India,Female,25-34,Bachelor,Employed,Housing support
4303,2022-12-01,6,China,Male,35-44,Doctorate,Employed,Integration program
4357,2022-12-01,2,China,Female,35-44,Doctorate,Employed,Asylum application
4418,2022-12-01,4,Senegal,Female,18-24,Lower secondary,Unemployed,Integration program
4470,2022-12-01,7,Tunisia,Male,25-34,Upper secondary,Employed,Housing support
4616,2022-12-01,10,Algeria,Male,25-34,Upper secondary,Inactive,Asylum application
4688,2022-12-01,7,Turkey,Female,45-54,Bachelor,Employed,Integration program
4697,2022-12-01,10,China,Male,25-34,Upper secondary,Employed,Employment support
4698,2022-12-01,6,Italy,Male,35-44,Bachelor,Employed,Housing support
4802,2022-12-01,5,Afghanistan,Female,25-34,Upper secondary,Employed,Language training
4808,2022-12-01,4,Colombia,Male,25-34,Bachelor,Employed,Asylum application
4815,2022-12-01,3,Portugal,Male,18-24,Upper secondary,Unemployed,Housing support
4830,2022-12-01,6,Côte d'Ivoire,Female,25-34,Master,Employed,Language training
4848,2022-12-01,7,Syria,Male,18-24,Bachelor,Employed,Housing support
4851,2022-12-01,1,China,Female,25-34,Upper secondary,Unemployed,Housing support
4915,2022-12-01,1,Senegal,Female,55+,Upper secondary,Unemployed,Asylum application
5141,2022-12-01,1,Spain,Female,25-34,Bachelor,Unemployed,Asylum application
5232,2022-12-01,1,Côte d'Ivoire,Male,55+,Master,Unemployed,Language training
5243,2022-12-01,5,Georgia,Female,35-44,Upper secondary,Employed,Language training
5275,2022-12-01,7,Guinea,Male,18-24,Upper secondary,Employed,Employment support
5328,2022-12-01,3,Turkey,Female,18-24,Master,Employed,Integration program
5343,2022-12-01,2,Senegal,Male,25-34,Master,Employed,Asylum application
5507,2022-12-01,6,Nigeria,Female,35-44,Upper secondary,Unemployed,Employment support
5518,2022-12-01,1,Georgia,Female,25-34,Upper secondary,Employed,Asylum application
5531,2022-12-01,7,Spain,Male,35-44,Upper secondary,Unemployed,Employment support
5585,2022-12-01,1,Brazil,Female,45-54,Bachelor,Employed,Integration program
5601,2022-12-01,5,China,Male,45-54,Bachelor,Employed,Asylum application
5645,2022-12-01,8,Brazil,Male,35-44,Bachelor,Employed,Employment support
5686,2022-12-01,3,Georgia,Male,45-54,Lower secondary,Unemployed,Language training
5748,2022-12-01,7,Ukraine,Male,25-34,Doctorate,Employed,Employment support
5751,2022-12-01,7,Guinea,Male,45-54,Lower secondary,Unemployed,Integration program
5784,2022-12-01,6,Other,Female,35-44,Master,Inactive,Housing support
5810,2022-12-01,5,Bangladesh,Female,45-54,Master,Unemployed,Language training
5818,2022-12-01,1,Morocco,Male,25-34,Upper secondary,Employed,Employment support
5895,2022-12-01,9,Bangladesh,Male,18-24,Lower secondary,Employed,Housing support
5971,2022-12-01,7,Other,Male,45-54,Upper secondary,Unemployed,Asylum application
17,2023-01-01,3,Syria,Female,25-34,Bachelor,Unemployed,Employment support
104,2023-01-01,1,Syria,Male,45-54,Doctorate,Employed,Housing support
113,2023-01-01,2,Bangladesh,Female,25-34,Upper secondary,Unemployed,Employment support
133,2023-01-01,2,Tunisia,Female,45-54,Bachelor,Employed,Housing support
140,2023-01-01,10,Tunisia,Male,25-34,Lower secondary,Unemployed,Language training
183,2023-01-01,7,Syria,Male,45-54,Bachelor,Unemployed,Housing support
256,2023-01-01,1,Ukraine,Male,55+,Master,Unemployed,Housing support
291,2023-01-01,8,Italy,Female,35-44,Master,Employed,Integration program
435,2023-01-01,3,Algeria,Female,35-44,Lower secondary,Inactive,Language training
502,2023-01-01,3,Bangladesh,Female,25-34,Master,Employed,Integration program
515,2023-01-01,4,Guinea,Male,25-34,Upper secondary,Employed,Language training
529,2023-01-01,6,Italy,Male,35-44,Master,Employed,Asylum application
539,2023-01-01,1,Other,Male,35-44,Upper secondary,Unemployed,Language training
555,2023-01-01,1,Portugal,Male,25-34,Lower secondary,Unemployed,Housing support
560,2023-01-01,5,Côte d'Ivoire,Female,25-34,Bachelor,Employed,Asylum application
594,2023-01-01,4,Senegal,Female,45-54,Bachelor,Employed,Asylum application
605,2023-01-01,3,Bangladesh,Male,45-54,Doctorate,Employed,Integration program
655,2023-01-01,1,Senegal,Male,35-44,Master,Employed,Integration program
667,2023-01-01,4,Italy,Female,45-54,Master,Employed,Language training
670,2023-01-01,3,Georgia,Male,45-54,Upper secondary,Unemployed,Asylum application
692,2023-01-01,4,Georgia,Male,18-24,Master,Employed,Language training
743,2023-01-01,1,Italy,Male,18-24,Master,Employed,Employment support
793,2023-01-01,6,Turkey,Male,35-44,Upper secondary,Employed,Integration program
819,2023-01-01,1,Italy,Male,18-24,Bachelor,Employed,Integration program
833,2023-01-01,5,Other,Male,25-34,Upper secondary,Employed,Housing support
834,2023-01-01,1,China,Male,55+,Bachelor,Employed,Housing support
934,2023-01-01,1,Morocco,Male,35-44,Master,Employed,Employment support
947,2023-01-01,10,Spain,Male,45-54,Bachelor,Employed,Language training
949,2023-01-01,2,Morocco,Male,35-44,Master,Employed,Employment support
999,2023-01-01,4,Georgia,Male,45-54,Doctorate,Unemployed,Employment support
1136,2023-01-01,1,Algeria,Female,35-44,Upper secondary,Unemployed,Employment support
1191,2023-01-01,5,Turkey,Male,35-44,Upper secondary,Employed,Integration program
1204,2023-01-01,4,Nigeria,Male,55+,Bachelor,Employed,Language training
1209,2023-01-01,1,Bangladesh,Female,25-34,Upper secondary,Unemployed,Housing support
1408,2023-01-01,6,Portugal,Female,35-44,Lower secondary,Unemployed,Integration program
1439,2023-01-01,1,Georgia,Male,25-34,Doctorate,Employed,Housing support
1487,2023-01-01,1,Italy,Female,25-34,Doctorate,Employed,Language training
1499,2023-01-01,5,Portugal,Female,35-44,Upper secondary,Employed,Language training
1518,2023-01-01,3,Guinea,Female,35-44,Doctorate,Employed,Housing support
1615,2023-01-01,6,Côte d'Ivoire,Female,25-34,Master,Unemployed,Integration program
1721,2023-01-01,2,Portugal,Female,25-34,Lower secondary,Unemployed,Integration program
1733,2023-01-01,1,Colombia,Female,25-34,Master,Employed,Housing support
1749,2023-01-01,2,Bangladesh,Male,25-34,Bachelor,Employed,Integration program
1777,2023-01-01,5,Algeria,Female,25-34,Bachelor,Employed,Language training
1804,2023-01-01,9,China,Female,35-44,Bachelor,Employed,Language training
1878,2023-01-01,1,Turkey,Male,45-54,Upper secondary,Employed,Asylum application
1969,2023-01-01,1,Côte d'Ivoire,Male,18-24,Bachelor,Employed,Integration program
2074,2023-01-01,3,Bangladesh,Female,25-34,Master,Employed,Asylum application
2133,2023-01-01,6,China,Female,45-54,Doctorate,Unemployed,Integration program
2237,2023-01-01,7,Ukraine,Male,55+,Lower secondary,Inactive,Integration program
2245,2023-01-01,1,Colombia,Male,55+,Upper secondary,Employed,Employment support
2258,2023-01-01,8,Turkey,Male,25-34,Master,Employed,Asylum application
2286,2023-01-01,1,Côte d'Ivoire,Female,25-34,Lower secondary,Employed,Language training
2293,2023-01-01,7,Afghanistan,Male,25-34,Bachelor,Employed,Asylum application
2346,2023-01-01,8,Senegal,Female,35-44,Lower secondary,Unemployed,Integration program
2504,2023-01-01,2,Georgia,Male,35-44,Master,Inactive,Housing support
2529,2023-01-01,5,Côte d'Ivoire,Female,45-54,Master,Employed,Employment support
2594,2023-01-01,4,Afghanistan,Male,25-34,Lower secondary,Inactive,Asylum application
2669,2023-01-01,5,Tunisia,Female,35-44,Bachelor,Employed,Employment support
2683,2023-01-01,4,India,Female,45-54,Upper secondary,Unemployed,Employment support
2709,2023-01-01,7,Côte d'Ivoire,Male,18-24,Upper secondary,Unemployed,Asylum application
2759,2023-01-01,1,Tunisia,Male,25-34,Bachelor,Employed,Housing support
2805,2023-01-01,2,Nigeria,Female,45-54,Lower secondary,Unemployed,Housing support
2830,2023-01-01,1,Bangladesh,Female,55+,Master,Inactive,Employment support
2861,2023-01-01,1,Afghanistan,Male,25-34,Upper secondary,Employed,Asylum application
2867,2023-01-01,6,Brazil,Male,18-24,Upper secondary,Unemployed,Language training
2894,2023-01-01,3,Algeria,Male,25-34,Bachelor,Unemployed,Asylum application
2896,2023-01-01,4,Turkey,Female,18-24,Lower secondary,Inactive,Language training
2955,2023-01-01,4,Morocco,Male,35-44,Bachelor,Unemployed,Asylum application
3032,2023-01-01,2,Côte d'Ivoire,Female,55+,Lower secondary,Unemployed,Asylum application
3062,2023-01-01,6,Brazil,Male,55+,Upper secondary,Unemployed,Employment support
3147,2023-01-01,2,Syria,Female,25-34,Master,Unemployed,Employment support
3282,2023-01-01,2,Nigeria,Female,55+,Lower secondary,Employed,Integration program
3427,2023-01-01,1,Tunisia,Female,25-34,Lower secondary,Unemployed,Language training
3432,2023-01-01,1,Italy,Female,25-34,Bachelor,Unemployed,Housing support
3515,2023-01-01,7,Algeria,Female,25-34,Master,Employed,Housing support
3516,2023-01-01,2,Morocco,Female,55+,Master,Employed,Housing support
3568,2023-01-01,5,China,Female,45-54,Bachelor,Employed,Language training
3601,2023-01-01,2,Morocco,Male,35-44,Upper secondary,Employed,Language training
3663,2023-01-01,3,Turkey,Male,25-34,Master,Unemployed,Housing support
3682,2023-01-01,7,Other,Female,18-24,Upper secondary,Employed,Housing support
3723,2023-01-01,1,Turkey,Male,35-44,Master,Unemployed,Language training
3751,2023-01-01,1,Algeria,Male,55+,Lower secondary,Employed,Housing support
3757,2023-01-01,8,Other,Male,45-54,Upper secondary,Employed,Employment support
4037,2023-01-01,3,Ukraine,Male,45-54,Upper secondary,Employed,Employment support
4049,2023-01-01,8,Italy,Female,55+,Upper secondary,Unemployed,Housing support
4068,2023-01-01,1,China,Male,55+,Bachelor,Unemployed,Employment support
4201,2023-01-01,1,China,Female,35-44,Upper secondary,Employed,Language training
4205,2023-01-01,6,Portugal,Female,35-44,Master,Employed,Asylum application
4268,2023-01-01,6,Nigeria,Male,25-34,Master,Employed,Language training
4282,2023-01-01,9,Other,Female,45-54,Upper secondary,Unemployed,Integration program
4369,2023-01-01,2,China,Male,35-44,Lower secondary,Unemployed,Employment support
4437,2023-01-01,1,Georgia,Female,25-34,Master,Employed,Language training
4507,2023-01-01,4,Italy,Female,35-44,Upper secondary,Employed,Employment support
4526,2023-01-01,1,Brazil,Female,25-34,Bachelor,Employed,Language training
4547,2023-01-01,3,Georgia,Male,35-44,Doctorate,Employed,Employment support
4592,2023-01-01,4,Algeria,Male,45-54,Bachelor,Unemployed,Asylum application
4624,2023-01-01,1,Algeria,Female,35-44,Master,Employed,Housing support
4668,2023-01-01,6,Nigeria,Male,18-24,Upper secondary,Unemployed,Language training
4739,2023-01-01,6,Nigeria,Male,45-54,Lower secondary,Unemployed,Employment support
4743,2023-01-01,1,China,Male,18-24,Master,Unemployed,Integration program
4773,2023-01-01,1,Italy,Female,25-34,Lower secondary,Unemployed,Housing support
4899,2023-01-01,1,Portugal,Female,18-24,Master,Unemployed,Asylum application
4901,2023-01-01,4,Ukraine,Female,25-34,Bachelor,Employed,Housing support
4935,2023-01-01,9,Afghanistan,Female,25-34,Bachelor,Employed,Integration program
4990,2023-01-01,2,Senegal,Male,45-54,Lower secondary,Unemployed,Housing support
5000,2023-01-01,1,Bangladesh,Female,55+,Bachelor,Employed,Employment support
5005,2023-01-01,5,Afghanistan,Female,45-54,Lower secondary,Unemployed,Integration program
5063,2023-01-01,4,India,Female,25-34,Upper secondary,Unemployed,Housing support
5211,2023-01-01,6,Bangladesh,Male,35-44,Bachelor,Unemployed,Language training
5216,2023-01-01,1,Algeria,Female,18-24,Upper secondary,Unemployed,Housing support
5433,2023-01-01,3,Tunisia,Female,45-54,Bachelor,Employed,Language training
5442,2023-01-01,5,Senegal,Female,25-34,Master,Employed,Asylum application
5470,2023-01-01,5,Algeria,Female,45-54,Lower secondary,Employed,Housing support
5473,2023-01-01,1,Algeria,Female,18-24,Doctorate,Employed,Language training
5526,2023-01-01,2,Guinea,Female,45-54,Master,Employed,Language training
5544,2023-01-01,2,Morocco,Male,45-54,Bachelor,Employed,Employment support
5574,2023-01-01,2,Syria,Female,55+,Master,Inactive,Housing support
5599,2023-01-01,10,Georgia,Male,35-44,Bachelor,Employed,Asylum application
5732,2023-01-01,6,Nigeria,Male,25-34,Master,Employed,Employment support
5757,2023-01-01,1,Morocco,Male,55+,Lower secondary,Unemployed,Language training
5779,2023-01-01,2,Guinea,Male,25-34,Bachelor,Employed,Language training
5880,2023-01-01,1,Turkey,Male,35-44,Upper secondary,Employed,Housing support
5903,2023-01-01,1,Spain,Female,25-34,Lower secondary,Inactive,Language training
5910,2023-01-01,7,Colombia,Male,35-44,Lower secondary,Unemployed,Employment support
5925,2023-01-01,1,Brazil,Female,25-34,Bachelor,Inactive,Housing support
6000,2023-01-01,9,Afghanistan,Female,35-44,Master,Employed,Asylum application
41,2023-02-01,4,Guinea,Male,25-34,Upper secondary,Employed,Language training
62,2023-02-01,3,Syria,Male,25-34,Bachelor,Inactive,Asylum application
88,2023-02-01,1,China,Male,25-34,Bachelor,Employed,Housing support
173,2023-02-01,1,Nigeria,Male,25-34,Upper secondary,Employed,Employment support
234,2023-02-01,3,Turkey,Male,25-34,Bachelor,Employed,Language training
237,2023-02-01,2,Senegal,Male,25-34,Bachelor,Unemployed,Employment support
292,2023-02-01,3,Portugal,Male,55+,Lower secondary,Unemployed,Housing support
293,2023-02-01,1,Portugal,Male,55+,Master,Employed,Integration program
330,2023-02-01,2,Turkey,Male,25-34,Upper secondary,Unemployed,Asylum application
433,2023-02-01,1,Turkey,Male,18-24,Bachelor,Employed,Integration program
500,2023-02-01,4,Senegal,Female,35-44,Bachelor,Employed,Employment support
543,2023-02-01,1,Guinea,Male,55+,Master,Employed,Asylum application
552,2023-02-01,6,Ukraine,Male,25-34,Upper secondary,Employed,Asylum application
616,2023-02-01,2,Algeria,Female,18-24,Master,Inactive,Housing support
622,2023-02-01,1,Bangladesh,Female,25-34,Bachelor,Unemployed,Integration program
658,2023-02-01,3,Côte d'Ivoire,Female,55+,Upper secondary,Unemployed,Language training
719,2023-02-01,3,Afghanistan,Female,35-44,Bachelor,Employed,Asylum application
772,2023-02-01,2,Tunisia,Male,35-44,Bachelor,Employed,Asylum application
787,2023-02-01,1,Afghanistan,Female,25-34,Master,Employed,Asylum application
843,2023-02-01,4,Côte d'Ivoire,Male,45-54,Bachelor,Unemployed,Language training
873,2023-02-01,2,Algeria,Male,25-34,Doctorate,Employed,Employment support
922,2023-02-01,2,Guinea,Female,45-54,Master,Inactive,Asylum application
945,2023-02-01,1,Italy,Male,25-34,Upper secondary,Employed,Housing support
963,2023-02-01,1,Tunisia,Male,35-44,Lower secondary,Unemployed,Language training
982,2023-02-01,3,Syria,Male,55+,Master,Employed,Language training
985,2023-02-01,1,China,Male,25-34,Upper secondary,Employed,Language training
1015,2023-02-01,1,Guinea,Male,25-34,Upper secondary,Employed,Asylum application
1059,2023-02-01,6,Tunisia,Female,35-44,Bachelor,Employed,Integration program
1119,2023-02-01,7,Colombia,Female,25-34,Upper secondary,Unemployed,Language training
1223,2023-02-01,1,Ukraine,Male,35-44,Master,Employed,Asylum application
1239,2023-02-01,4,Guinea,Male,35-44,Upper secondary,Employed,Integration program
1325,2023-02-01,5,Tunisia,Female,45-54,Upper secondary,Inactive,Asylum application
1337,2023-02-01,2,Portugal,Female,35-44,Upper secondary,Employed,Language training
1346,2023-02-01,8,India,Female,35-44,Bachelor,Unemployed,Housing support
1382,2023-02-01,1,Turkey,Male,25-34,Lower secondary,Inactive,Language training
1394,2023-02-01,1,Afghanistan,Male,45-54,Lower secondary,Employed,Integration program
1449,2023-02-01,1,Colombia,Female,35-44,Bachelor,Inactive,Housing support
1556,2023-02-01,2,Afghanistan,Male,55+,Master,Employed,Asylum application
1590,2023-02-01,3,Ukraine,Female,25-34,Upper secondary,Employed,Employment support
1625,2023-02-01,1,Colombia,Male,25-34,Upper secondary,Employed,Asylum application
1642,2023-02-01,3,Côte d'Ivoire,Male,55+,Lower secondary,Unemployed,Integration program
1729,2023-02-01,1,Senegal,Female,35-44,Lower secondary,Employed,Language training
1806,2023-02-01,2,Guinea,Female,35-44,Bachelor,Employed,Asylum application
2008,2023-02-01,2,Portugal,Male,45-54,Lower secondary,Inactive,Employment support
2090,2023-02-01,1,Turkey,Female,18-24,Bachelor,Employed,Employment support
2096,2023-02-01,8,Algeria,Female,45-54,Upper secondary,Employed,Housing support
2177,2023-02-01,1,Guinea,Male,35-44,Upper secondary,Unemployed,Integration program
2200,2023-02-01,1,Colombia,Female,25-34,Bachelor,Employed,Integration program
2256,2023-02-01,6,Portugal,Female,25-34,Bachelor,Unemployed,Language training
2326,2023-02-01,3,Colombia,Male,25-34,Doctorate,Employed,Employment support
2371,2023-02-01,1,Bangladesh,Female,25-34,Bachelor,Employed,Integration program
2449,2023-02-01,5,Brazil,Male,18-24,Bachelor,Unemployed,Housing support
2491,2023-02-01,8,Brazil,Male,25-34,Doctorate,Employed,Asylum application
2568,2023-02-01,3,Ukraine,Male,25-34,Lower secondary,Employed,Language training
2578,2023-02-01,1,Côte d'Ivoire,Female,25-34,Master,Employed,Asylum application
2592,2023-02-01,5,Georgia,Male,18-24,Master,Unemployed,Housing support
2691,2023-02-01,3,Syria,Female,35-44,Doctorate,Unemployed,Employment support
2741,2023-02-01,8,India,Female,18-24,Lower secondary,Unemployed,Housing support
2839,2023-02-01,5,Morocco,Male,25-34,Upper secondary,Unemployed,Integration program
2927,2023-02-01,7,Turkey,Female,45-54,Bachelor,Employed,Housing support
3076,2023-02-01,5,Other,Male,18-24,Master,Employed,Asylum application
3121,2023-02-01,1,Morocco,Female,35-44,Upper secondary,Employed,Asylum application
3160,2023-02-01,7,India,Female,25-34,Upper secondary,Employed,Integration program
3168,2023-02-01,6,Portugal,Male,18-24,Upper secondary,Unemployed,Employment support
3188,2023-02-01,5,Nigeria,Male,35-44,Master,Unemployed,Employment support
3232,2023-02-01,3,Brazil,Male,45-54,Lower secondary,Inactive,Integration program
3257,2023-02-01,2,Syria,Male,35-44,Lower secondary,Inactive,Integration program
3304,2023-02-01,1,Senegal,Male,35-44,Doctorate,Employed,Employment support
3360,2023-02-01,1,Italy,Female,18-24,Bachelor,Employed,Employment support
3367,2023-02-01,1,Senegal,Male,35-44,Bachelor,Unemployed,Asylum application
3381,2023-02-01,4,Guinea,Female,25-34,Upper secondary,Employed,Language training
3392,2023-02-01,1,Senegal,Male,45-54,Bachelor,Employed,Integration program
3480,2023-02-01,2,Tunisia,Male,35-44,Bachelor,Employed,Asylum application
3498,2023-02-01,1,Georgia,Male,18-24,Master,Employed,Employment support
3513,2023-02-01,8,India,Female,25-34,Doctorate,Inactive,Language training
3547,2023-02-01,1,Georgia,Male,35-44,Bachelor,Employed,Housing support
3634,2023-02-01,7,Turkey,Female,25-34,Upper secondary,Unemployed,Integration program
3650,2023-02-01,10,Colombia,Male,25-34,Master,Employed,Asylum application
3675,2023-02-01,1,Italy,Female,25-34,Master,Employed,Housing support
3711,2023-02-01,7,Spain,Female,45-54,Master,Unemployed,Employment support
3720,2023-02-01,2,Guinea,Female,18-24,Bachelor,Unemployed,Employment support
3741,2023-02-01,4,Nigeria,Female,35-44,Upper secondary,Inactive,Housing support
3765,2023-02-01,2,Colombia,Male,25-34,Lower secondary,Unemployed,Integration program
3778,2023-02-01,9,Côte d'Ivoire,Male,35-44,Lower secondary,Inactive,Language training
3800,2023-02-01,1,Senegal,Male,25-34,Upper secondary,Unemployed,Housing support
3903,2023-02-01,1,Senegal,Male,35-44,Bachelor,Unemployed,Housing support
4060,2023-02-01,1,Spain,Female,55+,Master,Employed,Employment support
4109,2023-02-01,3,Other,Female,45-54,Master,Unemployed,Integration program
4196,2023-02-01,4,Portugal,Male,55+,Bachelor,Employed,Language training
4209,2023-02-01,9,Italy,Female,25-34,Upper secondary,Unemployed,Asylum application
4305,2023-02-01,1,Turkey,Male,45-54,Lower secondary,Inactive,Asylum application
4525,2023-02-01,1,Spain,Male,45-54,Master,Employed,Employment support
4642,2023-02-01,5,Georgia,Male,45-54,Lower secondary,Employed,Housing support
4667,2023-02-01,6,Afghanistan,Female,25-34,Master,Employed,Employment support
4689,2023-02-01,3,Italy,Female,35-44,Master,Employed,Language training
4718,2023-02-01,5,Nigeria,Male,45-54,Bachelor,Employed,Employment support
4730,2023-02-01,7,Senegal,Female,45-54,Upper secondary,Unemployed,Housing support
4779,2023-02-01,8,Afghanistan,Female,45-54,Upper secondary,Employed,Housing support
4845,2023-02-01,8,Guinea,Male,25-34,Upper secondary,Unemployed,Employment support
5032,2023-02-01,2,Georgia,Male,25-34,Master,Employed,Asylum application
5085,2023-02-01,9,Spain,Female,25-34,Doctorate,Inactive,Asylum application
5226,2023-02-01,1,Spain,Male,25-34,Upper secondary,Employed,Asylum application
5228,2023-02-01,1,India,Female,35-44,Lower secondary,Inactive,Asylum application
5270,2023-02-01,1,China,Female,25-34,Bachelor,Unemployed,Language training
5291,2023-02-01,3,China,Male,45-54,Upper secondary,Unemployed,Asylum application
5293,2023-02-01,1,India,Male,25-34,Master,Unemployed,Housing support
5464,2023-02-01,10,Turkey,Male,25-34,Master,Employed,Integration program
5515,2023-02-01,8,Nigeria,Male,25-34,Lower secondary,Unemployed,Housing support
5652,2023-02-01,2,Algeria,Female,35-44,Upper secondary,Unemployed,Employment support
5661,2023-02-01,3,Georgia,Male,45-54,Upper secondary,Employed,Asylum application
5700,2023-02-01,7,Turkey,Male,45-54,Lower secondary,Unemployed,Asylum application
5738,2023-02-01,7,Brazil,Female,45-54,Bachelor,Inactive,Asylum application
5924,2023-02-01,7,Ukraine,Male,45-54,Upper secondary,Employed,Language training
5939,2023-02-01,4,Ukraine,Female,25-34,Bachelor,Employed,Language training
49,2023-03-01,1,Tunisia,Female,25-34,Bachelor,Employed,Integration program
73,2023-03-01,8,Morocco,Female,18-24,Master,Employed,Integration program
213,2023-03-01,1,Morocco,Male,25-34,Upper secondary,Unemployed,Asylum application
254,2023-03-01,3,Nigeria,Male,25-34,Upper secondary,Employed,Employment support
274,2023-03-01,2,Morocco,Male,18-24,Bachelor,Employed,Asylum application
299,2023-03-01,6,Colombia,Male,25-34,Master,Employed,Language training
312,2023-03-01,8,Brazil,Male,45-54,Upper secondary,Employed,Language training
364,2023-03-01,5,Côte d'Ivoire,Male,18-24,Lower secondary,Inactive,Asylum application
390,2023-03-01,1,Turkey,Female,25-34,Master,Unemployed,Housing support
404,2023-03-01,4,Syria,Male,35-44,Lower secondary,Unemployed,Employment support
406,2023-03-01,1,Italy,Female,45-54,Master,Employed,Integration program
512,2023-03-01,4,Nigeria,Female,25-34,Master,Employed,Housing support
518,2023-03-01,7,Nigeria,Male,35-44,Master,Employed,Asylum application
593,2023-03-01,1,Guinea,Female,25-34,Upper secondary,Unemployed,Housing support
674,2023-03-01,1,Bangladesh,Female,25-34,Bachelor,Employed,Housing support
695,2023-03-01,3,Bangladesh,Female,25-34,Master,Employed,Integration program
737,2023-03-01,1,China,Female,18-24,Upper secondary,Employed,Employment support
766,2023-03-01,3,Côte d'Ivoire,Female,35-44,Lower secondary,Employed,Employment support
776,2023-03-01,1,China,Male,25-34,Master,Employed,Housing support
916,2023-03-01,1,Georgia,Male,45-54,Doctorate,Unemployed,Integration program
926,2023-03-01,1,Tunisia,Female,25-34,Upper secondary,Employed,Asylum application
1001,2023-03-01,3,Guinea,Male,45-54,Lower secondary,Unemployed,Asylum application
1055,2023-03-01,9,India,Male,18-24,Upper secondary,Employed,Integration program
1056,2023-03-01,1,Brazil,Male,25-34,Bachelor,Employed,Housing support
1074,2023-03-01,6,Ukraine,Female,35-44,Doctorate,Employed,Housing support
1126,2023-03-01,1,Guinea,Male,55+,Bachelor,Employed,Language training
1143,2023-03-01,9,Afghanistan,Female,45-54,Master,Employed,Asylum application
1153,2023-03-01,2,Portugal,Female,55+,Lower secondary,Inactive,Employment support
1172,2023-03-01,5,Senegal,Female,35-44,Master,Employed,Housing support
1184,2023-03-01,1,Côte d'Ivoire,Male,25-34,Upper secondary,Employed,Asylum application
1257,2023-03-01,5,Other,Male,25-34,Master,Employed,Integration program
1288,2023-03-01,1,Georgia,Female,18-24,Upper secondary,Inactive,Asylum application
1334,2023-03-01,4,Côte d'Ivoire,Male,35-44,Doctorate,Employed,Employment support
1451,2023-03-01,1,Other,Male,25-34,Master,Employed,Asylum application
1516,2023-03-01,1,Other,Female,35-44,Upper secondary,Unemployed,Integration program
1528,2023-03-01,4,Georgia,Male,45-54,Bachelor,Employed,Language training
1557,2023-03-01,5,Nigeria,Male,25-34,Doctorate,Employed,Employment support
1570,2023-03-01,2,Turkey,Male,55+,Bachelor,Unemployed,Housing support
1587,2023-03-01,7,Portugal,Male,25-34,Upper secondary,Employed,Housing support
1690,2023-03-01,6,Portugal,Male,25-34,Upper secondary,Employed,Language training
1702,2023-03-01,3,Italy,Male,35-44,Doctorate,Employed,Employment support
1793,2023-03-01,1,Bangladesh,Female,25-34,Upper secondary,Employed,Asylum application
1831,2023-03-01,7,Guinea,Male,55+,Bachelor,Employed,Integration program
1871,2023-03-01,9,Georgia,Male,18-24,Upper secondary,Employed,Employment support
1881,2023-03-01,3,Nigeria,Male,25-34,Bachelor,Unemployed,Asylum application
2036,2023-03-01,1,Morocco,Female,45-54,Master,Employed,Housing support
2084,2023-03-01,1,Brazil,Male,35-44,Upper secondary,Employed,Integration program
2151,2023-03-01,1,Afghanistan,Male,35-44,Bachelor,Employed,Integration program
2178,2023-03-01,2,India,Female,35-44,Master,Unemployed,Employment support
2236,2023-03-01,1,Nigeria,Male,18-24,Master,Employed,Employment support
2240,2023-03-01,5,Côte d'Ivoire,Female,25-34,Bachelor,Employed,Asylum application
2285,2023-03-01,1,Côte d'Ivoire,Female,18-24,Upper secondary,Inactive,Housing support
2321,2023-03-01,4,Morocco,Female,18-24,Lower secondary,Inactive,Asylum application
2323,2023-03-01,1,Afghanistan,Male,18-24,Upper secondary,Unemployed,Integration program
2348,2023-03-01,10,Portugal,Male,25-34,Master,Unemployed,Asylum application
2406,2023-03-01,2,Côte d'Ivoire,Male,45-54,Upper secondary,Inactive,Asylum application
2407,2023-03-01,6,Turkey,Male,25-34,Bachelor,Employed,Employment support
2418,2023-03-01,4,Other,Male,45-54,Bachelor,Unemployed,Asylum application
2439,2023-03-01,4,Turkey,Female,55+,Upper secondary,Employed,Employment support
2450,2023-03-01,5,Tunisia,Female,45-54,Bachelor,Inactive,Integration program
2599,2023-03-01,7,Spain,Female,25-34,Doctorate,Employed,Integration program
2612,2023-03-01,1,Guinea,Male,45-54,Master,Employed,Asylum application
2640,2023-03-01,8,Spain,Male,18-24,Upper secondary,Unemployed,Asylum application
2778,2023-03-01,5,Senegal,Male,45-54,Bachelor,Employed,Employment support
2780,2023-03-01,2,Afghanistan,Male,25-34,Lower secondary,Employed,Asylum application
2781,2023-03-01,6,Italy,Male,35-44,Lower secondary,Inactive,Housing support
2782,2023-03-01,1,Brazil,Female,25-34,Lower secondary,Unemployed,Employment support
2799,2023-03-01,1,Côte d'Ivoire,Male,25-34,Bachelor,Unemployed,Integration program
2836,2023-03-01,3,Afghanistan,Male,18-24,Bachelor,Employed,Asylum application
2920,2023-03-01,4,Turkey,Male,45-54,Bachelor,Employed,Integration program
2940,2023-03-01,2,Morocco,Male,55+,Lower secondary,Employed,Language training
2951,2023-03-01,1,Nigeria,Female,25-34,Upper secondary,Unemployed,Employment support
2983,2023-03-01,3,Portugal,Female,35-44,Lower secondary,Unemployed,Employment support
2986,2023-03-01,2,Morocco,Female,45-54,Upper secondary,Unemployed,Housing support
2988,2023-03-01,1,Syria,Male,55+,Bachelor,Employed,Housing support
3131,2023-03-01,8,Turkey,Female,18-24,Upper secondary,Inactive,Asylum application
3170,2023-03-01,4,Nigeria,Male,25-34,Bachelor,Unemployed,Asylum application
3186,2023-03-01,1,Senegal,Female,55+,Lower secondary,Unemployed,Asylum application
3281,2023-03-01,1,Tunisia,Female,55+,Bachelor,Unemployed,Language training
3317,2023-03-01,7,Turkey,Male,45-54,Master,Employed,Housing support
3332,2023-03-01,9,Guinea,Male,18-24,Upper secondary,Unemployed,Housing support
3336,2023-03-01,7,Bangladesh,Female,45-54,Upper secondary,Employed,Integration program
3344,2023-03-01,10,Portugal,Male,25-34,Lower secondary,Employed,Asylum application
3429,2023-03-01,9,Tunisia,Male,35-44,Master,Employed,Asylum application
3440,2023-03-01,1,Portugal,Male,25-34,Bachelor,Employed,Housing support
3459,2023-03-01,7,Georgia,Female,35-44,Lower secondary,Employed,Language training
3479,2023-03-01,7,Morocco,Female,25-34,Doctorate,Employed,Asylum application
3554,2023-03-01,1,China,Female,18-24,Bachelor,Inactive,Employment support
3556,2023-03-01,7,Portugal,Male,18-24,Master,Employed,Language training
3566,2023-03-01,1,Côte d'Ivoire,Male,35-44,Master,Unemployed,Housing support
3668,2023-03-01,3,Tunisia,Male,55+,Lower secondary,Unemployed,Integration program
3697,2023-03-01,10,Spain,Female,25-34,Upper secondary,Unemployed,Asylum application
3721,2023-03-01,6,Spain,Male,45-54,Bachelor,Unemployed,Integration program
3735,2023-03-01,2,India,Female,18-24,Upper secondary,Unemployed,Housing support
3755,2023-03-01,1,Turkey,Male,35-44,Bachelor,Employed,Housing support
3764,2023-03-01,7,Nigeria,Male,25-34,Upper secondary,Employed,Integration program
3774,2023-03-01,1,Portugal,Male,35-44,Master,Employed,Asylum application
3835,2023-03-01,1,Syria,Female,45-54,Upper secondary,Employed,Integration program
4053,2023-03-01,4,Other,Female,35-44,Bachelor,Unemployed,Asylum application
4102,2023-03-01,4,Ukraine,Female,45-54,Bachelor,Employed,Integration program
4153,2023-03-01,3,Spain,Male,18-24,Upper secondary,Employed,Employment support
4358,2023-03-01,3,Syria,Male,35-44,Upper secondary,Employed,Asylum application
4402,2023-03-01,8,China,Female,25-34,Master,Employed,Integration program
4458,2023-03-01,1,Georgia,Female,25-34,Bachelor,Unemployed,Asylum application
4583,2023-03-01,3,Morocco,Female,35-44,Master,Employed,Language training
4594,2023-03-01,4,Nigeria,Male,25-34,Upper secondary,Employed,Asylum application
4752,2023-03-01,1,Italy,Male,25-34,Bachelor,Employed,Integration program
4810,2023-03-01,4,Other,Female,55+,Bachelor,Employed,Asylum application
4819,2023-03-01,1,Guinea,Female,25-34,Bachelor,Unemployed,Asylum application
4838,2023-03-01,4,Turkey,Female,35-44,Lower secondary,Inactive,Asylum application
4862,2023-03-01,6,Afghanistan,Male,45-54,Master,Unemployed,Integration program
4946,2023-03-01,1,Tunisia,Male,55+,Master,Unemployed,Language training
5019,2023-03-01,3,Italy,Male,25-34,Bachelor,Unemployed,Employment support
5028,2023-03-01,1,Nigeria,Male,45-54,Upper secondary,Employed,Integration program
5064,2023-03-01,2,Morocco,Male,25-34,Lower secondary,Unemployed,Language training
5079,2023-03-01,3,Spain,Female,25-34,Upper secondary,Unemployed,Language training
5154,2023-03-01,7,Other,Male,45-54,Upper secondary,Employed,Asylum application
5173,2023-03-01,9,Bangladesh,Male,45-54,Master,Employed,Language training
5360,2023-03-01,7,Bangladesh,Female,18-24,Master,Unemployed,Asylum application
5386,2023-03-01,8,Algeria,Female,25-34,Master,Employed,Integration program
5417,2023-03-01,3,Morocco,Female,45-54,Lower secondary,Employed,Housing support
5480,2023-03-01,8,China,Female,45-54,Doctorate,Employed,Employment support
5621,2023-03-01,3,Bangladesh,Female,45-54,Upper secondary,Employed,Asylum application
5743,2023-03-01,1,Morocco,Male,55+,Master,Employed,Employment support
5764,2023-03-01,5,Algeria,Female,25-34,Doctorate,Employed,Language training
5931,2023-03-01,3,Senegal,Male,45-54,Doctorate,Employed,Asylum application
5938,2023-03-01,5,Ukraine,Male,55+,Upper secondary,Unemployed,Integration program
175,2023-04-01,1,Syria,Female,25-34,Upper secondary,Inactive,Integration program
207,2023-04-01,1,China,Male,25-34,Lower secondary,Inactive,Integration program
244,2023-04-01,2,Nigeria,Male,45-54,Bachelor,Inactive,Employment support
280,2023-04-01,7,India,Female,18-24,Master,Unemployed,Integration program
287,2023-04-01,6,Colombia,Female,35-44,Lower secondary,Unemployed,Asylum application
554,2023-04-01,1,Afghanistan,Female,18-24,Master,Employed,Employment support
564,2023-04-01,2,Senegal,Male,55+,Bachelor,Unemployed,Language training
624,2023-04-01,9,Algeria,Female,25-34,Bachelor,Employed,Employment support
660,2023-04-01,7,Guinea,Female,25-34,Upper secondary,Employed,Language training
700,2023-04-01,3,Colombia,Male,35-44,Upper secondary,Unemployed,Asylum application
710,2023-04-01,7,Nigeria,Female,25-34,Bachelor,Employed,Asylum application
775,2023-04-01,3,Algeria,Female,35-44,Lower secondary,Unemployed,Language training
845,2023-04-01,6,Tunisia,Male,35-44,Lower secondary,Employed,Language training
935,2023-04-01,1,India,Male,35-44,Master,Inactive,Employment support
990,2023-04-01,1,Guinea,Male,18-24,Master,Employed,Employment support
1016,2023-04-01,4,Syria,Female,55+,Upper secondary,Employed,Employment support
1040,2023-04-01,9,Georgia,Female,55+,Lower secondary,Inactive,Asylum application
1053,2023-04-01,3,Italy,Male,25-34,Upper secondary,Employed,Employment support
1070,2023-04-01,1,Côte d'Ivoire,Female,35-44,Upper secondary,Unemployed,Asylum application
1098,2023-04-01,10,China,Male,25-34,Master,Employed,Language training
1118,2023-04-01,9,Senegal,Female,35-44,Master,Unemployed,Language training
1137,2023-04-01,10,Syria,Female,25-34,Bachelor,Employed,Asylum application
1182,2023-04-01,4,Nigeria,Male,25-34,Lower secondary,Unemployed,Asylum application
1183,2023-04-01,6,Côte d'Ivoire,Male,35-44,Lower secondary,Employed,Housing support
1196,2023-04-01,8,Brazil,Male,55+,Upper secondary,Inactive,Asylum application
1232,2023-04-01,3,Morocco,Male,25-34,Bachelor,Employed,Housing support
1235,2023-04-01,4,Afghanistan,Male,35-44,Upper secondary,Inactive,Integration program
1252,2023-04-01,7,Georgia,Female,35-44,Lower secondary,Employed,Employment support
1305,2023-04-01,7,Guinea,Male,35-44,Master,Employed,Housing support
1384,2023-04-01,6,Brazil,Male,18-24,Doctorate,Employed,Employment support
1478,2023-04-01,3,Colombia,Male,25-34,Doctorate,Employed,Employment support
1497,2023-04-01,3,Portugal,Female,25-34,Master,Employed,Integration program
1513,2023-04-01,3,Guinea,Male,18-24,Bachelor,Inactive,Housing support
1560,2023-04-01,10,Georgia,Female,45-54,Master,Employed,Asylum application
1589,2023-04-01,2,Italy,Female,35-44,Upper secondary,Inactive,Language training
1751,2023-04-01,7,Ukraine,Male,45-54,Bachelor,Employed,Asylum application
1799,2023-04-01,1,Guinea,Male,25-34,Bachelor,Employed,Language training
1885,2023-04-01,1,China,Male,18-24,Upper secondary,Unemployed,Employment support
1886,2023-04-01,4,Afghanistan,Male,25-34,Upper secondary,Unemployed,Integration program
1985,2023-04-01,8,Other,Female,45-54,Bachelor,Unemployed,Housing support
2057,2023-04-01,3,Syria,Female,35-44,Doctorate,Employed,Language training
2098,2023-04-01,2,Spain,Female,35-44,Bachelor,Employed,Integration program
2116,2023-04-01,9,Bangladesh,Male,55+,Master,Employed,Integration program
2120,2023-04-01,1,Afghanistan,Male,45-54,Upper secondary,Employed,Employment support
2167,2023-04-01,2,Morocco,Female,35-44,Master,Employed,Housing support
2242,2023-04-01,2,Georgia,Female,55+,Lower secondary,Employed,Employment support
2341,2023-04-01,6,Bangladesh,Male,25-34,Upper secondary,Unemployed,Employment support
2351,2023-04-01,6,Senegal,Male,55+,Lower secondary,Employed,Housing support
2415,2023-04-01,7,Brazil,Male,18-24,Bachelor,Employed,Language training
2440,2023-04-01,4,Nigeria,Male,25-34,Master,Employed,Housing support
2514,2023-04-01,1,Georgia,Male,55+,Lower secondary,Unemployed,Integration program
2528,2023-04-01,2,Nigeria,Female,35-44,Master,Unemployed,Asylum application
2537,2023-04-01,1,India,Male,18-24,Master,Employed,Language training
2545,2023-04-01,8,Morocco,Male,25-34,Bachelor,Employed,Asylum application
2579,2023-04-01,2,Algeria,Female,35-44,Lower secondary,Employed,Employment support
2619,2023-04-01,5,Italy,Male,25-34,Master,Employed,Housing support
2667,2023-04-01,5,Other,Male,25-34,Master,Employed,Integration program
2970,2023-04-01,1,Italy,Male,35-44,Upper secondary,Unemployed,Integration program
2993,2023-04-01,7,Turkey,Male,25-34,Upper secondary,Employed,Asylum application
3022,2023-04-01,1,Guinea,Female,55+,Master,Unemployed,Employment support
3163,2023-04-01,1,Turkey,Female,35-44,Lower secondary,Inactive,Asylum application
3178,2023-04-01,5,Guinea,Male,35-44,Upper secondary,Employed,Language training
3193,2023-04-01,2,Brazil,Female,35-44,Bachelor,Employed,Integration program
3230,2023-04-01,6,Colombia,Female,25-34,Bachelor,Unemployed,Language training
3247,2023-04-01,4,Guinea,Male,35-44,Upper secondary,Unemployed,Housing support
3258,2023-04-01,8,Turkey,Female,55+,Upper secondary,Employed,Integration program
3271,2023-04-01,10,India,Male,18-24,Doctorate,Employed,Housing support
3296,2023-04-01,4,China,Male,25-34,Doctorate,Employed,Housing support
3387,2023-04-01,2,Portugal,Female,45-54,Bachelor,Employed,Housing support
3418,2023-04-01,2,Ukraine,Male,45-54,Master,Inactive,Integration program
3439,2023-04-01,6,Colombia,Male,35-44,Lower secondary,Unemployed,Language training
3446,2023-04-01,3,China,Female,25-34,Upper secondary,Employed,Language training
3456,2023-04-01,7,Italy,Male,25-34,Master,Unemployed,Housing support
3466,2023-04-01,4,Morocco,Male,25-34,Master,Employed,Integration program
3536,2023-04-01,1,Afghanistan,Female,25-34,Master,Employed,Integration program
3655,2023-04-01,8,Colombia,Female,45-54,Upper secondary,Employed,Housing support
3680,2023-04-01,9,Nigeria,Male,25-34,Lower secondary,Inactive,Asylum application
3770,2023-04-01,1,Turkey,Female,18-24,Bachelor,Unemployed,Employment support
3802,2023-04-01,2,Brazil,Female,35-44,Upper secondary,Inactive,Employment support
3803,2023-04-01,6,Algeria,Male,35-44,Upper secondary,Employed,Employment support
3827,2023-04-01,1,Nigeria,Male,55+,Upper secondary,Employed,Housing support
3956,2023-04-01,5,Algeria,Male,35-44,Bachelor,Unemployed,Housing support
4052,2023-04-01,10,China,Male,18-24,Bachelor,Employed,Integration program
4065,2023-04-01,6,Turkey,Female,35-44,Lower secondary,Employed,Housing support
4073,2023-04-01,1,Other,Female,25-34,Upper secondary,Employed,Language training
4080,2023-04-01,4,Portugal,Male,35-44,Bachelor,Employed,Employment support
4148,2023-04-01,3,Morocco,Male,18-24,Bachelor,Employed,Integration program
4206,2023-04-01,1,Côte d'Ivoire,Female,35-44,Master,Employed,Employment support
4229,2023-04-01,8,Côte d'Ivoire,Male,18-24,Bachelor,Employed,Housing support
4318,2023-04-01,1,Brazil,Female,35-44,Master,Employed,Housing support
4506,2023-04-01,1,Côte d'Ivoire,Male,45-54,Upper secondary,Inactive,Asylum application
4527,2023-04-01,9,India,Male,55+,Bachelor,Employed,Integration program
4549,2023-04-01,1,Italy,Male,35-44,Bachelor,Employed,Employment support
4554,2023-04-01,1,Spain,Female,18-24,Bachelor,Unemployed,Integration program
4705,2023-04-01,1,Colombia,Male,25-34,Lower secondary,Employed,Employment support
4724,2023-04-01,5,Nigeria,Female,25-34,Bachelor,Employed,Housing support
4733,2023-04-01,1,Guinea,Female,35-44,Upper secondary,Unemployed,Housing support
4964,2023-04-01,1,Other,Female,35-44,Upper secondary,Unemployed,Employment support
4983,2023-04-01,8,Côte d'Ivoire,Male,25-34,Upper secondary,Employed,Employment support
5020,2023-04-01,1,Spain,Male,35-44,Upper secondary,Employed,Integration program
5068,2023-04-01,7,Afghanistan,Female,25-34,Upper secondary,Employed,Housing support
5120,2023-04-01,3,Other,Female,35-44,Bachelor,Unemployed,Asylum application
5139,2023-04-01,4,Syria,Male,35-44,Upper secondary,Unemployed,Housing support
5266,2023-04-01,10,Côte d'Ivoire,Male,25-34,Lower secondary,Unemployed,Language training
5287,2023-04-01,3,Turkey,Female,55+,Master,Employed,Employment support
5316,2023-04-01,6,China,Female,25-34,Upper secondary,Inactive,Housing support
5322,2023-04-01,2,Algeria,Male,25-34,Bachelor,Unemployed,Employment support
5324,2023-04-01,1,Bangladesh,Male,45-54,Lower secondary,Employed,Employment support
5338,2023-04-01,4,Senegal,Female,35-44,Bachelor,Employed,Housing support
5376,2023-04-01,2,Georgia,Male,18-24,Bachelor,Unemployed,Asylum application
5389,2023-04-01,4,Other,Female,25-34,Bachelor,Employed,Asylum application
5449,2023-04-01,3,Spain,Female,35-44,Bachelor,Employed,Language training
5512,2023-04-01,4,Guinea,Female,55+,Bachelor,Employed,Housing support
5576,2023-04-01,7,Nigeria,Female,18-24,Lower secondary,Unemployed,Asylum application
5597,2023-04-01,5,China,Male,25-34,Master,Employed,Language training
5600,2023-04-01,7,Guinea,Male,18-24,Bachelor,Employed,Language training
5617,2023-04-01,5,Syria,Male,25-34,Upper secondary,Unemployed,Integration program
5628,2023-04-01,1,Côte d'Ivoire,Female,55+,Master,Unemployed,Integration program
5665,2023-04-01,2,Côte d'Ivoire,Female,45-54,Upper secondary,Employed,Language training
5691,2023-04-01,2,Spain,Male,25-34,Bachelor,Employed,Asylum application
5722,2023-04-01,1,Algeria,Female,35-44,Lower secondary,Employed,Language training
5772,2023-04-01,2,Colombia,Male,35-44,Master,Employed,Language training
5776,2023-04-01,1,Spain,Male,18-24,Lower secondary,Employed,Asylum application
186,2023-05-01,2,Other,Female,45-54,Bachelor,Employed,Integration program
228,2023-05-01,1,Nigeria,Male,25-34,Bachelor,Employed,Asylum application
308,2023-05-01,2,Italy,Male,45-54,Bachelor,Inactive,Integration program
319,2023-05-01,5,Bangladesh,Male,35-44,Upper secondary,Employed,Housing support
329,2023-05-01,4,Nigeria,Female,25-34,Bachelor,Employed,Language training
343,2023-05-01,8,Morocco,Female,45-54,Master,Employed,Asylum application
464,2023-05-01,9,Turkey,Female,25-34,Upper secondary,Employed,Housing support
478,2023-05-01,1,Bangladesh,Female,25-34,Bachelor,Employed,Employment support
575,2023-05-01,6,Italy,Female,25-34,Master,Employed,Asylum application
584,2023-05-01,3,Portugal,Male,25-34,Upper secondary,Unemployed,Asylum application
588,2023-05-01,1,China,Female,55+,Upper secondary,Unemployed,Employment support
596,2023-05-01,2,Morocco,Female,25-34,Upper secondary,Unemployed,Housing support
638,2023-05-01,6,Senegal,Female,35-44,Bachelor,Inactive,Housing support
645,2023-05-01,1,Morocco,Female,35-44,Bachelor,Employed,Housing support
666,2023-05-01,1,Bangladesh,Male,35-44,Bachelor,Employed,Asylum application
740,2023-05-01,9,Other,Female,25-34,Upper secondary,Inactive,Integration program
751,2023-05-01,9,China,Female,18-24,Upper secondary,Unemployed,Employment support
790,2023-05-01,9,Italy,Male,45-54,Bachelor,Employed,Housing support
803,2023-05-01,7,Côte d'Ivoire,Female,35-44,Master,Employed,Housing support
835,2023-05-01,3,Italy,Male,25-34,Bachelor,Employed,Asylum application
900,2023-05-01,7,Senegal,Female,55+,Bachelor,Employed,Asylum application
972,2023-05-01,1,Brazil,Male,25-34,Lower secondary,Unemployed,Asylum application
1104,2023-05-01,5,Italy,Female,18-24,Master,Unemployed,Language training
1160,2023-05-01,5,Nigeria,Female,25-34,Master,Employed,Integration program
1233,2023-05-01,8,Other,Male,25-34,Upper secondary,Unemployed,Asylum application
1294,2023-05-01,2,Guinea,Female,25-34,Upper secondary,Employed,Housing support
1297,2023-05-01,7,Bangladesh,Female,35-44,Lower secondary,Unemployed,Integration program
1401,2023-05-01,3,Bangladesh,Male,35-44,Upper secondary,Employed,Asylum application
1496,2023-05-01,6,Turkey,Male,45-54,Bachelor,Employed,Housing support
1502,2023-05-01,1,Nigeria,Male,45-54,Doctorate,Employed,Housing support
1505,2023-05-01,2,Côte d'Ivoire,Female,35-44,Master,Employed,Language training
1596,2023-05-01,1,Tunisia,Male,45-54,Bachelor,Employed,Asylum application
1643,2023-05-01,3,Georgia,Male,25-34,Bachelor,Employed,Housing support
1667,2023-05-01,4,Algeria,Female,45-54,Master,Employed,Language training
1677,2023-05-01,2,Nigeria,Female,25-34,Bachelor,Employed,Employment support
1762,2023-05-01,8,Colombia,Female,55+,Upper secondary,Unemployed,Integration program
1770,2023-05-01,5,Nigeria,Female,35-44,Master,Employed,Housing support
1787,2023-05-01,2,Syria,Male,35-44,Upper secondary,Unemployed,Housing support
1801,2023-05-01,1,Syria,Female,25-34,Bachelor,Employed,Language training
1824,2023-05-01,10,India,Female,25-34,Bachelor,Inactive,Housing support
1851,2023-05-01,2,Turkey,Female,35-44,Upper secondary,Employed,Language training
1920,2023-05-01,1,Turkey,Male,25-34,Doctorate,Unemployed,Language training
1961,2023-05-01,4,Other,Male,25-34,Bachelor,Unemployed,Language training
1976,2023-05-01,5,Senegal,Male,45-54,Upper secondary,Inactive,Housing support
2067,2023-05-01,4,Senegal,Male,18-24,Bachelor,Unemployed,Integration program
2077,2023-05-01,7,Other,Male,18-24,Doctorate,Employed,Integration program
2083,2023-05-01,2,Other,Female,18-24,Bachelor,Employed,Asylum application
2118,2023-05-01,1,Senegal,Male,25-34,Lower secondary,Employed,Language training
2172,2023-05-01,4,India,Female,35-44,Upper secondary,Employed,Asylum application
2253,2023-05-01,1,Portugal,Female,45-54,Upper secondary,Unemployed,Asylum application
2369,2023-05-01,8,Morocco,Male,25-34,Upper secondary,Unemployed,Employment support
2427,2023-05-01,1,Algeria,Female,45-54,Lower secondary,Employed,Employment support
2446,2023-05-01,2,Senegal,Female,18-24,Bachelor,Employed,Employment support
2456,2023-05-01,2,Ukraine,Male,18-24,Bachelor,Employed,Asylum application
2713,2023-05-01,5,Ukraine,Female,45-54,Upper secondary,Unemployed,Employment support
2823,2023-05-01,2,Portugal,Male,35-44,Lower secondary,Inactive,Housing support
2838,2023-05-01,7,Guinea,Female,45-54,Upper secondary,Employed,Asylum application
2862,2023-05-01,3,Turkey,Female,25-34,Bachelor,Unemployed,Integration program
2871,2023-05-01,4,Colombia,Male,35-44,Bachelor,Employed,Employment support
2886,2023-05-01,3,Georgia,Female,25-34,Upper secondary,Inactive,Asylum application
3024,2023-05-01,2,Afghanistan,Male,35-44,Bachelor,Inactive,Asylum application
3027,2023-05-01,2,Morocco,Male,45-54,Upper secondary,Employed,Asylum application
3051,2023-05-01,1,Morocco,Female,18-24,Master,Unemployed,Integration program
3063,2023-05-01,1,Brazil,Female,35-44,Upper secondary,Unemployed,Language training
3073,2023-05-01,1,Georgia,Male,35-44,Master,Employed,Integration program
3117,2023-05-01,1,Spain,Female,25-34,Upper secondary,Employed,Integration program
3171,2023-05-01,3,Afghanistan,Male,25-34,Doctorate,Employed,Language training
3181,2023-05-01,10,China,Female,25-34,Doctorate,Employed,Integration program
3205,2023-05-01,1,Tunisia,Female,18-24,Master,Employed,Housing support
3228,2023-05-01,3,Italy,Male,45-54,Upper secondary,Unemployed,Housing support
3289,2023-05-01,8,Morocco,Male,25-34,Lower secondary,Inactive,Integration program
3318,2023-05-01,1,Colombia,Male,25-34,Lower secondary,Employed,Employment support
3455,2023-05-01,6,Bangladesh,Female,35-44,Doctorate,Employed,Housing support
3478,2023-05-01,6,Georgia,Female,45-54,Master,Inactive,Language training
3519,2023-05-01,7,Turkey,Male,25-34,Bachelor,Employed,Language training
3541,2023-05-01,1,Turkey,Male,55+,Master,Employed,Integration program
3572,2023-05-01,1,Ukraine,Male,35-44,Lower secondary,Unemployed,Asylum application
3807,2023-05-01,4,Bangladesh,Female,35-44,Bachelor,Unemployed,Asylum application
3820,2023-05-01,10,Algeria,Male,45-54,Master,Employed,Employment support
3878,2023-05-01,3,Afghanistan,Female,45-54,Doctorate,Unemployed,Housing support
3888,2023-05-01,7,Portugal,Female,45-54,Master,Employed,Employment support
3898,2023-05-01,9,Syria,Male,45-54,Upper secondary,Employed,Housing support
3960,2023-05-01,1,Ukraine,Male,25-34,Upper secondary,Employed,Language training
4047,2023-05-01,1,Guinea,Female,35-44,Upper secondary,Employed,Language training
4054,2023-05-01,1,Brazil,Male,25-34,Upper secondary,Inactive,Asylum application
4083,2023-05-01,5,Nigeria,Female,25-34,Bachelor,Unemployed,Language training
4111,2023-05-01,6,Italy,Female,25-34,Upper secondary,Unemployed,Employment support
4139,2023-05-01,7,Portugal,Male,25-34,Bachelor,Employed,Integration program
4146,2023-05-01,3,Brazil,Male,55+,Upper secondary,Employed,Employment support
4161,2023-05-01,8,Morocco,Female,25-34,Bachelor,Employed,Language training
4180,2023-05-01,3,Other,Male,35-44,Master,Inactive,Asylum application
4191,2023-05-01,1,Colombia,Male,55+,Lower secondary,Employed,Language training
4226,2023-05-01,10,Brazil,Female,45-54,Master,Employed,Asylum application
4244,2023-05-01,2,Colombia,Male,25-34,Bachelor,Employed,Employment support
4331,2023-05-01,8,China,Male,25-34,Lower secondary,Employed,Integration program
4359,2023-05-01,5,Italy,Male,35-44,Bachelor,Employed,Language training
4361,2023-05-01,6,Italy,Male,45-54,Upper secondary,Employed,Housing support
4371,2023-05-01,7,Tunisia,Male,25-34,Upper secondary,Employed,Integration program
4382,2023-05-01,4,Turkey,Male,35-44,Upper secondary,Employed,Housing support
4540,2023-05-01,8,Brazil,Female,55+,Upper secondary,Employed,Language training
4569,2023-05-01,1,Other,Female,25-34,Bachelor,Unemployed,Employment support
4572,2023-05-01,1,Nigeria,Female,35-44,Master,Employed,Employment support
4601,2023-05-01,7,Spain,Female,45-54,Bachelor,Employed,Language training
4651,2023-05-01,6,Senegal,Male,45-54,Master,Employed,Asylum application
4706,2023-05-01,10,Côte d'Ivoire,Female,35-44,Upper secondary,Employed,Housing support
4785,2023-05-01,6,Côte d'Ivoire,Female,55+,Doctorate,Employed,Language training
4957,2023-05-01,5,India,Female,55+,Master,Employed,Integration program
5053,2023-05-01,6,Turkey,Female,45-54,Bachelor,Inactive,Employment support
5187,2023-05-01,5,Other,Male,55+,Lower secondary,Unemployed,Employment support
5230,2023-05-01,7,Georgia,Male,45-54,Upper secondary,Unemployed,Language training
5233,2023-05-01,4,Georgia,Female,18-24,Upper secondary,Inactive,Asylum application
5242,2023-05-01,9,Ukraine,Female,18-24,Upper secondary,Inactive,Employment support
5262,2023-05-01,5,Turkey,Male,45-54,Bachelor,Employed,Housing support
5315,2023-05-01,3,Guinea,Male,18-24,Upper secondary,Unemployed,Integration program
5372,2023-05-01,1,Afghanistan,Male,25-34,Doctorate,Employed,Employment support
5447,2023-05-01,10,Georgia,Female,45-54,Master,Employed,Asylum application
5485,2023-05-01,1,Syria,Male,25-34,Master,Unemployed,Employment support
5558,2023-05-01,7,China,Male,55+,Upper secondary,Unemployed,Integration program
5581,2023-05-01,9,Algeria,Female,35-44,Bachelor,Employed,Employment support
5742,2023-05-01,7,Côte d'Ivoire,Male,25-34,Bachelor,Unemployed,Housing support
5745,2023-05-01,5,Brazil,Female,25-34,Bachelor,Employed,Language training
5793,2023-05-01,4,Morocco,Male,35-44,Lower secondary,Employed,Housing support
5832,2023-05-01,5,Portugal,Female,25-34,Upper secondary,Employed,Asylum application
5871,2023-05-01,1,Tunisia,Male,18-24,Bachelor,Unemployed,Housing support
5913,2023-05-01,8,Portugal,Female,55+,Bachelor,Employed,Employment support
5918,2023-05-01,1,Algeria,Male,35-44,Master,Employed,Integration program
5957,2023-05-01,7,Ukraine,Male,45-54,Bachelor,Unemployed,Employment support
3,2023-06-01,7,Portugal,Male,35-44,Master,Employed,Asylum application
8,2023-06-01,9,Italy,Male,45-54,Master,Unemployed,Language training
77,2023-06-01,2,Other,Female,35-44,Upper secondary,Employed,Language training
87,2023-06-01,4,Georgia,Female,35-44,Bachelor,Employed,Integration program
146,2023-06-01,1,Nigeria,Male,35-44,Upper secondary,Employed,Housing support
180,2023-06-01,7,Guinea,Female,25-34,Master,Employed,Housing support
223,2023-06-01,1,Bangladesh,Male,35-44,Bachelor,Unemployed,Language training
238,2023-06-01,4,Senegal,Male,35-44,Master,Employed,Asylum application
268,2023-06-01,2,Bangladesh,Male,45-54,Upper secondary,Employed,Integration program
273,2023-06-01,7,Algeria,Female,35-44,Lower secondary,Employed,Integration program
374,2023-06-01,1,Senegal,Male,35-44,Upper secondary,Employed,Integration program
412,2023-06-01,7,Tunisia,Female,45-54,Bachelor,Inactive,Language training
456,2023-06-01,7,Ukraine,Female,45-54,Upper secondary,Unemployed,Integration program
537,2023-06-01,2,Tunisia,Female,18-24,Bachelor,Employed,Language training
565,2023-06-01,6,Turkey,Male,25-34,Bachelor,Employed,Language training
581,2023-06-01,3,India,Male,45-54,Bachelor,Employed,Asylum application
609,2023-06-01,3,Bangladesh,Female,18-24,Master,Employed,Asylum application
650,2023-06-01,8,Other,Female,25-34,Lower secondary,Unemployed,Employment support
682,2023-06-01,7,Senegal,Female,45-54,Upper secondary,Employed,Integration program
721,2023-06-01,8,Brazil,Female,25-34,Bachelor,Employed,Integration program
735,2023-06-01,8,India,Female,18-24,Lower secondary,Unemployed,Housing support
797,2023-06-01,7,Other,Male,45-54,Lower secondary,Unemployed,Language training
814,2023-06-01,5,Spain,Female,18-24,Bachelor,Employed,Housing support
823,2023-06-01,1,Brazil,Male,35-44,Upper secondary,Employed,Housing support
837,2023-06-01,4,Tunisia,Male,18-24,Master,Unemployed,Language training
847,2023-06-01,1,Nigeria,Female,25-34,Upper secondary,Employed,Housing support
859,2023-06-01,3,China,Female,25-34,Upper secondary,Unemployed,Housing support
964,2023-06-01,1,Senegal,Male,25-34,Lower secondary,Inactive,Employment support
1002,2023-06-01,2,India,Male,55+,Bachelor,Inactive,Integration program
1200,2023-06-01,7,Other,Male,35-44,Master,Employed,Integration program
1281,2023-06-01,6,Georgia,Male,35-44,Upper secondary,Employed,Asylum application
1291,2023-06-01,1,India,Male,25-34,Bachelor,Inactive,Integration program
1318,2023-06-01,6,Georgia,Female,55+,Lower secondary,Unemployed,Employment support
1330,2023-06-01,3,Spain,Male,25-34,Upper secondary,Employed,Housing support
1398,2023-06-01,7,Brazil,Female,25-34,Master,Employed,Language training
1443,2023-06-01,5,Tunisia,Female,35-44,Upper secondary,Employed,Asylum application
1500,2023-06-01,2,Colombia,Male,18-24,Bachelor,Inactive,Employment support
1600,2023-06-01,5,Senegal,Male,35-44,Upper secondary,Unemployed,Employment support
1608,2023-06-01,9,India,Female,18-24,Upper secondary,Unemployed,Asylum application
1785,2023-06-01,2,China,Male,25-34,Upper secondary,Unemployed,Integration program
1817,2023-06-01,1,Turkey,Female,35-44,Master,Employed,Housing support
1834,2023-06-01,4,Georgia,Male,35-44,Upper secondary,Unemployed,Integration program
1860,2023-06-01,2,Bangladesh,Male,45-54,Upper secondary,Unemployed,Language training
1875,2023-06-01,2,Brazil,Female,35-44,Master,Employed,Asylum application
1905,2023-06-01,3,Other,Male,55+,Bachelor,Employed,Asylum application
2045,2023-06-01,6,Spain,Male,55+,Doctorate,Unemployed,Asylum application
2079,2023-06-01,4,Colombia,Male,55+,Upper secondary,Employed,Housing support
2160,2023-06-01,2,Other,Female,25-34,Lower secondary,Unemployed,Language training
2173,2023-06-01,6,Syria,Female,35-44,Bachelor,Employed,Language training
2224,2023-06-01,7,Portugal,Male,55+,Upper secondary,Unemployed,Integration program
2233,2023-06-01,9,Brazil,Female,55+,Lower secondary,Inactive,Employment support
2291,2023-06-01,2,Italy,Female,45-54,Doctorate,Unemployed,Housing support
2298,2023-06-01,1,Turkey,Female,25-34,Lower secondary,Employed,Language training
2302,2023-06-01,9,Bangladesh,Female,25-34,Master,Employed,Housing support
2373,2023-06-01,3,Senegal,Female,25-34,Upper secondary,Unemployed,Language training
2400,2023-06-01,3,India,Female,45-54,Bachelor,Unemployed,Housing support
2563,2023-06-01,2,India,Male,45-54,Master,Unemployed,Housing support
2575,2023-06-01,1,Other,Female,55+,Bachelor,Employed,Housing support
2631,2023-06-01,3,China,Male,35-44,Lower secondary,Employed,Integration program
2648,2023-06-01,10,Syria,Male,25-34,Master,Unemployed,Asylum application
2841,2023-06-01,6,Brazil,Male,25-34,Master,Employed,Housing support
2879,2023-06-01,5,Ukraine,Male,25-34,Bachelor,Employed,Language training
3045,2023-06-01,10,China,Female,25-34,Master,Employed,Housing support
3079,2023-06-01,3,Spain,Male,18-24,Bachelor,Inactive,Housing support
3231,2023-06-01,1,Brazil,Female,18-24,Upper secondary,Inactive,Integration program
3278,2023-06-01,6,Tunisia,Male,18-24,Bachelor,Unemployed,Integration program
3319,2023-06-01,6,Bangladesh,Male,45-54,Lower secondary,Unemployed,Housing support
3422,2023-06-01,9,Turkey,Female,18-24,Upper secondary,Employed,Integration program
3496,2023-06-01,6,Portugal,Female,25-34,Master,Employed,Housing support
3534,2023-06-01,9,Morocco,Male,35-44,Upper secondary,Inactive,Housing support
3543,2023-06-01,3,Colombia,Female,25-34,Master,Employed,Housing support
3658,2023-06-01,7,India,Female,18-24,Upper secondary,Unemployed,Asylum application
3692,2023-06-01,1,Colombia,Female,25-34,Bachelor,Employed,Asylum application
3787,2023-06-01,2,Spain,Male,25-34,Doctorate,Unemployed,Employment support
3915,2023-06-01,2,Spain,Female,25-34,Upper secondary,Unemployed,Employment support
3952,2023-06-01,7,Senegal,Male,55+,Doctorate,Employed,Housing support
4026,2023-06-01,4,Syria,Female,18-24,Doctorate,Unemployed,Integration program
4043,2023-06-01,5,Afghanistan,Male,35-44,Lower secondary,Employed,Housing support
4076,2023-06-01,5,Afghanistan,Female,45-54,Upper secondary,Employed,Employment support
4090,2023-06-01,1,Italy,Female,35-44,Upper secondary,Employed,Housing support
4171,2023-06-01,1,Colombia,Female,35-44,Doctorate,Employed,Language training
4200,2023-06-01,1,Italy,Female,45-54,Lower secondary,Employed,Language training
4224,2023-06-01,1,China,Female,35-44,Upper secondary,Unemployed,Language training
4234,2023-06-01,4,Côte d'Ivoire,Male,25-34,Master,Employed,Asylum application
4239,2023-06-01,4,Georgia,Male,25-34,Bachelor,Employed,Language training
4262,2023-06-01,1,Bangladesh,Male,55+,Master,Unemployed,Asylum application
4293,2023-06-01,2,Nigeria,Male,45-54,Lower secondary,Employed,Employment support
4321,2023-06-01,7,Tunisia,Female,45-54,Master,Unemployed,Employment support
4322,2023-06-01,8,Portugal,Male,35-44,Bachelor,Employed,Asylum application
4397,2023-06-01,3,Senegal,Male,18-24,Upper secondary,Employed,Employment support
4475,2023-06-01,9,Colombia,Female,25-34,Bachelor,Employed,Language training
4581,2023-06-01,6,Syria,Female,45-54,Bachelor,Inactive,Asylum application
4669,2023-06-01,7,Nigeria,Female,25-34,Master,Employed,Language training
4737,2023-06-01,4,Senegal,Male,25-34,Bachelor,Unemployed,Housing support
4900,2023-06-01,3,Syria,Female,18-24,Master,Employed,Integration program
4908,2023-06-01,1,Algeria,Male,18-24,Lower secondary,Unemployed,Language training
4985,2023-06-01,1,Portugal,Male,35-44,Upper secondary,Unemployed,Integration program
4986,2023-06-01,9,Côte d'Ivoire,Male,25-34,Upper secondary,Employed,Integration program
5017,2023-06-01,2,Ukraine,Male,35-44,Bachelor,Unemployed,Employment support
5073,2023-06-01,1,Algeria,Male,45-54,Bachelor,Employed,Housing support
5084,2023-06-01,1,Turkey,Female,35-44,Lower secondary,Unemployed,Language training
5150,2023-06-01,10,Georgia,Male,35-44,Upper secondary,Employed,Housing support
5183,2023-06-01,6,Portugal,Male,35-44,Lower secondary,Inactive,Housing support
5184,2023-06-01,1,China,Female,45-54,Bachelor,Employed,Language training
5265,2023-06-01,2,Other,Male,18-24,Upper secondary,Inactive,Employment support
5303,2023-06-01,1,Algeria,Female,55+,Bachelor,Employed,Language training
5304,2023-06-01,5,Brazil,Female,45-54,Upper secondary,Employed,Housing support
5413,2023-06-01,8,Georgia,Male,45-54,Upper secondary,Employed,Integration program
5419,2023-06-01,6,Senegal,Male,45-54,Lower secondary,Employed,Asylum application
5456,2023-06-01,1,India,Male,18-24,Bachelor,Unemployed,Housing support
5471,2023-06-01,1,Turkey,Male,25-34,Bachelor,Unemployed,Housing support
5477,2023-06-01,5,Guinea,Female,25-34,Upper secondary,Unemployed,Asylum application
5491,2023-06-01,1,China,Male,18-24,Upper secondary,Unemployed,Integration program
5592,2023-06-01,1,Other,Female,25-34,Master,Employed,Asylum application
5658,2023-06-01,10,Nigeria,Female,35-44,Master,Employed,Integration program
5662,2023-06-01,2,Morocco,Male,25-34,Lower secondary,Employed,Employment support
5715,2023-06-01,5,Ukraine,Female,45-54,Lower secondary,Unemployed,Language training
5778,2023-06-01,1,Nigeria,Male,25-34,Bachelor,Employed,Employment support
5851,2023-06-01,3,Nigeria,Male,18-24,Doctorate,Employed,Language training
5899,2023-06-01,6,Georgia,Male,25-34,Bachelor,Unemployed,Language training
5970,2023-06-01,3,Côte d'Ivoire,Male,25-34,Master,Employed,Language training
5990,2023-06-01,4,Colombia,Female,35-44,Bachelor,Unemployed,Language training
35,2023-07-01,5,Portugal,Female,55+,Bachelor,Employed,Asylum application
148,2023-07-01,2,Syria,Male,25-34,Bachelor,Inactive,Asylum application
202,2023-07-01,1,Afghanistan,Female,35-44,Doctorate,Employed,Language training
208,2023-07-01,6,Georgia,Female,25-34,Bachelor,Employed,Asylum application
350,2023-07-01,1,Algeria,Female,35-44,Lower secondary,Employed,Housing support
388,2023-07-01,6,Ukraine,Male,18-24,Doctorate,Employed,Language training
438,2023-07-01,1,Syria,Female,25-34,Bachelor,Employed,Employment support
534,2023-07-01,2,Ukraine,Male,18-24,Bachelor,Employed,Language training
548,2023-07-01,4,Ukraine,Male,35-44,Lower secondary,Employed,Asylum application
568,2023-07-01,6,Ukraine,Male,35-44,Lower secondary,Employed,Housing support
649,2023-07-01,3,Bangladesh,Male,55+,Bachelor,Employed,Integration program
679,2023-07-01,1,Georgia,Male,18-24,Lower secondary,Employed,Integration program
732,2023-07-01,7,Guinea,Female,35-44,Lower secondary,Employed,Housing support
745,2023-07-01,3,Brazil,Female,18-24,Bachelor,Unemployed,Asylum application
848,2023-07-01,1,Syria,Female,25-34,Bachelor,Unemployed,Asylum application
865,2023-07-01,6,Other,Female,35-44,Lower secondary,Inactive,Language training
924,2023-07-01,9,Tunisia,Male,35-44,Bachelor,Employed,Housing support
1033,2023-07-01,8,Spain,Male,25-34,Bachelor,Employed,Integration program
1115,2023-07-01,5,China,Male,45-54,Doctorate,Employed,Language training
1163,2023-07-01,1,Guinea,Male,35-44,Master,Unemployed,Integration program
1292,2023-07-01,6,Senegal,Male,25-34,Bachelor,Employed,Employment support
1349,2023-07-01,8,Nigeria,Male,25-34,Upper secondary,Unemployed,Employment support
1445,2023-07-01,3,Bangladesh,Female,18-24,Upper secondary,Employed,Housing support
1479,2023-07-01,3,Turkey,Male,25-34,Bachelor,Unemployed,Housing support
1609,2023-07-01,4,China,Male,25-34,Upper secondary,Employed,Asylum application
1691,2023-07-01,6,India,Female,18-24,Master,Employed,Asylum application
1766,2023-07-01,5,Morocco,Male,18-24,Lower secondary,Unemployed,Language training
1791,2023-07-01,4,Other,Male,35-44,Master,Employed,Language training
1811,2023-07-01,8,Portugal,Female,25-34,Upper secondary,Employed,Asylum application
1882,2023-07-01,9,Georgia,Male,18-24,Bachelor,Employed,Asylum application
1890,2023-07-01,2,Algeria,Male,35-44,Upper secondary,Employed,Asylum application
1904,2023-07-01,7,Italy,Male,35-44,Upper secondary,Employed,Employment support
2061,2023-07-01,3,Italy,Male,35-44,Doctorate,Employed,Employment support
2063,2023-07-01,8,Colombia,Male,35-44,Bachelor,Unemployed,Housing support
2130,2023-07-01,2,Colombia,Female,25-34,Lower secondary,Employed,Asylum application
2171,2023-07-01,2,China,Male,55+,Upper secondary,Unemployed,Housing support
2247,2023-07-01,7,Colombia,Female,25-34,Upper secondary,Unemployed,Housing support
2367,2023-07-01,10,Portugal,Male,18-24,Upper secondary,Inactive,Asylum application
2410,2023-07-01,8,Italy,Female,35-44,Doctorate,Employed,Language training
2433,2023-07-01,9,Côte d'Ivoire,Male,45-54,Bachelor,Unemployed,Integration program
2508,2023-07-01,2,Ukraine,Male,25-34,Doctorate,Employed,Language training
2681,2023-07-01,9,Other,Male,25-34,Master,Unemployed,Language training
2686,2023-07-01,1,China,Male,18-24,Master,Unemployed,Housing support
2701,2023-07-01,2,Syria,Female,25-34,Bachelor,Unemployed,Employment support
2754,2023-07-01,3,Senegal,Female,45-54,Lower secondary,Unemployed,Integration program
2858,2023-07-01,3,Nigeria,Male,55+,Upper secondary,Employed,Housing support
2914,2023-07-01,2,Georgia,Male,25-34,Bachelor,Employed,Integration program
2929,2023-07-01,7,India,Male,25-34,Upper secondary,Employed,Language training
2942,2023-07-01,7,Turkey,Male,18-24,Upper secondary,Unemployed,Language training
3155,2023-07-01,2,Colombia,Female,35-44,Upper secondary,Unemployed,Language training
3410,2023-07-01,8,Ukraine,Male,35-44,Lower secondary,Employed,Asylum application
3448,2023-07-01,9,Other,Male,35-44,Master,Employed,Asylum application
3482,2023-07-01,2,Bangladesh,Male,25-34,Bachelor,Employed,Housing support
3531,2023-07-01,4,Other,Female,35-44,Lower secondary,Unemployed,Integration program
3561,2023-07-01,4,Other,Male,35-44,Bachelor,Employed,Employment support
3583,2023-07-01,6,Brazil,Female,25-34,Upper secondary,Unemployed,Integration program
3622,2023-07-01,1,Afghanistan,Male,45-54,Upper secondary,Employed,Integration program
3636,2023-07-01,1,Senegal,Male,18-24,Lower secondary,Unemployed,Asylum application
3677,2023-07-01,1,China,Male,35-44,Upper secondary,Unemployed,Employment support
3706,2023-07-01,1,Algeria,Female,18-24,Upper secondary,Employed,Employment support
3742,2023-07-01,1,Georgia,Female,25-34,Upper secondary,Unemployed,Integration program
3747,2023-07-01,1,Tunisia,Male,35-44,Upper secondary,Unemployed,Language training
3804,2023-07-01,2,Guinea,Female,45-54,Upper secondary,Unemployed,Integration program
3880,2023-07-01,1,Côte d'Ivoire,Male,25-34,Upper secondary,Unemployed,Employment support
3881,2023-07-01,2,Côte d'Ivoire,Male,25-34,Bachelor,Employed,Integration program
3883,2023-07-01,7,Algeria,Male,35-44,Bachelor,Employed,Employment support
4177,2023-07-01,4,Morocco,Male,18-24,Bachelor,Inactive,Language training
4185,2023-07-01,7,Tunisia,Male,18-24,Master,Employed,Asylum application
4232,2023-07-01,4,Brazil,Male,45-54,Lower secondary,Inactive,Asylum application
4317,2023-07-01,1,Brazil,Male,25-34,Doctorate,Employed,Integration program
4340,2023-07-01,2,Other,Female,35-44,Master,Employed,Asylum application
4446,2023-07-01,5,Algeria,Male,18-24,Bachelor,Unemployed,Asylum application
4511,2023-07-01,8,Brazil,Male,35-44,Bachelor,Employed,Asylum application
4519,2023-07-01,1,Italy,Male,35-44,Master,Employed,Integration program
4535,2023-07-01,1,Georgia,Male,25-34,Bachelor,Employed,Asylum application
4586,2023-07-01,9,Brazil,Male,35-44,Master,Employed,Language training
4597,2023-07-01,5,Senegal,Male,25-34,Upper secondary,Employed,Language training
4628,2023-07-01,7,Ukraine,Male,18-24,Upper secondary,Unemployed,Housing support
4659,2023-07-01,2,Afghanistan,Female,25-34,Bachelor,Employed,Employment support
4682,2023-07-01,1,Italy,Female,45-54,Lower secondary,Unemployed,Language training
4701,2023-07-01,6,Brazil,Male,45-54,Doctorate,Employed,Asylum application
4769,2023-07-01,10,Portugal,Male,45-54,Upper secondary,Employed,Asylum application
4778,2023-07-01,2,India,Male,35-44,Lower secondary,Inactive,Housing support
4820,2023-07-01,4,Côte d'Ivoire,Male,25-34,Bachelor,Unemployed,Integration program
4837,2023-07-01,4,Ukraine,Male,25-34,Lower secondary,Unemployed,Language training
4870,2023-07-01,5,India,Female,55+,Bachelor,Unemployed,Asylum application
4878,2023-07-01,1,Other,Male,35-44,Bachelor,Employed,Housing support
4909,2023-07-01,1,Nigeria,Female,45-54,Bachelor,Employed,Language training
4968,2023-07-01,3,Georgia,Male,55+,Upper secondary,Employed,Employment support
5058,2023-07-01,1,Colombia,Female,25-34,Bachelor,Unemployed,Housing support
5066,2023-07-01,1,China,Male,25-34,Bachelor,Employed,Language training
5081,2023-07-01,1,Ukraine,Male,35-44,Upper secondary,Unemployed,Integration program
5113,2023-07-01,9,Guinea,Female,18-24,Master,Employed,Integration program
5160,2023-07-01,1,India,Male,25-34,Upper secondary,Unemployed,Employment support
5340,2023-07-01,4,Colombia,Female,25-34,Upper secondary,Employed,Asylum application
5394,2023-07-01,4,Morocco,Male,25-34,Bachelor,Employed,Housing support
5481,2023-07-01,3,Guinea,Male,35-44,Lower secondary,Unemployed,Asylum application
5541,2023-07-01,7,Afghanistan,Male,45-54,Doctorate,Unemployed,Housing support
5580,2023-07-01,7,Portugal,Male,35-44,Master,Employed,Employment support
5702,2023-07-01,1,Afghanistan,Male,45-54,Lower secondary,Inactive,Housing support
5725,2023-07-01,2,Turkey,Female,18-24,Master,Employed,Integration program
5830,2023-07-01,5,Nigeria,Female,18-24,Master,Employed,Asylum application
5848,2023-07-01,10,Colombia,Female,35-44,Upper secondary,Employed,Employment support
5885,2023-07-01,1,Morocco,Male,25-34,Bachelor,Employed,Employment support
5897,2023-07-01,6,Côte d'Ivoire,Female,25-34,Lower secondary,Unemployed,Asylum application
5948,2023-07-01,5,Syria,Female,25-34,Bachelor,Employed,Employment support
36,2023-08-01,1,Syria,Male,45-54,Upper secondary,Unemployed,Integration program
37,2023-08-01,5,Colombia,Female,55+,Lower secondary,Unemployed,Asylum application
128,2023-08-01,4,Colombia,Male,18-24,Lower secondary,Unemployed,Language training
188,2023-08-01,8,Ukraine,Female,25-34,Lower secondary,Employed,Housing support
190,2023-08-01,6,India,Male,35-44,Upper secondary,Employed,Asylum application
225,2023-08-01,7,Algeria,Male,35-44,Upper secondary,Employed,Integration program
320,2023-08-01,9,China,Male,35-44,Doctorate,Unemployed,Language training
362,2023-08-01,7,Algeria,Female,35-44,Lower secondary,Inactive,Asylum application
392,2023-08-01,6,Brazil,Male,35-44,Lower secondary,Unemployed,Asylum application
547,2023-08-01,9,Bangladesh,Male,18-24,Upper secondary,Unemployed,Asylum application
563,2023-08-01,1,Other,Male,18-24,Master,Unemployed,Language training
573,2023-08-01,6,India,Female,35-44,Bachelor,Employed,Integration program
618,2023-08-01,3,Ukraine,Female,45-54,Upper secondary,Employed,Integration program
654,2023-08-01,7,Afghanistan,Female,35-44,Upper secondary,Unemployed,Asylum application
702,2023-08-01,6,Côte d'Ivoire,Male,35-44,Upper secondary,Unemployed,Employment support
711,2023-08-01,7,Turkey,Female,25-34,Doctorate,Employed,Language training
713,2023-08-01,4,Brazil,Male,25-34,Master,Employed,Housing support
739,2023-08-01,1,Nigeria,Female,45-54,Upper secondary,Employed,Housing support
769,2023-08-01,10,Côte d'Ivoire,Female,45-54,Lower secondary,Unemployed,Housing support
783,2023-08-01,4,Morocco,Male,35-44,Bachelor,Employed,Integration program
857,2023-08-01,9,Tunisia,Male,25-34,Master,Employed,Housing support
905,2023-08-01,1,Côte d'Ivoire,Male,35-44,Doctorate,Employed,Housing support
943,2023-08-01,3,Afghanistan,Female,35-44,Upper secondary,Unemployed,Employment support
1018,2023-08-01,1,China,Female,18-24,Master,Employed,Asylum application
1021,2023-08-01,1,Other,Male,55+,Master,Unemployed,Integration program
1030,2023-08-01,4,China,Male,45-54,Upper secondary,Employed,Housing support
1042,2023-08-01,2,India,Male,25-34,Bachelor,Employed,Housing support
1052,2023-08-01,2,Nigeria,Male,25-34,Lower secondary,Unemployed,Housing support
1122,2023-08-01,8,Turkey,Male,18-24,Lower secondary,Unemployed,Housing support
1145,2023-08-01,9,Syria,Male,45-54,Upper secondary,Employed,Integration program
1146,2023-08-01,1,Italy,Female,45-54,Upper secondary,Employed,Housing support
1159,2023-08-01,1,Guinea,Female,25-34,Upper secondary,Unemployed,Asylum application
1171,2023-08-01,9,Morocco,Male,35-44,Upper secondary,Unemployed,Housing support
1181,2023-08-01,9,Guinea,Male,25-34,Master,Employed,Language training
1201,2023-08-01,7,Guinea,Male,25-34,Bachelor,Unemployed,Housing support
1226,2023-08-01,2,Tunisia,Female,18-24,Master,Employed,Asylum application
1250,2023-08-01,6,Ukraine,Female,35-44,Master,Employed,Employment support
1417,2023-08-01,8,Côte d'Ivoire,Male,25-34,Bachelor,Unemployed,Asylum application
1431,2023-08-01,3,India,Female,45-54,Doctorate,Inactive,Integration program
1494,2023-08-01,5,Italy,Female,18-24,Master,Employed,Asylum application
1515,2023-08-01,3,Tunisia,Female,35-44,Master,Employed,Integration program
1533,2023-08-01,6,Syria,Female,25-34,Bachelor,Employed,Employment support
1573,2023-08-01,1,Senegal,Male,18-24,Bachelor,Unemployed,Asylum application
1656,2023-08-01,6,Italy,Female,45-54,Upper secondary,Employed,Employment support
1742,2023-08-01,3,Algeria,Male,25-34,Upper secondary,Unemployed,Employment support
1743,2023-08-01,9,Bangladesh,Female,45-54,Lower secondary,Unemployed,Asylum application
1792,2023-08-01,8,Guinea,Female,35-44,Upper secondary,Unemployed,Employment support
1810,2023-08-01,3,Spain,Male,18-24,Lower secondary,Unemployed,Language training
1887,2023-08-01,1,Morocco,Female,25-34,Lower secondary,Unemployed,Integration program
1899,2023-08-01,1,Syria,Male,55+,Lower secondary,Unemployed,Employment support
1990,2023-08-01,2,Georgia,Female,45-54,Upper secondary,Employed,Housing support
1999,2023-08-01,3,Spain,Female,25-34,Master,Employed,Housing support
2204,2023-08-01,4,Senegal,Female,35-44,Upper secondary,Unemployed,Asylum application
2231,2023-08-01,1,Tunisia,Female,25-34,Upper secondary,Unemployed,Integration program
2262,2023-08-01,6,Bangladesh,Male,18-24,Doctorate,Employed,Housing support
2267,2023-08-01,4,Other,Male,55+,Master,Unemployed,Employment support
2386,2023-08-01,1,Senegal,Female,25-34,Master,Employed,Language training
2478,2023-08-01,1,Other,Female,25-34,Upper secondary,Unemployed,Language training
2556,2023-08-01,10,Brazil,Male,25-34,Bachelor,Unemployed,Integration program
2598,2023-08-01,3,Colombia,Male,35-44,Upper secondary,Employed,Language training
2668,2023-08-01,6,Brazil,Female,35-44,Lower secondary,Inactive,Asylum application
2673,2023-08-01,6,Bangladesh,Female,55+,Upper secondary,Inactive,Housing support
2687,2023-08-01,10,Algeria,Female,45-54,Upper secondary,Employed,Asylum application
2785,2023-08-01,5,Other,Male,45-54,Upper secondary,Employed,Housing support
2790,2023-08-01,1,Nigeria,Male,45-54,Upper secondary,Unemployed,Asylum application
2829,2023-08-01,2,Portugal,Female,25-34,Master,Employed,Employment support
2851,2023-08-01,1,Georgia,Female,25-34,Upper secondary,Unemployed,Housing support
2903,2023-08-01,1,Georgia,Male,45-54,Lower secondary,Employed,Employment support
3083,2023-08-01,4,Ukraine,Male,18-24,Bachelor,Employed,Language training
3164,2023-08-01,2,Portugal,Female,35-44,Bachelor,Employed,Asylum application
3207,2023-08-01,3,India,Female,35-44,Lower secondary,Unemployed,Language training
3236,2023-08-01,3,Morocco,Male,25-34,Lower secondary,Unemployed,Employment support
3269,2023-08-01,3,Portugal,Male,55+,Doctorate,Employed,Housing support
3302,2023-08-01,1,Brazil,Female,25-34,Upper secondary,Employed,Housing support
3370,2023-08-01,5,Senegal,Female,45-54,Upper secondary,Employed,Language training
3391,2023-08-01,2,Georgia,Female,35-44,Lower secondary,Unemployed,Integration program
3449,2023-08-01,7,Morocco,Female,25-34,Upper secondary,Unemployed,Integration program
3510,2023-08-01,3,Syria,Male,18-24,Upper secondary,Employed,Integration program
3537,2023-08-01,4,Turkey,Male,45-54,Upper secondary,Employed,Asylum application
3569,2023-08-01,1,Senegal,Female,18-24,Master,Employed,Language training
3574,2023-08-01,3,Morocco,Male,35-44,Upper secondary,Unemployed,Asylum application
3597,2023-08-01,5,Ukraine,Male,25-34,Master,Employed,Integration program
3743,2023-08-01,7,Portugal,Female,35-44,Master,Unemployed,Housing support
3853,2023-08-01,1,Syria,Female,25-34,Upper secondary,Unemployed,Housing support
3869,2023-08-01,1,Afghanistan,Male,25-34,Bachelor,Employed,Integration program
4012,2023-08-01,1,Brazil,Female,35-44,Upper secondary,Employed,Language training
4036,2023-08-01,6,Colombia,Male,55+,Upper secondary,Unemployed,Asylum application
4074,2023-08-01,4,Brazil,Male,45-54,Upper secondary,Employed,Integration program
4178,2023-08-01,1,Bangladesh,Female,45-54,Doctorate,Employed,Asylum application
4228,2023-08-01,6,Algeria,Female,18-24,Upper secondary,Inactive,Asylum application
4238,2023-08-01,1,Brazil,Female,25-34,Master,Employed,Housing support
4257,2023-08-01,1,Algeria,Female,45-54,Lower secondary,Unemployed,Housing support
4261,2023-08-01,1,Portugal,Male,45-54,Doctorate,Employed,Housing support
4304,2023-08-01,1,Nigeria,Female,35-44,Upper secondary,Employed,Language training
4319,2023-08-01,9,Brazil,Female,55+,Master,Employed,Employment support
4323,2023-08-01,6,Bangladesh,Female,25-34,Bachelor,Employed,Asylum application
4326,2023-08-01,5,Senegal,Male,18-24,Bachelor,Employed,Employment support
4394,2023-08-01,3,India,Male,35-44,Bachelor,Unemployed,Employment support
4423,2023-08-01,4,Senegal,Male,25-34,Bachelor,Employed,Employment support
4432,2023-08-01,1,Georgia,Male,35-44,Master,Employed,Housing support
4453,2023-08-01,3,Guinea,Female,45-54,Bachelor,Employed,Integration program
4460,2023-08-01,10,Senegal,Male,35-44,Master,Employed,Employment support
4580,2023-08-01,8,India,Male,18-24,Lower secondary,Employed,Asylum application
4666,2023-08-01,3,India,Male,35-44,Upper secondary,Employed,Housing support
4740,2023-08-01,1,Morocco,Female,25-34,Bachelor,Unemployed,Housing support
4767,2023-08-01,7,Syria,Female,25-34,Bachelor,Employed,Integration program
4892,2023-08-01,2,Turkey,Male,25-34,Upper secondary,Employed,Housing support
4928,2023-08-01,1,Tunisia,Male,55+,Bachelor,Employed,Employment support
4962,2023-08-01,7,Ukraine,Male,25-34,Upper secondary,Inactive,Housing support
4981,2023-08-01,7,Turkey,Female,25-34,Master,Unemployed,Employment support
5145,2023-08-01,1,Brazil,Female,25-34,Upper secondary,Unemployed,Housing support
5223,2023-08-01,3,Tunisia,Male,18-24,Lower secondary,Employed,Employment support
5396,2023-08-01,4,Syria,Female,35-44,Upper secondary,Inactive,Language training
5434,2023-08-01,8,Tunisia,Female,45-54,Upper secondary,Employed,Employment support
5454,2023-08-01,1,Tunisia,Male,18-24,Upper secondary,Employed,Employment support
5511,2023-08-01,6,Colombia,Male,25-34,Lower secondary,Unemployed,Integration program
5519,2023-08-01,10,Senegal,Male,25-34,Lower secondary,Employed,Housing support
5595,2023-08-01,3,Morocco,Female,25-34,Bachelor,Unemployed,Housing support
5641,2023-08-01,5,Spain,Male,45-54,Upper secondary,Unemployed,Housing support
5690,2023-08-01,6,Portugal,Male,35-44,Master,Employed,Language training
5723,2023-08-01,3,Turkey,Female,35-44,Lower secondary,Unemployed,Employment support
5752,2023-08-01,7,Senegal,Female,18-24,Upper secondary,Employed,Employment support
5811,2023-08-01,6,Brazil,Female,55+,Bachelor,Unemployed,Language training
5840,2023-08-01,3,Portugal,Female,18-24,Upper secondary,Unemployed,Housing support
5861,2023-08-01,9,Bangladesh,Female,55+,Bachelor,Unemployed,Integration program
5865,2023-08-01,4,Italy,Female,25-34,Bachelor,Unemployed,Language training
5944,2023-08-01,3,Guinea,Male,25-34,Master,Employed,Asylum application
16,2023-09-01,2,India,Male,18-24,Upper secondary,Employed,Housing support
45,2023-09-01,7,Algeria,Female,35-44,Master,Employed,Asylum application
70,2023-09-01,5,China,Female,25-34,Upper secondary,Unemployed,Employment support
178,2023-09-01,7,Algeria,Male,25-34,Doctorate,Unemployed,Employment support
200,2023-09-01,5,Spain,Female,55+,Upper secondary,Unemployed,Asylum application
279,2023-09-01,4,Ukraine,Male,45-54,Master,Employed,Housing support
281,2023-09-01,4,Brazil,Male,45-54,Lower secondary,Employed,Asylum application
351,2023-09-01,1,Bangladesh,Female,45-54,Bachelor,Unemployed,Employment support
389,2023-09-01,7,Côte d'Ivoire,Female,55+,Lower secondary,Inactive,Asylum application
536,2023-09-01,2,Algeria,Female,25-34,Upper secondary,Unemployed,Housing support
551,2023-09-01,1,Côte d'Ivoire,Female,45-54,Bachelor,Employed,Language training
648,2023-09-01,1,Other,Male,18-24,Bachelor,Employed,Employment support
689,2023-09-01,9,Senegal,Female,35-44,Master,Employed,Integration program
723,2023-09-01,2,Colombia,Female,25-34,Lower secondary,Employed,Housing support
727,2023-09-01,7,Tunisia,Female,18-24,Upper secondary,Unemployed,Housing support
748,2023-09-01,7,Syria,Male,35-44,Upper secondary,Employed,Integration program
804,2023-09-01,1,Morocco,Female,25-34,Bachelor,Employed,Housing support
897,2023-09-01,1,Portugal,Female,55+,Upper secondary,Employed,Employment support
898,2023-09-01,9,Tunisia,Female,18-24,Upper secondary,Unemployed,Asylum application
940,2023-09-01,4,Côte d'Ivoire,Female,25-34,Lower secondary,Employed,Housing support
951,2023-09-01,1,Ukraine,Male,35-44,Bachelor,Employed,Asylum application
1170,2023-09-01,2,Other,Male,18-24,Lower secondary,Employed,Employment support
1186,2023-09-01,1,Ukraine,Male,25-34,Master,Employed,Employment support
1254,2023-09-01,7,Afghanistan,Male,35-44,Bachelor,Employed,Language training
1263,2023-09-01,6,Tunisia,Female,35-44,Upper secondary,Employed,Asylum application
1400,2023-09-01,2,Georgia,Female,45-54,Upper secondary,Employed,Housing support
1412,2023-09-01,7,India,Female,45-54,Doctorate,Employed,Integration program
1530,2023-09-01,1,Nigeria,Male,25-34,Upper secondary,Inactive,Housing support
1544,2023-09-01,2,Algeria,Male,55+,Upper secondary,Employed,Asylum application
1552,2023-09-01,5,Brazil,Female,35-44,Upper secondary,Unemployed,Integration program
1610,2023-09-01,1,Bangladesh,Female,45-54,Upper secondary,Employed,Language training
1660,2023-09-01,7,Georgia,Female,35-44,Lower secondary,Employed,Language training
1684,2023-09-01,1,Syria,Female,45-54,Upper secondary,Unemployed,Language training
1686,2023-09-01,8,Bangladesh,Male,45-54,Upper secondary,Employed,Language training
1840,2023-09-01,4,Algeria,Female,25-34,Master,Employed,Asylum application
1845,2023-09-01,5,Spain,Female,18-24,Upper secondary,Unemployed,Language training
1914,2023-09-01,9,Morocco,Male,45-54,Bachelor,Employed,Asylum application
1962,2023-09-01,1,Afghanistan,Male,25-34,Upper secondary,Employed,Language training
2027,2023-09-01,1,Other,Female,25-34,Master,Employed,Integration program
2075,2023-09-01,1,Nigeria,Male,55+,Upper secondary,Unemployed,Integration program
2093,2023-09-01,1,Other,Male,25-34,Bachelor,Unemployed,Housing support
2102,2023-09-01,5,Portugal,Female,25-34,Lower secondary,Employed,Integration program
2154,2023-09-01,8,Côte d'Ivoire,Female,45-54,Master,Employed,Asylum application
2217,2023-09-01,2,Guinea,Male,45-54,Lower secondary,Unemployed,Integration program
2275,2023-09-01,4,Côte d'Ivoire,Male,25-34,Master,Employed,Housing support
2501,2023-09-01,2,Turkey,Male,18-24,Lower secondary,Employed,Housing support
2502,2023-09-01,4,Turkey,Male,45-54,Bachelor,Inactive,Integration program
2585,2023-09-01,1,Senegal,Female,45-54,Lower secondary,Inactive,Employment support
2630,2023-09-01,1,Colombia,Male,45-54,Upper secondary,Employed,Housing support
2651,2023-09-01,1,India,Male,25-34,Doctorate,Employed,Integration program
2692,2023-09-01,6,Ukraine,Male,25-34,Upper secondary,Employed,Language training
2750,2023-09-01,6,India,Male,35-44,Lower secondary,Inactive,Language training
2766,2023-09-01,7,Guinea,Male,25-34,Doctorate,Unemployed,Housing support
2794,2023-09-01,1,Tunisia,Female,45-54,Doctorate,Unemployed,Housing support
2800,2023-09-01,2,China,Male,25-34,Master,Employed,Housing support
2826,2023-09-01,5,Tunisia,Male,45-54,Master,Unemployed,Language training
2891,2023-09-01,4,Tunisia,Female,45-54,Lower secondary,Unemployed,Housing support
2913,2023-09-01,6,Afghanistan,Male,35-44,Bachelor,Employed,Asylum application
2933,2023-09-01,5,Senegal,Female,25-34,Bachelor,Unemployed,Language training
2946,2023-09-01,1,Other,Female,35-44,Upper secondary,Employed,Asylum application
2947,2023-09-01,1,Colombia,Male,18-24,Upper secondary,Employed,Asylum application
3026,2023-09-01,3,India,Female,35-44,Lower secondary,Unemployed,Integration program
3040,2023-09-01,1,Afghanistan,Female,18-24,Bachelor,Unemployed,Asylum application
3061,2023-09-01,1,Other,Female,45-54,Bachelor,Employed,Integration program
3202,2023-09-01,4,Algeria,Female,55+,Master,Employed,Language training
3283,2023-09-01,7,Tunisia,Male,35-44,Upper secondary,Unemployed,Asylum application
3298,2023-09-01,7,Portugal,Female,55+,Bachelor,Employed,Asylum application
3376,2023-09-01,1,Brazil,Male,25-34,Upper secondary,Employed,Asylum application
3530,2023-09-01,8,Ukraine,Male,25-34,Bachelor,Employed,Housing support
3533,2023-09-01,4,Bangladesh,Female,55+,Bachelor,Employed,Housing support
3555,2023-09-01,10,Morocco,Male,25-34,Upper secondary,Unemployed,Housing support
3557,2023-09-01,1,Tunisia,Male,25-34,Bachelor,Unemployed,Language training
3563,2023-09-01,5,Nigeria,Male,18-24,Master,Employed,Employment support
3603,2023-09-01,4,India,Male,35-44,Bachelor,Inactive,Housing support
3671,2023-09-01,6,Spain,Male,25-34,Upper secondary,Unemployed,Employment support
3791,2023-09-01,7,Turkey,Female,25-34,Upper secondary,Unemployed,Language training
3824,2023-09-01,1,Algeria,Male,25-34,Lower secondary,Unemployed,Integration program
3874,2023-09-01,3,Morocco,Female,25-34,Lower secondary,Unemployed,Employment support
3875,2023-09-01,10,Afghanistan,Female,25-34,Doctorate,Unemployed,Employment support
3973,2023-09-01,8,Other,Female,55+,Bachelor,Unemployed,Integration program
3980,2023-09-01,7,Georgia,Male,18-24,Bachelor,Inactive,Employment support
4021,2023-09-01,9,Bangladesh,Female,25-34,Upper secondary,Employed,Integration program
4067,2023-09-01,3,Morocco,Female,25-34,Upper secondary,Employed,Asylum application
4143,2023-09-01,7,Syria,Male,25-34,Lower secondary,Employed,Housing support
4329,2023-09-01,1,Turkey,Male,25-34,Master,Employed,Integration program
4333,2023-09-01,9,Côte d'Ivoire,Male,35-44,Lower secondary,Inactive,Housing support
4348,2023-09-01,9,Tunisia,Male,35-44,Master,Unemployed,Language training
4500,2023-09-01,7,Morocco,Female,45-54,Master,Employed,Integration program
4632,2023-09-01,8,Morocco,Female,25-34,Upper secondary,Employed,Housing support
4805,2023-09-01,4,Bangladesh,Male,35-44,Master,Employed,Employment support
4929,2023-09-01,1,India,Female,45-54,Bachelor,Employed,Integration program
5093,2023-09-01,8,Algeria,Female,35-44,Upper secondary,Unemployed,Language training
5161,2023-09-01,2,Portugal,Female,25-34,Doctorate,Employed,Integration program
5182,2023-09-01,1,Syria,Male,18-24,Upper secondary,Employed,Integration program
5190,2023-09-01,8,Italy,Female,25-34,Bachelor,Employed,Employment support
5203,2023-09-01,5,Afghanistan,Male,35-44,Upper secondary,Unemployed,Language training
5231,2023-09-01,1,Other,Female,18-24,Master,Employed,Integration program
5351,2023-09-01,1,India,Male,18-24,Master,Employed,Language training
5353,2023-09-01,1,Colombia,Male,18-24,Bachelor,Employed,Integration program
5401,2023-09-01,7,Algeria,Male,45-54,Bachelor,Unemployed,Integration program
5424,2023-09-01,1,Other,Female,18-24,Lower secondary,Employed,Housing support
5517,2023-09-01,8,Brazil,Female,55+,Upper secondary,Unemployed,Integration program
5689,2023-09-01,2,Bangladesh,Female,35-44,Master,Unemployed,Language training
5701,2023-09-01,1,China,Male,25-34,Master,Unemployed,Language training
5863,2023-09-01,5,Morocco,Male,45-54,Bachelor,Employed,Asylum application
5967,2023-09-01,3,China,Male,45-54,Master,Inactive,Housing support
5981,2023-09-01,1,Colombia,Male,35-44,Bachelor,Unemployed,Integration program
26,2023-10-01,3,China,Male,45-54,Upper secondary,Unemployed,Employment support
69,2023-10-01,1,Portugal,Female,25-34,Lower secondary,Employed,Integration program
116,2023-10-01,1,Algeria,Female,45-54,Master,Employed,Employment support
149,2023-10-01,5,Bangladesh,Male,55+,Upper secondary,Employed,Housing support
150,2023-10-01,1,Colombia,Male,45-54,Lower secondary,Unemployed,Employment support
154,2023-10-01,1,Other,Male,25-34,Bachelor,Employed,Integration program
216,2023-10-01,6,Tunisia,Male,25-34,Master,Employed,Language training
356,2023-10-01,1,Afghanistan,Male,35-44,Bachelor,Employed,Integration program
395,2023-10-01,2,Colombia,Female,35-44,Lower secondary,Employed,Employment support
437,2023-10-01,4,China,Male,35-44,Lower secondary,Employed,Housing support
473,2023-10-01,9,Côte d'Ivoire,Male,55+,Lower secondary,Employed,Integration program
482,2023-10-01,7,Bangladesh,Female,25-34,Upper secondary,Unemployed,Language training
527,2023-10-01,3,Brazil,Male,25-34,Doctorate,Employed,Employment support
530,2023-10-01,4,Côte d'Ivoire,Female,18-24,Upper secondary,Employed,Integration program
574,2023-10-01,1,Spain,Female,35-44,Master,Employed,Employment support
631,2023-10-01,1,Brazil,Male,35-44,Master,Employed,Housing support
633,2023-10-01,7,Colombia,Male,45-54,Lower secondary,Inactive,Housing support
669,2023-10-01,1,Bangladesh,Female,25-34,Upper secondary,Employed,Asylum application
708,2023-10-01,8,China,Male,35-44,Master,Employed,Employment support
756,2023-10-01,9,Guinea,Female,18-24,Upper secondary,Unemployed,Employment support
796,2023-10-01,1,China,Male,35-44,Upper secondary,Inactive,Language training
800,2023-10-01,2,Other,Male,25-34,Bachelor,Employed,Language training
816,2023-10-01,8,Morocco,Male,25-34,Master,Employed,Employment support
925,2023-10-01,4,Morocco,Male,25-34,Upper secondary,Unemployed,Integration program
929,2023-10-01,4,Turkey,Female,25-34,Bachelor,Employed,Employment support
942,2023-10-01,4,Afghanistan,Female,35-44,Master,Employed,Asylum application
966,2023-10-01,1,Algeria,Male,35-44,Bachelor,Unemployed,Integration program
1407,2023-10-01,7,Brazil,Male,55+,Doctorate,Employed,Asylum application
1421,2023-10-01,5,Senegal,Female,18-24,Bachelor,Employed,Employment support
1424,2023-10-01,4,Spain,Male,35-44,Upper secondary,Inactive,Language training
1457,2023-10-01,1,Tunisia,Male,45-54,Upper secondary,Employed,Integration program
1473,2023-10-01,3,Syria,Female,25-34,Lower secondary,Employed,Asylum application
1486,2023-10-01,1,Tunisia,Male,45-54,Lower secondary,Unemployed,Employment support
1490,2023-10-01,6,Georgia,Male,18-24,Bachelor,Unemployed,Housing support
1491,2023-10-01,6,Other,Male,55+,Lower secondary,Employed,Employment support
1692,2023-10-01,6,Colombia,Male,25-34,Master,Employed,Employment support
1779,2023-10-01,1,Bangladesh,Male,25-34,Upper secondary,Employed,Housing support
1942,2023-10-01,1,Afghanistan,Male,25-34,Bachelor,Employed,Asylum application
1945,2023-10-01,6,Brazil,Female,35-44,Master,Employed,Integration program
1965,2023-10-01,2,Senegal,Male,25-34,Master,Unemployed,Integration program
1983,2023-10-01,7,Morocco,Male,55+,Master,Unemployed,Integration program
1996,2023-10-01,3,Italy,Male,25-34,Master,Employed,Housing support
2088,2023-10-01,6,India,Male,25-34,Upper secondary,Employed,Language training
2089,2023-10-01,6,Afghanistan,Male,25-34,Bachelor,Employed,Asylum application
2122,2023-10-01,2,China,Female,35-44,Lower secondary,Employed,Employment support
2163,2023-10-01,3,Brazil,Female,25-34,Upper secondary,Unemployed,Housing support
2180,2023-10-01,7,Turkey,Male,25-34,Doctorate,Employed,Housing support
2213,2023-10-01,4,Tunisia,Male,35-44,Master,Employed,Employment support
2515,2023-10-01,1,Colombia,Female,25-34,Upper secondary,Unemployed,Language training
2536,2023-10-01,7,Morocco,Male,25-34,Bachelor,Employed,Language training
2541,2023-10-01,9,Ukraine,Male,25-34,Bachelor,Inactive,Employment support
2562,2023-10-01,7,India,Female,25-34,Bachelor,Inactive,Language training
2573,2023-10-01,6,Nigeria,Male,45-54,Master,Employed,Housing support
2605,2023-10-01,5,Georgia,Male,35-44,Lower secondary,Inactive,Housing support
2644,2023-10-01,1,Italy,Female,25-34,Master,Employed,Language training
2735,2023-10-01,3,Portugal,Female,45-54,Upper secondary,Unemployed,Employment support
2745,2023-10-01,4,Italy,Male,35-44,Upper secondary,Unemployed,Language training
2749,2023-10-01,2,Syria,Male,45-54,Bachelor,Inactive,Integration program
2776,2023-10-01,1,China,Male,25-34,Upper secondary,Employed,Asylum application
2788,2023-10-01,10,China,Male,35-44,Bachelor,Unemployed,Language training
2911,2023-10-01,10,Bangladesh,Male,25-34,Bachelor,Employed,Housing support
2926,2023-10-01,4,Algeria,Male,25-34,Bachelor,Unemployed,Asylum application
2941,2023-10-01,4,China,Male,25-34,Doctorate,Employed,Asylum application
2979,2023-10-01,1,Nigeria,Female,35-44,Bachelor,Unemployed,Integration program
2982,2023-10-01,5,India,Female,35-44,Upper secondary,Unemployed,Language training
3047,2023-10-01,10,Other,Female,25-34,Bachelor,Employed,Integration program
3093,2023-10-01,6,Bangladesh,Female,25-34,Master,Employed,Integration program
3111,2023-10-01,2,Algeria,Male,55+,Upper secondary,Employed,Language training
3113,2023-10-01,7,Other,Male,35-44,Bachelor,Unemployed,Language training
3180,2023-10-01,5,Brazil,Female,18-24,Bachelor,Employed,Housing support
3183,2023-10-01,2,Spain,Female,25-34,Bachelor,Inactive,Asylum application
3194,2023-10-01,8,Portugal,Female,25-34,Bachelor,Employed,Housing support
3284,2023-10-01,1,Afghanistan,Female,25-34,Lower secondary,Unemployed,Asylum application
3322,2023-10-01,4,Brazil,Female,25-34,Upper secondary,Unemployed,Integration program
3328,2023-10-01,7,Afghanistan,Male,18-24,Master,Employed,Asylum application
3355,2023-10-01,10,Georgia,Male,35-44,Bachelor,Employed,Employment support
3380,2023-10-01,3,Senegal,Female,25-34,Doctorate,Unemployed,Integration program
3423,2023-10-01,3,Morocco,Female,35-44,Bachelor,Employed,Housing support
3442,2023-10-01,1,China,Male,55+,Upper secondary,Unemployed,Employment support
3445,2023-10-01,6,Other,Male,35-44,Master,Unemployed,Asylum application
3493,2023-10-01,3,Morocco,Female,45-54,Master,Unemployed,Asylum application
3637,2023-10-01,2,Senegal,Female,35-44,Master,Employed,Employment support
3669,2023-10-01,4,Portugal,Male,55+,Upper secondary,Employed,Integration program
3739,2023-10-01,4,Côte d'Ivoire,Male,35-44,Master,Employed,Language training
3811,2023-10-01,8,Other,Female,25-34,Bachelor,Employed,Employment support
3855,2023-10-01,9,Portugal,Male,18-24,Bachelor,Inactive,Employment support
3909,2023-10-01,1,Portugal,Male,25-34,Bachelor,Employed,Language training
3935,2023-10-01,9,Portugal,Male,45-54,Bachelor,Employed,Housing support
3945,2023-10-01,2,Portugal,Male,25-34,Upper secondary,Employed,Integration program
3972,2023-10-01,2,India,Female,18-24,Lower secondary,Inactive,Asylum application
3983,2023-10-01,5,Morocco,Male,55+,Bachelor,Unemployed,Integration program
4022,2023-10-01,3,Syria,Male,25-34,Upper secondary,Inactive,Employment support
4035,2023-10-01,1,Guinea,Female,55+,Lower secondary,Employed,Housing support
4130,2023-10-01,6,Portugal,Male,25-34,Master,Employed,Asylum application
4133,2023-10-01,2,Spain,Female,35-44,Upper secondary,Employed,Employment support
4138,2023-10-01,6,Other,Female,35-44,Master,Employed,Housing support
4235,2023-10-01,1,Guinea,Female,45-54,Lower secondary,Unemployed,Employment support
4474,2023-10-01,1,Afghanistan,Male,45-54,Lower secondary,Unemployed,Employment support
4516,2023-10-01,2,Syria,Female,25-34,Upper secondary,Unemployed,Asylum application
4517,2023-10-01,8,Côte d'Ivoire,Male,18-24,Upper secondary,Unemployed,Asylum application
4541,2023-10-01,1,Brazil,Female,55+,Lower secondary,Unemployed,Housing support
4587,2023-10-01,1,China,Male,35-44,Bachelor,Unemployed,Language training
4609,2023-10-01,10,Bangladesh,Female,55+,Lower secondary,Employed,Asylum application
4648,2023-10-01,2,Turkey,Female,45-54,Upper secondary,Employed,Employment support
4663,2023-10-01,5,Nigeria,Male,55+,Bachelor,Employed,Employment support
4879,2023-10-01,5,Portugal,Female,25-34,Upper secondary,Employed,Language training
4886,2023-10-01,1,Guinea,Male,25-34,Master,Employed,Integration program
5031,2023-10-01,5,Brazil,Female,25-34,Lower secondary,Unemployed,Asylum application
5070,2023-10-01,7,Colombia,Male,25-34,Bachelor,Employed,Language training
5072,2023-10-01,5,Ukraine,Male,18-24,Upper secondary,Employed,Asylum application
5111,2023-10-01,1,Italy,Male,25-34,Upper secondary,Unemployed,Asylum application
5214,2023-10-01,3,Turkey,Female,18-24,Master,Unemployed,Employment support
5247,2023-10-01,2,Ukraine,Female,25-34,Bachelor,Employed,Integration program
5326,2023-10-01,3,Morocco,Female,25-34,Lower secondary,Unemployed,Employment support
5339,2023-10-01,4,Afghanistan,Female,35-44,Master,Employed,Employment support
5476,2023-10-01,4,Afghanistan,Female,18-24,Lower secondary,Unemployed,Housing support
5682,2023-10-01,2,Tunisia,Female,25-34,Upper secondary,Employed,Integration program
5854,2023-10-01,9,Algeria,Male,45-54,Upper secondary,Employed,Employment support
5916,2023-10-01,3,Senegal,Female,45-54,Bachelor,Employed,Language training
5936,2023-10-01,6,Senegal,Male,35-44,Bachelor,Employed,Language training
5969,2023-10-01,1,China,Female,35-44,Bachelor,Employed,Asylum application
5995,2023-10-01,1,Colombia,Female,25-34,Bachelor,Employed,Asylum application
91,2023-11-01,8,Nigeria,Male,18-24,Upper secondary,Unemployed,Asylum application
139,2023-11-01,1,India,Female,25-34,Master,Inactive,Employment support
177,2023-11-01,1,Senegal,Male,35-44,Upper secondary,Employed,Employment support
261,2023-11-01,4,Georgia,Female,45-54,Lower secondary,Unemployed,Language training
317,2023-11-01,2,Afghanistan,Female,35-44,Upper secondary,Inactive,Housing support
371,2023-11-01,4,Côte d'Ivoire,Male,45-54,Master,Unemployed,Integration program
401,2023-11-01,4,Tunisia,Female,25-34,Upper secondary,Unemployed,Asylum application
429,2023-11-01,9,India,Male,25-34,Lower secondary,Inactive,Language training
450,2023-11-01,4,Turkey,Male,45-54,Bachelor,Employed,Employment support
469,2023-11-01,8,Georgia,Female,55+,Lower secondary,Employed,Housing support
486,2023-11-01,5,India,Female,45-54,Upper secondary,Inactive,Language training
488,2023-11-01,4,Ukraine,Male,35-44,Upper secondary,Employed,Asylum application
528,2023-11-01,7,Ukraine,Male,18-24,Doctorate,Employed,Language training
572,2023-11-01,3,Bangladesh,Male,35-44,Master,Unemployed,Language training
672,2023-11-01,3,Portugal,Female,25-34,Bachelor,Unemployed,Asylum application
703,2023-11-01,4,Turkey,Female,55+,Upper secondary,Inactive,Asylum application
759,2023-11-01,3,Morocco,Male,25-34,Lower secondary,Unemployed,Asylum application
794,2023-11-01,10,Brazil,Female,35-44,Lower secondary,Employed,Integration program
928,2023-11-01,1,Nigeria,Male,55+,Master,Employed,Housing support
1203,2023-11-01,1,Spain,Male,18-24,Master,Employed,Asylum application
1253,2023-11-01,5,Tunisia,Female,45-54,Lower secondary,Unemployed,Integration program
1388,2023-11-01,5,Other,Male,18-24,Upper secondary,Unemployed,Language training
1409,2023-11-01,2,Turkey,Male,35-44,Master,Employed,Housing support
1433,2023-11-01,8,Spain,Male,35-44,Lower secondary,Employed,Employment support
1471,2023-11-01,1,Other,Female,25-34,Doctorate,Employed,Asylum application
1525,2023-11-01,6,Italy,Male,25-34,Bachelor,Employed,Language training
1541,2023-11-01,1,Brazil,Male,55+,Master,Employed,Asylum application
1542,2023-11-01,7,India,Male,25-34,Upper secondary,Inactive,Asylum application
1561,2023-11-01,6,Morocco,Male,55+,Doctorate,Employed,Employment support
1621,2023-11-01,4,Senegal,Female,25-34,Upper secondary,Inactive,Integration program
1704,2023-11-01,5,Brazil,Female,35-44,Bachelor,Employed,Integration program
1739,2023-11-01,1,Morocco,Male,18-24,Bachelor,Inactive,Integration program
1963,2023-11-01,3,Brazil,Female,35-44,Bachelor,Unemployed,Asylum application
1972,2023-11-01,3,Other,Male,25-34,Doctorate,Employed,Integration program
1994,2023-11-01,1,Morocco,Male,45-54,Lower secondary,Employed,Employment support
2044,2023-11-01,7,India,Male,25-34,Master,Inactive,Language training
2121,2023-11-01,9,Senegal,Female,25-34,Upper secondary,Employed,Housing support
2126,2023-11-01,1,Morocco,Male,25-34,Upper secondary,Inactive,Integration program
2155,2023-11-01,7,Italy,Male,35-44,Bachelor,Employed,Employment support
2194,2023-11-01,3,Bangladesh,Female,55+,Lower secondary,Inactive,Asylum application
2221,2023-11-01,1,Colombia,Male,25-34,Upper secondary,Employed,Housing support
2359,2023-11-01,4,Nigeria,Female,45-54,Doctorate,Employed,Language training
2392,2023-11-01,1,Afghanistan,Male,25-34,Master,Employed,Employment support
2455,2023-11-01,1,Guinea,Male,25-34,Bachelor,Unemployed,Integration program
2564,2023-11-01,1,Algeria,Female,25-34,Bachelor,Unemployed,Housing support
2576,2023-11-01,7,Bangladesh,Male,35-44,Bachelor,Employed,Integration program
2693,2023-11-01,4,Ukraine,Female,18-24,Master,Unemployed,Employment support
2783,2023-11-01,1,Guinea,Male,55+,Bachelor,Employed,Language training
2786,2023-11-01,5,Senegal,Male,25-34,Bachelor,Employed,Employment support
2834,2023-11-01,1,Senegal,Male,35-44,Master,Employed,Asylum application
2960,2023-11-01,1,Nigeria,Male,35-44,Master,Employed,Asylum application
3128,2023-11-01,1,Morocco,Female,35-44,Lower secondary,Employed,Housing support
3135,2023-11-01,7,Guinea,Male,18-24,Bachelor,Inactive,Housing support
3266,2023-11-01,2,Italy,Male,35-44,Upper secondary,Employed,Housing support
3329,2023-11-01,3,Brazil,Male,18-24,Bachelor,Unemployed,Integration program
3345,2023-11-01,1,Ukraine,Male,35-44,Bachelor,Employed,Language training
3365,2023-11-01,3,Ukraine,Female,45-54,Upper secondary,Inactive,Integration program
3374,2023-11-01,1,Spain,Female,55+,Upper secondary,Employed,Housing support
3389,2023-11-01,1,Portugal,Male,25-34,Upper secondary,Unemployed,Housing support
3435,2023-11-01,1,Côte d'Ivoire,Female,45-54,Lower secondary,Employed,Integration program
3467,2023-11-01,1,Italy,Male,25-34,Bachelor,Unemployed,Asylum application
3501,2023-11-01,5,China,Male,35-44,Upper secondary,Unemployed,Housing support
3551,2023-11-01,1,Syria,Male,55+,Master,Inactive,Language training
3580,2023-11-01,7,Algeria,Female,18-24,Lower secondary,Unemployed,Asylum application
3647,2023-11-01,1,Italy,Female,25-34,Upper secondary,Employed,Employment support
3676,2023-11-01,1,Tunisia,Male,18-24,Master,Employed,Employment support
3788,2023-11-01,1,Ukraine,Female,25-34,Lower secondary,Employed,Asylum application
3819,2023-11-01,2,China,Female,25-34,Bachelor,Employed,Employment support
3977,2023-11-01,5,Côte d'Ivoire,Male,35-44,Lower secondary,Unemployed,Language training
4034,2023-11-01,3,Côte d'Ivoire,Female,18-24,Bachelor,Employed,Integration program
4072,2023-11-01,2,China,Male,55+,Bachelor,Employed,Asylum application
4147,2023-11-01,1,Senegal,Male,18-24,Lower secondary,Employed,Asylum application
4214,2023-11-01,2,Tunisia,Female,35-44,Lower secondary,Employed,Language training
4245,2023-11-01,1,Bangladesh,Male,25-34,Bachelor,Employed,Integration program
4302,2023-11-01,4,Colombia,Male,35-44,Bachelor,Inactive,Housing support
4339,2023-11-01,9,Tunisia,Male,25-34,Bachelor,Employed,Employment support
4376,2023-11-01,3,Algeria,Male,45-54,Upper secondary,Unemployed,Language training
4515,2023-11-01,1,Morocco,Female,55+,Lower secondary,Employed,Language training
4729,2023-11-01,7,Tunisia,Female,45-54,Bachelor,Unemployed,Housing support
4748,2023-11-01,9,Côte d'Ivoire,Female,45-54,Bachelor,Unemployed,Language training
4760,2023-11-01,10,Spain,Female,55+,Doctorate,Unemployed,Employment support
4826,2023-11-01,1,Côte d'Ivoire,Male,35-44,Upper secondary,Unemployed,Housing support
4904,2023-11-01,3,Nigeria,Female,35-44,Master,Unemployed,Asylum application
4923,2023-11-01,6,Turkey,Female,35-44,Upper secondary,Unemployed,Housing support
5046,2023-11-01,4,Brazil,Male,45-54,Doctorate,Unemployed,Housing support
5050,2023-11-01,3,Bangladesh,Female,25-34,Doctorate,Employed,Asylum application
5076,2023-11-01,2,Morocco,Male,25-34,Upper secondary,Unemployed,Employment support
5155,2023-11-01,4,Tunisia,Female,25-34,Lower secondary,Unemployed,Housing support
5164,2023-11-01,8,Guinea,Female,55+,Upper secondary,Employed,Language training
5357,2023-11-01,6,Morocco,Female,35-44,Bachelor,Employed,Integration program
5426,2023-11-01,4,Syria,Male,35-44,Bachelor,Inactive,Employment support
5431,2023-11-01,5,Other,Female,25-34,Upper secondary,Employed,Housing support
5444,2023-11-01,1,Colombia,Male,18-24,Master,Unemployed,Integration program
5460,2023-11-01,7,Italy,Male,18-24,Lower secondary,Employed,Employment support
5465,2023-11-01,5,Guinea,Female,45-54,Lower secondary,Inactive,Integration program
5479,2023-11-01,6,Afghanistan,Male,45-54,Bachelor,Employed,Employment support
5523,2023-11-01,7,Ukraine,Male,45-54,Upper secondary,Unemployed,Integration program
5568,2023-11-01,10,Morocco,Male,45-54,Upper secondary,Employed,Integration program
5591,2023-11-01,4,Other,Male,25-34,Upper secondary,Inactive,Housing support
5762,2023-11-01,9,Côte d'Ivoire,Male,35-44,Master,Employed,Language training
5771,2023-11-01,4,Bangladesh,Male,25-34,Master,Unemployed,Asylum application
5775,2023-11-01,3,Morocco,Female,25-34,Upper secondary,Unemployed,Housing support
5799,2023-11-01,1,Senegal,Female,25-34,Bachelor,Employed,Language training
5826,2023-11-01,1,Turkey,Female,25-34,Upper secondary,Unemployed,Housing support
5858,2023-11-01,1,Bangladesh,Male,35-44,Bachelor,Employed,Employment support
5870,2023-11-01,5,Tunisia,Female,25-34,Upper secondary,Unemployed,Housing support
5891,2023-11-01,2,Portugal,Male,35-44,Doctorate,Employed,Asylum application
5941,2023-11-01,1,Senegal,Male,35-44,Bachelor,Employed,Integration program
5999,2023-11-01,1,Guinea,Male,45-54,Master,Unemployed,Language training
33,2023-12-01,1,Colombia,Male,18-24,Upper secondary,Unemployed,Employment support
65,2023-12-01,2,Afghanistan,Male,25-34,Bachelor,Employed,Housing support
93,2023-12-01,4,Colombia,Female,35-44,Upper secondary,Employed,Asylum application
153,2023-12-01,8,Turkey,Female,25-34,Lower secondary,Unemployed,Employment support
156,2023-12-01,1,India,Male,18-24,Bachelor,Employed,Integration program
185,2023-12-01,4,Bangladesh,Female,25-34,Master,Employed,Employment support
278,2023-12-01,2,Morocco,Female,35-44,Bachelor,Unemployed,Housing support
284,2023-12-01,1,Morocco,Female,18-24,Upper secondary,Employed,Housing support
310,2023-12-01,2,India,Female,35-44,Lower secondary,Employed,Employment support
325,2023-12-01,3,Bangladesh,Female,35-44,Master,Employed,Employment support
337,2023-12-01,4,Morocco,Male,25-34,Lower secondary,Employed,Language training
417,2023-12-01,5,Colombia,Male,25-34,Lower secondary,Unemployed,Asylum application
481,2023-12-01,6,Afghanistan,Female,45-54,Upper secondary,Inactive,Language training
514,2023-12-01,1,China,Male,45-54,Upper secondary,Unemployed,Language training
559,2023-12-01,5,China,Female,45-54,Bachelor,Employed,Employment support
582,2023-12-01,7,Portugal,Male,35-44,Bachelor,Employed,Housing support
589,2023-12-01,8,Turkey,Female,45-54,Upper secondary,Employed,Employment support
680,2023-12-01,4,Morocco,Female,25-34,Upper secondary,Unemployed,Language training
753,2023-12-01,8,India,Male,45-54,Upper secondary,Unemployed,Housing support
894,2023-12-01,1,India,Female,25-34,Lower secondary,Employed,Integration program
915,2023-12-01,1,Turkey,Male,45-54,Doctorate,Employed,Language training
932,2023-12-01,4,India,Female,45-54,Upper secondary,Unemployed,Housing support
939,2023-12-01,1,Brazil,Male,18-24,Master,Unemployed,Integration program
967,2023-12-01,5,Italy,Female,35-44,Doctorate,Employed,Integration program
1023,2023-12-01,9,Senegal,Male,25-34,Doctorate,Employed,Asylum application
1140,2023-12-01,2,Turkey,Male,25-34,Bachelor,Unemployed,Employment support
1189,2023-12-01,1,Italy,Male,25-34,Lower secondary,Employed,Integration program
1210,2023-12-01,7,Nigeria,Female,35-44,Upper secondary,Unemployed,Employment support
1275,2023-12-01,1,Syria,Female,35-44,Lower secondary,Unemployed,Integration program
1390,2023-12-01,7,Guinea,Male,25-34,Lower secondary,Unemployed,Asylum application
1422,2023-12-01,3,Other,Male,25-34,Bachelor,Inactive,Employment support
1423,2023-12-01,1,Colombia,Male,25-34,Bachelor,Unemployed,Housing support
1458,2023-12-01,1,Georgia,Male,45-54,Upper secondary,Unemployed,Integration program
1514,2023-12-01,7,Spain,Female,35-44,Master,Employed,Housing support
1517,2023-12-01,5,Colombia,Female,45-54,Lower secondary,Employed,Asylum application
1582,2023-12-01,8,Other,Female,45-54,Upper secondary,Employed,Employment support
1693,2023-12-01,5,Colombia,Male,25-34,Upper secondary,Employed,Integration program
1712,2023-12-01,10,India,Male,45-54,Upper secondary,Unemployed,Language training
1758,2023-12-01,8,Portugal,Female,18-24,Doctorate,Employed,Integration program
1760,2023-12-01,3,Spain,Male,35-44,Master,Employed,Employment support
1919,2023-12-01,1,India,Female,55+,Bachelor,Employed,Employment support
1930,2023-12-01,4,Tunisia,Male,35-44,Upper secondary,Inactive,Housing support
2025,2023-12-01,3,Italy,Female,25-34,Bachelor,Employed,Asylum application
2032,2023-12-01,7,Georgia,Male,25-34,Bachelor,Unemployed,Integration program
2109,2023-12-01,1,Spain,Male,35-44,Upper secondary,Employed,Language training
2142,2023-12-01,5,Other,Male,25-34,Upper secondary,Employed,Language training
2175,2023-12-01,5,Morocco,Female,18-24,Upper secondary,Employed,Language training
2187,2023-12-01,1,India,Male,25-34,Master,Employed,Language training
2192,2023-12-01,2,China,Male,45-54,Bachelor,Unemployed,Asylum application
2196,2023-12-01,1,Italy,Female,35-44,Master,Unemployed,Employment support
2205,2023-12-01,7,Côte d'Ivoire,Male,25-34,Upper secondary,Unemployed,Asylum application
2228,2023-12-01,2,Bangladesh,Male,25-34,Lower secondary,Employed,Asylum application
2229,2023-12-01,9,Turkey,Female,55+,Lower secondary,Inactive,Language training
2273,2023-12-01,7,Spain,Male,55+,Master,Unemployed,Asylum application
2320,2023-12-01,2,Afghanistan,Female,25-34,Master,Employed,Asylum application
2332,2023-12-01,9,Tunisia,Male,35-44,Upper secondary,Unemployed,Employment support
2336,2023-12-01,2,Portugal,Male,35-44,Bachelor,Employed,Integration program
2368,2023-12-01,3,Other,Female,45-54,Upper secondary,Inactive,Employment support
2428,2023-12-01,1,Italy,Female,25-34,Bachelor,Employed,Housing support
2451,2023-12-01,6,Ukraine,Female,55+,Bachelor,Unemployed,Housing support
2645,2023-12-01,4,Nigeria,Female,25-34,Upper secondary,Employed,Language training
2743,2023-12-01,3,Nigeria,Female,25-34,Upper secondary,Inactive,Language training
2752,2023-12-01,1,Italy,Male,25-34,Bachelor,Employed,Housing support
2850,2023-12-01,2,China,Male,55+,Upper secondary,Employed,Housing support
2889,2023-12-01,6,Algeria,Female,45-54,Lower secondary,Unemployed,Housing support
2935,2023-12-01,3,China,Male,45-54,Bachelor,Unemployed,Language training
2992,2023-12-01,5,Italy,Female,25-34,Master,Employed,Asylum application
3048,2023-12-01,1,China,Male,25-34,Bachelor,Employed,Housing support
3169,2023-12-01,1,Spain,Male,25-34,Lower secondary,Employed,Integration program
3200,2023-12-01,1,Portugal,Female,35-44,Doctorate,Employed,Language training
3215,2023-12-01,4,Tunisia,Male,18-24,Lower secondary,Employed,Integration program
3223,2023-12-01,7,Turkey,Female,25-34,Master,Employed,Housing support
3226,2023-12-01,4,Spain,Female,45-54,Master,Employed,Language training
3249,2023-12-01,4,China,Female,35-44,Master,Employed,Housing support
3259,2023-12-01,1,Spain,Female,25-34,Bachelor,Employed,Language training
3326,2023-12-01,6,Guinea,Female,35-44,Master,Employed,Integration program
3333,2023-12-01,8,Côte d'Ivoire,Male,25-34,Lower secondary,Employed,Employment support
3361,2023-12-01,5,Other,Female,25-34,Upper secondary,Unemployed,Language training
3393,2023-12-01,1,Côte d'Ivoire,Female,35-44,Doctorate,Unemployed,Housing support
3447,2023-12-01,7,Other,Male,35-44,Bachelor,Employed,Language training
3495,2023-12-01,6,Turkey,Female,18-24,Lower secondary,Unemployed,Employment support
3620,2023-12-01,2,Turkey,Female,45-54,Doctorate,Employed,Employment support
3732,2023-12-01,7,Guinea,Male,25-34,Master,Employed,Integration program
3768,2023-12-01,10,Georgia,Male,35-44,Upper secondary,Unemployed,Employment support
3813,2023-12-01,9,Morocco,Male,35-44,Bachelor,Employed,Integration program
3847,2023-12-01,7,Brazil,Female,45-54,Master,Employed,Language training
3906,2023-12-01,7,China,Male,35-44,Bachelor,Employed,Asylum application
3949,2023-12-01,9,Senegal,Female,35-44,Master,Employed,Employment support
3991,2023-12-01,10,Portugal,Male,25-34,Doctorate,Employed,Employment support
4013,2023-12-01,8,Georgia,Male,18-24,Master,Inactive,Language training
4134,2023-12-01,4,Ukraine,Male,45-54,Bachelor,Employed,Asylum application
4183,2023-12-01,1,Ukraine,Male,25-34,Bachelor,Employed,Integration program
4186,2023-12-01,7,Afghanistan,Male,18-24,Master,Employed,Employment support
4243,2023-12-01,1,Brazil,Female,25-34,Bachelor,Unemployed,Language training
4280,2023-12-01,6,China,Male,55+,Bachelor,Employed,Integration program
4296,2023-12-01,4,Algeria,Female,35-44,Upper secondary,Employed,Asylum application
4335,2023-12-01,8,Brazil,Female,25-34,Master,Employed,Employment support
4380,2023-12-01,1,Côte d'Ivoire,Female,18-24,Lower secondary,Unemployed,Employment support
4389,2023-12-01,6,Afghanistan,Male,25-34,Bachelor,Employed,Language training
4401,2023-12-01,3,Spain,Female,55+,Master,Unemployed,Language training
4455,2023-12-01,1,Colombia,Female,25-34,Bachelor,Employed,Language training
4502,2023-12-01,7,Spain,Male,18-24,Bachelor,Employed,Employment support
4606,2023-12-01,3,Guinea,Female,18-24,Upper secondary,Employed,Housing support
4626,2023-12-01,1,Spain,Female,35-44,Bachelor,Unemployed,Employment support
4704,2023-12-01,1,Afghanistan,Female,35-44,Upper secondary,Unemployed,Employment support
4770,2023-12-01,2,Portugal,Male,45-54,Bachelor,Employed,Employment support
4891,2023-12-01,9,Colombia,Female,25-34,Upper secondary,Employed,Asylum application
4958,2023-12-01,6,Ukraine,Female,35-44,Upper secondary,Employed,Employment support
5016,2023-12-01,5,Italy,Male,35-44,Upper secondary,Employed,Integration program
5092,2023-12-01,8,Senegal,Male,25-34,Master,Unemployed,Language training
5096,2023-12-01,5,Guinea,Female,45-54,Bachelor,Unemployed,Employment support
5142,2023-12-01,1,China,Male,25-34,Bachelor,Employed,Language training
5146,2023-12-01,3,Afghanistan,Male,35-44,Master,Unemployed,Housing support
5151,2023-12-01,1,Georgia,Female,25-34,Bachelor,Inactive,Language training
5193,2023-12-01,4,Italy,Female,35-44,Lower secondary,Employed,Housing support
5196,2023-12-01,2,Colombia,Male,35-44,Doctorate,Unemployed,Asylum application
5210,2023-12-01,7,Spain,Female,18-24,Lower secondary,Unemployed,Language training
5234,2023-12-01,10,Afghanistan,Female,45-54,Upper secondary,Unemployed,Integration program
5240,2023-12-01,5,Turkey,Male,25-34,Bachelor,Employed,Integration program
5297,2023-12-01,9,Bangladesh,Male,45-54,Doctorate,Employed,Employment support
5312,2023-12-01,1,Senegal,Male,35-44,Upper secondary,Employed,Employment support
5482,2023-12-01,4,Côte d'Ivoire,Male,35-44,Lower secondary,Employed,Housing support
5575,2023-12-01,2,Bangladesh,Male,45-54,Upper secondary,Unemployed,Employment support
5633,2023-12-01,8,Ukraine,Female,25-34,Upper secondary,Employed,Asylum application
5637,2023-12-01,7,Other,Female,45-54,Upper secondary,Employed,Employment support
5649,2023-12-01,5,China,Male,25-34,Upper secondary,Employed,Housing support
5650,2023-12-01,1,Côte d'Ivoire,Male,45-54,Upper secondary,Unemployed,Employment support
5663,2023-12-01,2,Ukraine,Male,25-34,Bachelor,Employed,Asylum application
5668,2023-12-01,7,Italy,Male,45-54,Master,Employed,Employment support
5677,2023-12-01,1,Morocco,Male,25-34,Upper secondary,Inactive,Language training
5705,2023-12-01,6,Afghanistan,Male,18-24,Bachelor,Unemployed,Language training
5729,2023-12-01,10,Spain,Male,35-44,Master,Inactive,Housing support
5746,2023-12-01,1,India,Female,55+,Lower secondary,Unemployed,Language training
5774,2023-12-01,2,Morocco,Male,35-44,Bachelor,Employed,Asylum application
5790,2023-12-01,3,Portugal,Female,25-34,Bachelor,Employed,Integration program
5794,2023-12-01,2,China,Female,25-34,Lower secondary,Employed,Housing support
5946,2023-12-01,7,Afghanistan,Female,35-44,Upper secondary,Unemployed,Employment support
5958,2023-12-01,5,Morocco,Male,18-24,Lower secondary,Unemployed,Language training
5959,2023-12-01,8,Other,Female,45-54,Bachelor,Inactive,Integration program
1,2024-01-01,2,Bangladesh,Female,25-34,Master,Employed,Asylum application
13,2024-01-01,8,Nigeria,Male,18-24,Bachelor,Unemployed,Asylum application
100,2024-01-01,5,Italy,Male,25-34,Doctorate,Employed,Employment support
136,2024-01-01,4,Georgia,Female,25-34,Lower secondary,Unemployed,Asylum application
191,2024-01-01,9,Algeria,Male,45-54,Doctorate,Employed,Housing support
246,2024-01-01,6,Nigeria,Female,18-24,Master,Employed,Housing support
250,2024-01-01,7,Turkey,Male,25-34,Upper secondary,Employed,Integration program
252,2024-01-01,4,China,Female,25-34,Master,Employed,Language training
366,2024-01-01,8,Senegal,Female,25-34,Upper secondary,Unemployed,Employment support
373,2024-01-01,7,Algeria,Female,55+,Upper secondary,Employed,Asylum application
385,2024-01-01,2,Syria,Male,25-34,Upper secondary,Inactive,Asylum application
439,2024-01-01,1,Tunisia,Male,45-54,Master,Employed,Asylum application
608,2024-01-01,9,China,Male,25-34,Lower secondary,Unemployed,Language training
771,2024-01-01,10,Brazil,Female,25-34,Upper secondary,Unemployed,Employment support
777,2024-01-01,1,Turkey,Female,25-34,Bachelor,Employed,Asylum application
832,2024-01-01,9,Brazil,Female,35-44,Bachelor,Employed,Employment support
858,2024-01-01,1,Syria,Male,25-34,Master,Employed,Integration program
860,2024-01-01,9,Senegal,Male,18-24,Bachelor,Unemployed,Employment support
920,2024-01-01,10,Bangladesh,Male,35-44,Bachelor,Employed,Language training
948,2024-01-01,4,Afghanistan,Female,35-44,Master,Employed,Language training
961,2024-01-01,1,Nigeria,Female,25-34,Bachelor,Employed,Employment support
1024,2024-01-01,9,Côte d'Ivoire,Male,35-44,Bachelor,Employed,Employment support
1037,2024-01-01,5,Algeria,Female,18-24,Upper secondary,Unemployed,Employment support
1105,2024-01-01,1,Nigeria,Male,25-34,Lower secondary,Employed,Employment support
1152,2024-01-01,7,Georgia,Female,45-54,Master,Unemployed,Language training
1211,2024-01-01,1,Guinea,Male,35-44,Master,Employed,Integration program
1225,2024-01-01,2,Algeria,Female,35-44,Upper secondary,Inactive,Language training
1332,2024-01-01,2,Other,Male,45-54,Bachelor,Employed,Employment support
1368,2024-01-01,1,China,Female,45-54,Lower secondary,Employed,Language training
1378,2024-01-01,7,Brazil,Male,55+,Master,Unemployed,Employment support
1389,2024-01-01,1,Brazil,Female,18-24,Master,Employed,Language training
1434,2024-01-01,6,Colombia,Female,25-34,Upper secondary,Unemployed,Language training
1676,2024-01-01,2,Senegal,Male,35-44,Doctorate,Unemployed,Employment support
1707,2024-01-01,4,India,Male,25-34,Lower secondary,Employed,Employment support
1773,2024-01-01,1,Nigeria,Male,18-24,Bachelor,Unemployed,Housing support
1921,2024-01-01,9,Bangladesh,Male,35-44,Bachelor,Unemployed,Integration program
1978,2024-01-01,3,Georgia,Male,55+,Doctorate,Unemployed,Employment support
2048,2024-01-01,2,Afghanistan,Female,55+,Bachelor,Unemployed,Language training
2049,2024-01-01,7,Algeria,Female,35-44,Lower secondary,Unemployed,Language training
2052,2024-01-01,10,Côte d'Ivoire,Female,45-54,Lower secondary,Unemployed,Housing support
2140,2024-01-01,1,Other,Female,25-34,Master,Unemployed,Language training
2283,2024-01-01,5,Syria,Female,25-34,Upper secondary,Unemployed,Asylum application
2340,2024-01-01,7,Morocco,Female,45-54,Lower secondary,Unemployed,Employment support
2389,2024-01-01,3,India,Female,25-34,Master,Employed,Asylum application
2419,2024-01-01,1,Colombia,Male,25-34,Lower secondary,Unemployed,Employment support
2513,2024-01-01,3,Bangladesh,Female,35-44,Lower secondary,Unemployed,Integration program
2516,2024-01-01,1,Afghanistan,Female,35-44,Master,Employed,Employment support
2522,2024-01-01,4,Afghanistan,Male,25-34,Bachelor,Employed,Housing support
2549,2024-01-01,5,Colombia,Male,45-54,Upper secondary,Employed,Asylum application
2589,2024-01-01,1,India,Female,35-44,Bachelor,Employed,Integration program
2601,2024-01-01,9,Other,Male,35-44,Upper secondary,Unemployed,Integration program
2627,2024-01-01,1,Senegal,Male,25-34,Bachelor,Unemployed,Asylum application
2634,2024-01-01,1,Bangladesh,Male,35-44,Bachelor,Unemployed,Employment support
2697,2024-01-01,4,Bangladesh,Male,25-34,Master,Employed,Language training
2707,2024-01-01,1,Tunisia,Female,18-24,Master,Employed,Employment support
2828,2024-01-01,3,Bangladesh,Male,55+,Upper secondary,Employed,Housing support
2956,2024-01-01,2,Tunisia,Female,25-34,Upper secondary,Employed,Integration program
3096,2024-01-01,9,Bangladesh,Female,35-44,Lower secondary,Unemployed,Integration program
3227,2024-01-01,2,Italy,Male,55+,Bachelor,Employed,Employment support
3263,2024-01-01,5,Italy,Female,35-44,Lower secondary,Inactive,Housing support
3310,2024-01-01,4,Syria,Male,35-44,Lower secondary,Employed,Language training
3388,2024-01-01,5,Tunisia,Male,45-54,Doctorate,Employed,Integration program
3546,2024-01-01,6,Brazil,Male,25-34,Bachelor,Employed,Language training
3571,2024-01-01,5,Guinea,Male,18-24,Master,Employed,Asylum application
3643,2024-01-01,1,Ukraine,Male,45-54,Master,Employed,Housing support
3678,2024-01-01,6,Afghanistan,Female,35-44,Bachelor,Employed,Integration program
3707,2024-01-01,2,Algeria,Female,45-54,Upper secondary,Unemployed,Integration program
3724,2024-01-01,3,Bangladesh,Female,25-34,Upper secondary,Unemployed,Housing support
3864,2024-01-01,6,Brazil,Male,55+,Upper secondary,Unemployed,Employment support
3887,2024-01-01,6,Bangladesh,Male,45-54,Doctorate,Unemployed,Housing support
3931,2024-01-01,10,Bangladesh,Male,18-24,Bachelor,Unemployed,Asylum application
3964,2024-01-01,4,Syria,Male,55+,Upper secondary,Unemployed,Language training
3967,2024-01-01,1,Ukraine,Female,25-34,Bachelor,Employed,Integration program
3968,2024-01-01,8,India,Female,35-44,Upper secondary,Employed,Integration program
4011,2024-01-01,1,Afghanistan,Female,45-54,Upper secondary,Employed,Language training
4023,2024-01-01,7,Spain,Male,25-34,Upper secondary,Unemployed,Asylum application
4028,2024-01-01,7,Georgia,Female,25-34,Bachelor,Unemployed,Language training
4064,2024-01-01,1,Portugal,Female,18-24,Bachelor,Employed,Housing support
4135,2024-01-01,8,Portugal,Male,35-44,Bachelor,Employed,Language training
4330,2024-01-01,6,Morocco,Male,45-54,Master,Employed,Employment support
4443,2024-01-01,4,Italy,Female,55+,Master,Employed,Employment support
4585,2024-01-01,4,Côte d'Ivoire,Female,25-34,Bachelor,Unemployed,Language training
4603,2024-01-01,7,Portugal,Female,45-54,Doctorate,Employed,Language training
4674,2024-01-01,10,Tunisia,Male,45-54,Upper secondary,Employed,Asylum application
4844,2024-01-01,2,Portugal,Female,45-54,Upper secondary,Unemployed,Asylum application
4859,2024-01-01,2,Colombia,Female,35-44,Lower secondary,Employed,Asylum application
4872,2024-01-01,1,Other,Male,25-34,Upper secondary,Inactive,Housing support
4947,2024-01-01,2,Georgia,Male,55+,Bachelor,Unemployed,Employment support
4969,2024-01-01,1,Afghanistan,Female,35-44,Lower secondary,Employed,Housing support
5057,2024-01-01,7,Georgia,Male,25-34,Bachelor,Inactive,Housing support
5074,2024-01-01,4,Senegal,Female,25-34,Bachelor,Employed,Language training
5078,2024-01-01,2,Ukraine,Female,35-44,Lower secondary,Unemployed,Employment support
5099,2024-01-01,5,China,Female,25-34,Master,Unemployed,Language training
5104,2024-01-01,3,Algeria,Male,35-44,Bachelor,Unemployed,Employment support
5106,2024-01-01,8,Tunisia,Female,25-34,Bachelor,Employed,Housing support
5295,2024-01-01,8,China,Male,35-44,Master,Employed,Asylum application
5310,2024-01-01,6,Colombia,Male,25-34,Upper secondary,Unemployed,Asylum application
5341,2024-01-01,7,Italy,Male,35-44,Upper secondary,Unemployed,Language training
5366,2024-01-01,2,India,Female,55+,Doctorate,Employed,Asylum application
5380,2024-01-01,10,Syria,Female,25-34,Master,Employed,Integration program
5423,2024-01-01,4,Bangladesh,Female,35-44,Master,Employed,Language training
5475,2024-01-01,4,China,Female,18-24,Bachelor,Employed,Integration program
5505,2024-01-01,5,Algeria,Female,45-54,Master,Employed,Integration program
5533,2024-01-01,2,Guinea,Male,18-24,Bachelor,Employed,Housing support
5569,2024-01-01,2,Italy,Male,25-34,Upper secondary,Employed,Employment support
5572,2024-01-01,1,Georgia,Male,55+,Lower secondary,Employed,Housing support
5598,2024-01-01,2,Portugal,Male,35-44,Upper secondary,Unemployed,Integration program
5642,2024-01-01,7,Tunisia,Male,18-24,Master,Unemployed,Integration program
5657,2024-01-01,8,Afghanistan,Female,25-34,Master,Employed,Asylum application
5712,2024-01-01,7,Georgia,Female,18-24,Bachelor,Employed,Language training
5803,2024-01-01,1,Afghanistan,Male,35-44,Master,Employed,Language training
5804,2024-01-01,6,Nigeria,Female,45-54,Bachelor,Unemployed,Integration program
5847,2024-01-01,1,Ukraine,Female,45-54,Doctorate,Unemployed,Housing support
5894,2024-01-01,6,Georgia,Female,45-54,Master,Employed,Integration program
5922,2024-01-01,4,Turkey,Female,35-44,Lower secondary,Unemployed,Integration program
5968,2024-01-01,1,Côte d'Ivoire,Female,25-34,Upper secondary,Unemployed,Housing support
5978,2024-01-01,5,Other,Female,25-34,Upper secondary,Inactive,Employment support
80,2024-02-01,4,Côte d'Ivoire,Female,45-54,Master,Employed,Language training
96,2024-02-01,1,Senegal,Male,25-34,Bachelor,Employed,Language training
99,2024-02-01,8,Senegal,Female,35-44,Lower secondary,Unemployed,Employment support
109,2024-02-01,3,Colombia,Male,25-34,Lower secondary,Employed,Integration program
196,2024-02-01,3,Guinea,Male,25-34,Upper secondary,Employed,Language training
205,2024-02-01,9,Morocco,Female,25-34,Lower secondary,Inactive,Housing support
221,2024-02-01,1,Morocco,Male,25-34,Upper secondary,Unemployed,Employment support
260,2024-02-01,2,Turkey,Male,25-34,Bachelor,Unemployed,Employment support
378,2024-02-01,1,Turkey,Male,45-54,Upper secondary,Inactive,Employment support
516,2024-02-01,4,Spain,Male,25-34,Upper secondary,Unemployed,Integration program
567,2024-02-01,5,Brazil,Male,35-44,Master,Employed,Integration program
729,2024-02-01,6,Tunisia,Female,45-54,Bachelor,Employed,Housing support
736,2024-02-01,5,Brazil,Male,55+,Bachelor,Unemployed,Integration program
752,2024-02-01,4,Tunisia,Male,25-34,Upper secondary,Employed,Employment support
779,2024-02-01,6,Spain,Male,25-34,Master,Employed,Asylum application
811,2024-02-01,7,Afghanistan,Male,25-34,Lower secondary,Unemployed,Housing support
889,2024-02-01,3,Portugal,Male,35-44,Upper secondary,Unemployed,Housing support
903,2024-02-01,6,Côte d'Ivoire,Male,35-44,Lower secondary,Inactive,Asylum application
965,2024-02-01,4,Georgia,Male,18-24,Doctorate,Employed,Employment support
983,2024-02-01,10,Portugal,Male,25-34,Master,Employed,Housing support
1027,2024-02-01,2,Morocco,Male,35-44,Doctorate,Employed,Employment support
1088,2024-02-01,1,Guinea,Male,25-34,Master,Employed,Integration program
1121,2024-02-01,4,Colombia,Female,25-34,Bachelor,Employed,Integration program
1215,2024-02-01,1,Nigeria,Male,45-54,Upper secondary,Unemployed,Asylum application
1238,2024-02-01,1,Algeria,Female,35-44,Upper secondary,Unemployed,Integration program
1243,2024-02-01,1,China,Female,35-44,Upper secondary,Unemployed,Integration program
1320,2024-02-01,5,Côte d'Ivoire,Female,25-34,Master,Employed,Housing support
1326,2024-02-01,10,Other,Male,25-34,Master,Employed,Language training
1357,2024-02-01,5,Morocco,Male,35-44,Bachelor,Employed,Language training
1428,2024-02-01,8,Brazil,Female,25-34,Lower secondary,Inactive,Employment support
1429,2024-02-01,5,Afghanistan,Male,35-44,Master,Employed,Integration program
1435,2024-02-01,3,Syria,Female,18-24,Upper secondary,Unemployed,Employment support
1522,2024-02-01,10,Tunisia,Female,25-34,Bachelor,Unemployed,Housing support
1532,2024-02-01,6,Guinea,Female,18-24,Lower secondary,Employed,Language training
1579,2024-02-01,1,Brazil,Male,18-24,Doctorate,Unemployed,Integration program
1603,2024-02-01,3,Syria,Male,35-44,Bachelor,Employed,Asylum application
1648,2024-02-01,1,Other,Male,25-34,Master,Inactive,Asylum application
1668,2024-02-01,7,Nigeria,Male,25-34,Upper secondary,Unemployed,Language training
1680,2024-02-01,6,Tunisia,Female,55+,Bachelor,Employed,Employment support
1719,2024-02-01,1,Brazil,Male,45-54,Bachelor,Employed,Housing support
1748,2024-02-01,4,India,Male,35-44,Bachelor,Employed,Housing support
1781,2024-02-01,1,Spain,Male,45-54,Upper secondary,Employed,Integration program
1820,2024-02-01,4,Italy,Female,25-34,Bachelor,Unemployed,Employment support
1898,2024-02-01,1,Bangladesh,Female,18-24,Upper secondary,Employed,Asylum application
1938,2024-02-01,1,Spain,Male,25-34,Bachelor,Employed,Language training
1984,2024-02-01,5,Syria,Male,55+,Upper secondary,Unemployed,Employment support
2013,2024-02-01,7,Italy,Female,35-44,Lower secondary,Unemployed,Housing support
2112,2024-02-01,2,Tunisia,Male,25-34,Bachelor,Employed,Language training
2193,2024-02-01,2,Spain,Male,18-24,Bachelor,Unemployed,Asylum application
2216,2024-02-01,7,Italy,Female,18-24,Lower secondary,Unemployed,Asylum application
2268,2024-02-01,4,Spain,Female,25-34,Bachelor,Unemployed,Integration program
2322,2024-02-01,1,Morocco,Female,35-44,Lower secondary,Unemployed,Language training
2384,2024-02-01,1,Guinea,Female,25-34,Lower secondary,Employed,Integration program
2404,2024-02-01,9,Tunisia,Female,45-54,Master,Employed,Asylum application
2430,2024-02-01,1,Côte d'Ivoire,Male,35-44,Master,Employed,Language training
2496,2024-02-01,1,Afghanistan,Male,35-44,Bachelor,Employed,Asylum application
2521,2024-02-01,5,Tunisia,Male,35-44,Upper secondary,Employed,Employment support
2684,2024-02-01,2,Nigeria,Male,45-54,Bachelor,Unemployed,Asylum application
2808,2024-02-01,2,Portugal,Male,45-54,Master,Employed,Language training
2865,2024-02-01,10,Other,Male,18-24,Upper secondary,Employed,Housing support
2888,2024-02-01,2,Colombia,Female,35-44,Doctorate,Unemployed,Employment support
2915,2024-02-01,1,Bangladesh,Male,25-34,Bachelor,Employed,Housing support
3012,2024-02-01,2,Bangladesh,Female,35-44,Master,Employed,Housing support
3119,2024-02-01,2,China,Female,35-44,Upper secondary,Employed,Employment support
3187,2024-02-01,9,Brazil,Female,45-54,Bachelor,Employed,Integration program
3419,2024-02-01,5,Côte d'Ivoire,Female,35-44,Lower secondary,Employed,Asylum application
3688,2024-02-01,1,Ukraine,Male,45-54,Doctorate,Employed,Housing support
3771,2024-02-01,9,China,Male,25-34,Doctorate,Unemployed,Language training
3796,2024-02-01,5,Algeria,Male,35-44,Bachelor,Inactive,Asylum application
3810,2024-02-01,1,Senegal,Female,45-54,Master,Employed,Asylum application
3913,2024-02-01,3,Portugal,Male,45-54,Master,Employed,Employment support
3982,2024-02-01,4,India,Female,18-24,Upper secondary,Employed,Language training
3994,2024-02-01,1,Tunisia,Male,25-34,Upper secondary,Inactive,Asylum application
4121,2024-02-01,1,Nigeria,Male,18-24,Doctorate,Employed,Housing support
4155,2024-02-01,6,Brazil,Male,25-34,Bachelor,Employed,Integration program
4390,2024-02-01,8,Brazil,Male,25-34,Bachelor,Employed,Language training
4398,2024-02-01,5,Guinea,Female,25-34,Master,Employed,Housing support
4480,2024-02-01,4,India,Female,45-54,Doctorate,Employed,Housing support
4496,2024-02-01,1,Spain,Male,45-54,Upper secondary,Employed,Integration program
4564,2024-02-01,2,Spain,Female,25-34,Master,Employed,Language training
4593,2024-02-01,3,Turkey,Male,35-44,Bachelor,Employed,Language training
4629,2024-02-01,1,Algeria,Female,45-54,Upper secondary,Employed,Integration program
4638,2024-02-01,3,Georgia,Female,45-54,Bachelor,Unemployed,Language training
4655,2024-02-01,5,Portugal,Male,25-34,Upper secondary,Employed,Employment support
4780,2024-02-01,9,Afghanistan,Female,35-44,Bachelor,Employed,Asylum application
4782,2024-02-01,1,Guinea,Male,35-44,Doctorate,Unemployed,Asylum application
4800,2024-02-01,2,Ukraine,Male,45-54,Master,Employed,Asylum application
4847,2024-02-01,2,Brazil,Male,35-44,Lower secondary,Employed,Asylum application
4925,2024-02-01,3,China,Male,25-34,Bachelor,Unemployed,Housing support
4999,2024-02-01,3,Morocco,Female,35-44,Upper secondary,Employed,Asylum application
5021,2024-02-01,6,Turkey,Male,25-34,Master,Employed,Housing support
5125,2024-02-01,6,Syria,Female,55+,Bachelor,Employed,Integration program
5126,2024-02-01,1,Colombia,Male,25-34,Lower secondary,Unemployed,Employment support
5129,2024-02-01,1,Other,Female,18-24,Master,Employed,Asylum application
5169,2024-02-01,8,Algeria,Female,45-54,Lower secondary,Unemployed,Integration program
5229,2024-02-01,1,China,Male,35-44,Upper secondary,Inactive,Asylum application
5250,2024-02-01,1,Spain,Male,35-44,Master,Unemployed,Language training
5261,2024-02-01,3,Morocco,Female,35-44,Bachelor,Employed,Housing support
5264,2024-02-01,3,Spain,Female,25-34,Master,Employed,Housing support
5280,2024-02-01,1,Turkey,Male,25-34,Master,Employed,Employment support
5288,2024-02-01,2,Guinea,Male,55+,Bachelor,Unemployed,Employment support
5298,2024-02-01,3,Tunisia,Female,45-54,Upper secondary,Employed,Employment support
5350,2024-02-01,1,Syria,Female,55+,Upper secondary,Employed,Housing support
5450,2024-02-01,8,Portugal,Male,35-44,Upper secondary,Employed,Asylum application
5502,2024-02-01,4,Other,Male,35-44,Bachelor,Unemployed,Language training
5521,2024-02-01,6,Colombia,Female,25-34,Upper secondary,Employed,Housing support
5547,2024-02-01,2,Other,Male,35-44,Doctorate,Employed,Asylum application
5635,2024-02-01,1,Syria,Male,35-44,Lower secondary,Unemployed,Integration program
5755,2024-02-01,1,Spain,Male,35-44,Lower secondary,Unemployed,Language training
5802,2024-02-01,2,Côte d'Ivoire,Male,25-34,Bachelor,Inactive,Integration program
5841,2024-02-01,1,Turkey,Male,55+,Upper secondary,Employed,Integration program
5869,2024-02-01,3,Turkey,Female,25-34,Lower secondary,Unemployed,Employment support
5919,2024-02-01,6,Italy,Female,55+,Master,Employed,Housing support
5926,2024-02-01,4,Italy,Female,25-34,Upper secondary,Employed,Asylum application
40,2024-03-01,3,Côte d'Ivoire,Male,25-34,Bachelor,Employed,Employment support
58,2024-03-01,2,Bangladesh,Male,35-44,Bachelor,Unemployed,Integration program
74,2024-03-01,7,Senegal,Female,25-34,Upper secondary,Employed,Housing support
89,2024-03-01,10,Algeria,Female,25-34,Upper secondary,Employed,Employment support
117,2024-03-01,3,Portugal,Female,25-34,Master,Employed,Integration program
233,2024-03-01,2,Afghanistan,Female,45-54,Doctorate,Employed,Housing support
253,2024-03-01,7,Ukraine,Female,25-34,Bachelor,Unemployed,Integration program
262,2024-03-01,2,Georgia,Female,25-34,Master,Employed,Asylum application
289,2024-03-01,1,Morocco,Female,25-34,Bachelor,Unemployed,Asylum application
376,2024-03-01,5,Bangladesh,Female,25-34,Lower secondary,Employed,Language training
496,2024-03-01,1,Portugal,Female,18-24,Bachelor,Unemployed,Asylum application
506,2024-03-01,1,Bangladesh,Female,18-24,Master,Employed,Housing support
513,2024-03-01,8,India,Male,25-34,Lower secondary,Employed,Housing support
656,2024-03-01,2,Côte d'Ivoire,Male,25-34,Upper secondary,Employed,Asylum application
866,2024-03-01,1,China,Female,25-34,Master,Unemployed,Housing support
867,2024-03-01,7,India,Female,35-44,Master,Employed,Asylum application
888,2024-03-01,5,Other,Female,25-34,Lower secondary,Employed,Housing support
1000,2024-03-01,3,China,Male,45-54,Upper secondary,Unemployed,Asylum application
1050,2024-03-01,9,Other,Male,25-34,Upper secondary,Employed,Language training
1067,2024-03-01,8,Portugal,Male,35-44,Upper secondary,Unemployed,Employment support
1230,2024-03-01,9,Georgia,Male,55+,Lower secondary,Inactive,Asylum application
1340,2024-03-01,3,Turkey,Male,55+,Upper secondary,Employed,Housing support
1402,2024-03-01,4,Brazil,Female,25-34,Lower secondary,Unemployed,Employment support
1414,2024-03-01,8,Nigeria,Female,35-44,Doctorate,Employed,Employment support
1483,2024-03-01,5,Côte d'Ivoire,Male,35-44,Bachelor,Employed,Employment support
1523,2024-03-01,5,Tunisia,Male,25-34,Master,Employed,Housing support
1548,2024-03-01,1,Afghanistan,Female,18-24,Master,Employed,Housing support
1565,2024-03-01,5,Bangladesh,Male,25-34,Master,Employed,Integration program
1612,2024-03-01,1,Bangladesh,Male,45-54,Master,Employed,Employment support
1631,2024-03-01,4,Colombia,Male,35-44,Bachelor,Employed,Language training
1652,2024-03-01,2,Morocco,Male,25-34,Upper secondary,Employed,Asylum application
1714,2024-03-01,2,Bangladesh,Female,25-34,Master,Employed,Asylum application
1752,2024-03-01,6,Côte d'Ivoire,Female,25-34,Upper secondary,Unemployed,Housing support
1879,2024-03-01,10,Spain,Male,55+,Bachelor,Unemployed,Asylum application
1917,2024-03-01,8,Guinea,Female,45-54,Bachelor,Employed,Language training
1936,2024-03-01,2,Tunisia,Male,25-34,Lower secondary,Unemployed,Employment support
1955,2024-03-01,4,Côte d'Ivoire,Male,45-54,Master,Inactive,Language training
1982,2024-03-01,5,India,Male,45-54,Upper secondary,Employed,Asylum application
2010,2024-03-01,9,Other,Male,35-44,Bachelor,Employed,Integration program
2017,2024-03-01,1,Brazil,Female,45-54,Upper secondary,Employed,Housing support
2082,2024-03-01,2,Afghanistan,Male,35-44,Upper secondary,Employed,Employment support
2085,2024-03-01,1,Brazil,Male,18-24,Bachelor,Unemployed,Housing support
2134,2024-03-01,6,Italy,Female,45-54,Master,Employed,Integration program
2176,2024-03-01,9,China,Male,45-54,Bachelor,Employed,Language training
2184,2024-03-01,8,Guinea,Female,18-24,Lower secondary,Unemployed,Housing support
2227,2024-03-01,1,Spain,Male,35-44,Bachelor,Employed,Language training
2315,2024-03-01,8,Italy,Male,25-34,Upper secondary,Unemployed,Language training
2405,2024-03-01,2,Bangladesh,Female,55+,Master,Unemployed,Asylum application
2429,2024-03-01,3,Portugal,Female,55+,Bachelor,Employed,Employment support
2519,2024-03-01,3,Morocco,Male,35-44,Bachelor,Employed,Language training
2531,2024-03-01,6,Afghanistan,Male,35-44,Bachelor,Employed,Housing support
2558,2024-03-01,2,Other,Female,45-54,Upper secondary,Unemployed,Employment support
2596,2024-03-01,1,Guinea,Male,45-54,Master,Employed,Asylum application
2810,2024-03-01,10,Syria,Male,45-54,Upper secondary,Employed,Language training
2847,2024-03-01,2,Turkey,Female,45-54,Upper secondary,Employed,Language training
2892,2024-03-01,1,Nigeria,Male,35-44,Doctorate,Employed,Employment support
2977,2024-03-01,8,Spain,Male,18-24,Bachelor,Employed,Employment support
2999,2024-03-01,2,Algeria,Female,55+,Doctorate,Employed,Employment support
3043,2024-03-01,6,Syria,Female,25-34,Master,Employed,Employment support
3066,2024-03-01,6,Italy,Female,35-44,Upper secondary,Unemployed,Employment support
3095,2024-03-01,2,Italy,Female,25-34,Bachelor,Employed,Housing support
3190,2024-03-01,1,Spain,Female,35-44,Upper secondary,Employed,Integration program
3208,2024-03-01,7,Tunisia,Female,25-34,Lower secondary,Unemployed,Language training
3335,2024-03-01,5,Côte d'Ivoire,Male,35-44,Upper secondary,Employed,Employment support
3407,2024-03-01,2,Portugal,Male,35-44,Bachelor,Employed,Integration program
3461,2024-03-01,5,Senegal,Male,45-54,Bachelor,Unemployed,Housing support
3489,2024-03-01,10,Portugal,Female,55+,Upper secondary,Employed,Language training
3520,2024-03-01,8,Guinea,Male,25-34,Master,Unemployed,Integration program
3521,2024-03-01,1,Tunisia,Female,55+,Bachelor,Employed,Asylum application
3602,2024-03-01,1,Spain,Male,25-34,Lower secondary,Employed,Integration program
3615,2024-03-01,10,Portugal,Male,18-24,Bachelor,Unemployed,Employment support
3729,2024-03-01,5,Côte d'Ivoire,Male,35-44,Bachelor,Inactive,Integration program
3759,2024-03-01,2,Tunisia,Female,18-24,Master,Unemployed,Asylum application
3782,2024-03-01,1,Côte d'Ivoire,Female,35-44,Master,Employed,Employment support
3856,2024-03-01,7,Senegal,Female,18-24,Upper secondary,Unemployed,Integration program
3893,2024-03-01,6,Côte d'Ivoire,Male,18-24,Bachelor,Employed,Language training
4115,2024-03-01,1,Syria,Male,18-24,Master,Employed,Asylum application
4172,2024-03-01,3,Georgia,Male,25-34,Bachelor,Employed,Housing support
4259,2024-03-01,6,Ukraine,Male,25-34,Doctorate,Unemployed,Asylum application
4283,2024-03-01,1,Syria,Female,25-34,Bachelor,Employed,Language training
4350,2024-03-01,7,Brazil,Female,45-54,Master,Employed,Employment support
4485,2024-03-01,1,Ukraine,Female,25-34,Master,Unemployed,Integration program
4543,2024-03-01,1,Spain,Male,25-34,Doctorate,Employed,Employment support
4715,2024-03-01,5,Nigeria,Female,35-44,Bachelor,Employed,Employment support
4725,2024-03-01,6,India,Male,55+,Lower secondary,Unemployed,Language training
4758,2024-03-01,9,Colombia,Female,35-44,Doctorate,Employed,Housing support
4761,2024-03-01,5,Côte d'Ivoire,Male,25-34,Bachelor,Inactive,Asylum application
4797,2024-03-01,2,Spain,Male,25-34,Upper secondary,Inactive,Language training
4829,2024-03-01,8,Nigeria,Female,35-44,Master,Unemployed,Housing support
4841,2024-03-01,5,Spain,Female,45-54,Master,Employed,Asylum application
4888,2024-03-01,4,Afghanistan,Male,45-54,Bachelor,Unemployed,Employment support
4941,2024-03-01,5,Afghanistan,Male,35-44,Master,Unemployed,Asylum application
4975,2024-03-01,1,Brazil,Male,35-44,Bachelor,Unemployed,Employment support
4995,2024-03-01,4,Tunisia,Male,45-54,Bachelor,Employed,Housing support
5089,2024-03-01,2,Bangladesh,Male,45-54,Doctorate,Employed,Housing support
5108,2024-03-01,1,Guinea,Male,25-34,Upper secondary,Employed,Integration program
5186,2024-03-01,1,Senegal,Male,25-34,Master,Employed,Language training
5200,2024-03-01,4,Senegal,Male,18-24,Bachelor,Unemployed,Asylum application
5392,2024-03-01,7,India,Female,25-34,Upper secondary,Employed,Integration program
5406,2024-03-01,7,Spain,Female,25-34,Bachelor,Employed,Asylum application
5421,2024-03-01,1,Syria,Male,45-54,Upper secondary,Inactive,Integration program
5516,2024-03-01,1,Tunisia,Male,25-34,Doctorate,Employed,Integration program
5554,2024-03-01,3,Georgia,Female,18-24,Upper secondary,Employed,Asylum application
5676,2024-03-01,2,Bangladesh,Female,25-34,Master,Employed,Language training
5707,2024-03-01,3,Brazil,Male,35-44,Master,Employed,Integration program
5750,2024-03-01,1,Colombia,Male,45-54,Doctorate,Employed,Language training
5856,2024-03-01,1,Nigeria,Female,25-34,Master,Employed,Language training
5892,2024-03-01,1,Syria,Male,25-34,Bachelor,Employed,Integration program
53,2024-04-01,7,Portugal,Male,45-54,Master,Employed,Housing support
86,2024-04-01,2,Spain,Female,45-54,Lower secondary,Unemployed,Employment support
209,2024-04-01,6,Côte d'Ivoire,Male,18-24,Lower secondary,Unemployed,Language training
333,2024-04-01,10,Portugal,Female,35-44,Bachelor,Unemployed,Housing support
403,2024-04-01,4,India,Female,18-24,Master,Unemployed,Housing support
423,2024-04-01,1,Senegal,Male,35-44,Lower secondary,Unemployed,Asylum application
471,2024-04-01,2,Tunisia,Female,25-34,Upper secondary,Unemployed,Employment support
521,2024-04-01,8,Senegal,Female,55+,Master,Employed,Integration program
595,2024-04-01,3,Brazil,Male,55+,Lower secondary,Inactive,Language training
651,2024-04-01,7,Syria,Male,35-44,Upper secondary,Employed,Integration program
706,2024-04-01,1,Afghanistan,Male,35-44,Bachelor,Unemployed,Asylum application
829,2024-04-01,6,Syria,Female,35-44,Master,Employed,Asylum application
864,2024-04-01,1,Guinea,Male,25-34,Bachelor,Employed,Employment support
917,2024-04-01,4,Spain,Female,25-34,Lower secondary,Unemployed,Asylum application
923,2024-04-01,7,Guinea,Male,25-34,Bachelor,Employed,Asylum application
937,2024-04-01,1,Syria,Female,55+,Doctorate,Employed,Asylum application
956,2024-04-01,4,China,Female,35-44,Master,Employed,Language training
978,2024-04-01,1,Afghanistan,Female,25-34,Upper secondary,Employed,Employment support
997,2024-04-01,2,Morocco,Female,45-54,Bachelor,Inactive,Employment support
1022,2024-04-01,1,Colombia,Male,55+,Master,Employed,Integration program
1029,2024-04-01,7,Turkey,Female,35-44,Master,Employed,Housing support
1150,2024-04-01,6,Bangladesh,Female,35-44,Master,Employed,Housing support
1259,2024-04-01,1,Côte d'Ivoire,Female,35-44,Bachelor,Employed,Language training
1278,2024-04-01,7,Bangladesh,Male,35-44,Lower secondary,Inactive,Employment support
1322,2024-04-01,2,Georgia,Male,18-24,Bachelor,Employed,Employment support
1495,2024-04-01,10,Guinea,Male,45-54,Upper secondary,Unemployed,Language training
1549,2024-04-01,8,Afghanistan,Female,18-24,Upper secondary,Employed,Housing support
1562,2024-04-01,3,Afghanistan,Male,25-34,Bachelor,Employed,Housing support
1583,2024-04-01,9,Italy,Female,25-34,Upper secondary,Inactive,Employment support
1620,2024-04-01,5,India,Male,45-54,Lower secondary,Unemployed,Housing support
1630,2024-04-01,1,Italy,Male,45-54,Upper secondary,Employed,Language training
1665,2024-04-01,1,Turkey,Female,25-34,Master,Unemployed,Asylum application
1671,2024-04-01,2,China,Male,55+,Upper secondary,Unemployed,Language training
1774,2024-04-01,1,Bangladesh,Male,55+,Master,Employed,Housing support
1864,2024-04-01,1,Afghanistan,Female,35-44,Bachelor,Employed,Integration program
1888,2024-04-01,1,Ukraine,Male,25-34,Upper secondary,Unemployed,Housing support
1895,2024-04-01,3,Afghanistan,Female,25-34,Upper secondary,Employed,Language training
1929,2024-04-01,3,Afghanistan,Female,18-24,Lower secondary,Unemployed,Housing support
1964,2024-04-01,1,China,Male,35-44,Upper secondary,Employed,Housing support
2033,2024-04-01,1,Brazil,Female,35-44,Upper secondary,Employed,Asylum application
2051,2024-04-01,2,Ukraine,Male,25-34,Doctorate,Employed,Integration program
2059,2024-04-01,1,Portugal,Male,35-44,Lower secondary,Employed,Integration program
2094,2024-04-01,3,Brazil,Female,55+,Upper secondary,Unemployed,Employment support
2100,2024-04-01,2,Colombia,Male,55+,Upper secondary,Unemployed,Language training
2114,2024-04-01,2,Ukraine,Female,45-54,Bachelor,Employed,Employment support
2131,2024-04-01,7,Syria,Female,35-44,Upper secondary,Unemployed,Employment support
2162,2024-04-01,2,Ukraine,Female,35-44,Upper secondary,Inactive,Integration program
2259,2024-04-01,8,Côte d'Ivoire,Male,45-54,Lower secondary,Unemployed,Language training
2339,2024-04-01,6,China,Male,25-34,Bachelor,Employed,Asylum application
2364,2024-04-01,9,Afghanistan,Male,25-34,Master,Employed,Asylum application
2380,2024-04-01,6,Syria,Female,25-34,Bachelor,Employed,Language training
2452,2024-04-01,1,China,Male,18-24,Bachelor,Unemployed,Integration program
2457,2024-04-01,3,Georgia,Female,55+,Bachelor,Employed,Integration program
2466,2024-04-01,7,Italy,Male,35-44,Master,Employed,Employment support
2475,2024-04-01,1,Nigeria,Male,25-34,Upper secondary,Employed,Language training
2493,2024-04-01,1,Guinea,Male,25-34,Lower secondary,Inactive,Asylum application
2506,2024-04-01,7,Afghanistan,Male,25-34,Lower secondary,Unemployed,Housing support
2509,2024-04-01,3,Senegal,Female,55+,Bachelor,Unemployed,Housing support
2524,2024-04-01,4,Other,Female,25-34,Bachelor,Unemployed,Language training
2527,2024-04-01,8,Spain,Female,45-54,Master,Unemployed,Integration program
2538,2024-04-01,1,Ukraine,Male,55+,Upper secondary,Inactive,Language training
2560,2024-04-01,2,Other,Male,45-54,Lower secondary,Employed,Housing support
2615,2024-04-01,8,Guinea,Female,18-24,Upper secondary,Inactive,Employment support
2646,2024-04-01,3,Algeria,Male,25-34,Master,Unemployed,Integration program
2671,2024-04-01,1,Brazil,Male,18-24,Bachelor,Employed,Integration program
2679,2024-04-01,1,Other,Female,45-54,Master,Employed,Asylum application
2720,2024-04-01,4,Brazil,Male,18-24,Bachelor,Employed,Integration program
2793,2024-04-01,4,China,Female,25-34,Master,Unemployed,Language training
2873,2024-04-01,10,Bangladesh,Male,18-24,Lower secondary,Unemployed,Housing support
2910,2024-04-01,8,Tunisia,Male,25-34,Bachelor,Employed,Asylum application
2965,2024-04-01,5,Bangladesh,Female,25-34,Upper secondary,Unemployed,Asylum application
2969,2024-04-01,5,Guinea,Female,55+,Bachelor,Unemployed,Housing support
3006,2024-04-01,2,Nigeria,Female,35-44,Master,Employed,Language training
3080,2024-04-01,4,Ukraine,Female,25-34,Upper secondary,Employed,Language training
3087,2024-04-01,2,Morocco,Female,25-34,Upper secondary,Employed,Employment support
3088,2024-04-01,6,Colombia,Male,45-54,Bachelor,Unemployed,Asylum application
3098,2024-04-01,3,Senegal,Male,25-34,Upper secondary,Unemployed,Language training
3106,2024-04-01,4,Nigeria,Male,45-54,Bachelor,Employed,Language training
3179,2024-04-01,10,Brazil,Female,45-54,Lower secondary,Unemployed,Asylum application
3195,2024-04-01,3,Georgia,Male,35-44,Bachelor,Employed,Employment support
3198,2024-04-01,8,China,Male,25-34,Lower secondary,Employed,Asylum application
3212,2024-04-01,8,Guinea,Male,25-34,Bachelor,Employed,Asylum application
3217,2024-04-01,2,Italy,Female,55+,Upper secondary,Employed,Asylum application
3306,2024-04-01,2,Afghanistan,Male,25-34,Lower secondary,Unemployed,Housing support
3366,2024-04-01,1,Morocco,Female,25-34,Upper secondary,Unemployed,Integration program
3397,2024-04-01,1,Bangladesh,Male,35-44,Lower secondary,Unemployed,Integration program
3452,2024-04-01,7,Bangladesh,Female,25-34,Bachelor,Unemployed,Integration program
3524,2024-04-01,9,Guinea,Male,35-44,Upper secondary,Employed,Integration program
3526,2024-04-01,3,Nigeria,Female,35-44,Upper secondary,Unemployed,Housing support
3652,2024-04-01,7,Guinea,Male,45-54,Upper secondary,Unemployed,Integration program
3699,2024-04-01,1,Other,Female,25-34,Lower secondary,Inactive,Language training
3740,2024-04-01,2,Morocco,Female,35-44,Upper secondary,Employed,Housing support
3744,2024-04-01,4,Portugal,Male,35-44,Bachelor,Employed,Employment support
3899,2024-04-01,4,Afghanistan,Female,35-44,Lower secondary,Employed,Employment support
3904,2024-04-01,7,Portugal,Female,35-44,Bachelor,Unemployed,Integration program
3969,2024-04-01,7,Portugal,Male,25-34,Upper secondary,Employed,Language training
3978,2024-04-01,1,Algeria,Male,45-54,Lower secondary,Unemployed,Housing support
3979,2024-04-01,5,Ukraine,Male,18-24,Bachelor,Employed,Language training
3989,2024-04-01,1,Colombia,Female,25-34,Doctorate,Employed,Employment support
4212,2024-04-01,10,Nigeria,Female,25-34,Upper secondary,Employed,Language training
4225,2024-04-01,8,Algeria,Male,45-54,Upper secondary,Employed,Housing support
4256,2024-04-01,1,Brazil,Male,25-34,Lower secondary,Employed,Language training
4286,2024-04-01,4,Senegal,Male,25-34,Upper secondary,Unemployed,Asylum application
4338,2024-04-01,9,Côte d'Ivoire,Female,55+,Lower secondary,Unemployed,Language training
4388,2024-04-01,7,Nigeria,Female,35-44,Upper secondary,Employed,Integration program
4416,2024-04-01,6,Spain,Male,55+,Master,Employed,Asylum application
4557,2024-04-01,6,Côte d'Ivoire,Male,25-34,Master,Employed,Language training
4627,2024-04-01,3,Nigeria,Male,25-34,Master,Employed,Integration program
4763,2024-04-01,3,Nigeria,Female,25-34,Master,Employed,Language training
4781,2024-04-01,7,Algeria,Male,25-34,Upper secondary,Inactive,Housing support
4787,2024-04-01,8,Other,Male,45-54,Upper secondary,Employed,Employment support
4809,2024-04-01,4,Syria,Female,25-34,Upper secondary,Inactive,Employment support
4885,2024-04-01,7,Italy,Male,45-54,Master,Employed,Employment support
4919,2024-04-01,8,Turkey,Male,45-54,Master,Employed,Employment support
4924,2024-04-01,9,Other,Female,25-34,Master,Employed,Housing support
4933,2024-04-01,3,Côte d'Ivoire,Female,45-54,Master,Employed,Housing support
4977,2024-04-01,9,Tunisia,Female,25-34,Bachelor,Employed,Asylum application
4978,2024-04-01,4,Portugal,Female,25-34,Upper secondary,Inactive,Integration program
4980,2024-04-01,8,Tunisia,Male,35-44,Master,Inactive,Language training
4984,2024-04-01,4,Tunisia,Female,25-34,Upper secondary,Employed,Housing support
5009,2024-04-01,4,Côte d'Ivoire,Male,25-34,Bachelor,Employed,Language training
5011,2024-04-01,6,Tunisia,Female,35-44,Upper secondary,Employed,Asylum application
5035,2024-04-01,2,Senegal,Male,45-54,Bachelor,Employed,Housing support
5037,2024-04-01,2,Guinea,Female,35-44,Master,Unemployed,Language training
5136,2024-04-01,1,Other,Female,55+,Bachelor,Inactive,Housing support
5192,2024-04-01,8,Côte d'Ivoire,Male,18-24,Bachelor,Employed,Employment support
5197,2024-04-01,10,Other,Female,18-24,Upper secondary,Unemployed,Integration program
5441,2024-04-01,1,Senegal,Male,25-34,Lower secondary,Employed,Language training
5457,2024-04-01,7,Other,Female,25-34,Upper secondary,Inactive,Asylum application
5564,2024-04-01,2,Spain,Female,25-34,Upper secondary,Unemployed,Language training
5584,2024-04-01,1,Turkey,Male,25-34,Bachelor,Employed,Asylum application
5671,2024-04-01,5,Other,Female,25-34,Bachelor,Employed,Housing support
5783,2024-04-01,3,Other,Male,35-44,Bachelor,Employed,Asylum application
5846,2024-04-01,3,Bangladesh,Male,35-44,Master,Employed,Language training
5878,2024-04-01,2,Brazil,Female,18-24,Upper secondary,Unemployed,Language training
5937,2024-04-01,4,Senegal,Male,45-54,Upper secondary,Employed,Employment support
32,2024-05-01,7,Italy,Male,25-34,Doctorate,Employed,Language training
43,2024-05-01,8,Côte d'Ivoire,Female,45-54,Bachelor,Inactive,Employment support
54,2024-05-01,5,Nigeria,Male,25-34,Bachelor,Employed,Asylum application
101,2024-05-01,1,Morocco,Male,35-44,Master,Employed,Housing support
164,2024-05-01,1,Spain,Female,35-44,Lower secondary,Unemployed,Employment support
215,2024-05-01,5,China,Male,25-34,Bachelor,Employed,Housing support
218,2024-05-01,7,Georgia,Female,35-44,Lower secondary,Employed,Housing support
345,2024-05-01,7,Italy,Male,25-34,Master,Unemployed,Asylum application
425,2024-05-01,2,Other,Female,18-24,Bachelor,Employed,Asylum application
427,2024-05-01,1,Georgia,Male,18-24,Upper secondary,Unemployed,Employment support
447,2024-05-01,1,Italy,Female,35-44,Doctorate,Employed,Employment support
626,2024-05-01,3,Georgia,Male,55+,Upper secondary,Unemployed,Language training
644,2024-05-01,3,Guinea,Male,25-34,Upper secondary,Employed,Integration program
657,2024-05-01,1,India,Male,35-44,Master,Employed,Employment support
688,2024-05-01,6,Brazil,Male,45-54,Doctorate,Employed,Asylum application
722,2024-05-01,3,Senegal,Female,25-34,Upper secondary,Employed,Integration program
728,2024-05-01,9,Brazil,Female,25-34,Lower secondary,Inactive,Integration program
770,2024-05-01,4,Georgia,Female,25-34,Bachelor,Employed,Asylum application
868,2024-05-01,6,Brazil,Male,18-24,Master,Unemployed,Employment support
989,2024-05-01,4,Côte d'Ivoire,Male,18-24,Upper secondary,Inactive,Employment support
995,2024-05-01,10,Portugal,Female,45-54,Master,Unemployed,Asylum application
1113,2024-05-01,1,Portugal,Male,35-44,Bachelor,Employed,Asylum application
1130,2024-05-01,7,Portugal,Male,25-34,Doctorate,Employed,Employment support
1132,2024-05-01,3,Côte d'Ivoire,Female,35-44,Bachelor,Unemployed,Employment support
1157,2024-05-01,1,Portugal,Female,45-54,Lower secondary,Unemployed,Language training
1222,2024-05-01,5,Spain,Male,25-34,Upper secondary,Unemployed,Integration program
1236,2024-05-01,2,Morocco,Female,45-54,Lower secondary,Employed,Integration program
1248,2024-05-01,2,Italy,Female,25-34,Upper secondary,Employed,Language training
1311,2024-05-01,6,Italy,Male,25-34,Upper secondary,Unemployed,Asylum application
1338,2024-05-01,2,Côte d'Ivoire,Female,35-44,Bachelor,Unemployed,Housing support
1391,2024-05-01,2,Morocco,Male,25-34,Doctorate,Employed,Asylum application
1430,2024-05-01,7,Turkey,Male,55+,Upper secondary,Unemployed,Language training
1550,2024-05-01,4,Spain,Female,18-24,Upper secondary,Employed,Asylum application
1654,2024-05-01,4,Turkey,Female,18-24,Lower secondary,Inactive,Language training
1768,2024-05-01,10,Afghanistan,Female,25-34,Lower secondary,Employed,Employment support
1800,2024-05-01,3,Afghanistan,Male,25-34,Bachelor,Employed,Asylum application
1856,2024-05-01,2,Turkey,Female,45-54,Doctorate,Employed,Employment support
1866,2024-05-01,3,Afghanistan,Female,25-34,Master,Employed,Integration program
1986,2024-05-01,8,Algeria,Female,25-34,Master,Employed,Language training
2003,2024-05-01,1,Côte d'Ivoire,Female,25-34,Doctorate,Employed,Language training
2016,2024-05-01,3,Portugal,Male,25-34,Bachelor,Employed,Housing support
2026,2024-05-01,2,Senegal,Female,35-44,Upper secondary,Employed,Language training
2047,2024-05-01,1,India,Female,35-44,Upper secondary,Unemployed,Integration program
2078,2024-05-01,9,Brazil,Female,25-34,Upper secondary,Employed,Language training
2174,2024-05-01,4,Turkey,Female,35-44,Upper secondary,Inactive,Language training
2295,2024-05-01,1,Tunisia,Female,35-44,Upper secondary,Employed,Housing support
2362,2024-05-01,9,Côte d'Ivoire,Male,55+,Lower secondary,Employed,Language training
2379,2024-05-01,2,India,Female,25-34,Lower secondary,Unemployed,Employment support
2448,2024-05-01,3,Bangladesh,Female,35-44,Upper secondary,Inactive,Employment support
2487,2024-05-01,1,Ukraine,Male,55+,Master,Employed,Housing support
2490,2024-05-01,1,Portugal,Female,35-44,Bachelor,Employed,Integration program
2551,2024-05-01,1,Afghanistan,Male,35-44,Bachelor,Employed,Language training
2586,2024-05-01,4,Côte d'Ivoire,Female,25-34,Upper secondary,Employed,Asylum application
2603,2024-05-01,4,Afghanistan,Male,25-34,Bachelor,Employed,Integration program
2742,2024-05-01,7,Senegal,Male,35-44,Master,Employed,Integration program
2761,2024-05-01,4,Georgia,Female,35-44,Bachelor,Employed,Asylum application
2831,2024-05-01,1,China,Male,18-24,Upper secondary,Inactive,Integration program
2857,2024-05-01,3,Other,Male,45-54,Bachelor,Employed,Asylum application
2866,2024-05-01,6,Senegal,Male,35-44,Lower secondary,Employed,Asylum application
3055,2024-05-01,10,Other,Male,45-54,Bachelor,Unemployed,Employment support
3094,2024-05-01,4,Georgia,Male,25-34,Doctorate,Employed,Integration program
3107,2024-05-01,1,Syria,Female,25-34,Upper secondary,Employed,Employment support
3132,2024-05-01,1,China,Male,45-54,Master,Employed,Language training
3139,2024-05-01,1,Portugal,Male,25-34,Master,Inactive,Language training
3148,2024-05-01,4,Brazil,Female,25-34,Bachelor,Unemployed,Integration program
3167,2024-05-01,9,Spain,Female,35-44,Lower secondary,Employed,Housing support
3172,2024-05-01,2,China,Female,35-44,Bachelor,Unemployed,Integration program
3173,2024-05-01,4,Brazil,Female,18-24,Bachelor,Employed,Employment support
3255,2024-05-01,4,Italy,Female,45-54,Lower secondary,Employed,Integration program
3295,2024-05-01,4,China,Male,25-34,Bachelor,Unemployed,Asylum application
3356,2024-05-01,1,Morocco,Male,25-34,Upper secondary,Employed,Housing support
3465,2024-05-01,1,Algeria,Female,55+,Master,Unemployed,Integration program
3472,2024-05-01,7,Turkey,Male,18-24,Upper secondary,Employed,Housing support
3545,2024-05-01,4,Tunisia,Male,35-44,Upper secondary,Unemployed,Employment support
3579,2024-05-01,2,Algeria,Female,18-24,Master,Employed,Integration program
3598,2024-05-01,6,China,Female,25-34,Master,Employed,Housing support
3604,2024-05-01,3,Ukraine,Female,25-34,Upper secondary,Employed,Integration program
3633,2024-05-01,4,Portugal,Male,25-34,Bachelor,Employed,Language training
3713,2024-05-01,3,Afghanistan,Female,45-54,Doctorate,Employed,Asylum application
3727,2024-05-01,1,Spain,Male,25-34,Doctorate,Employed,Language training
3848,2024-05-01,1,Afghanistan,Male,25-34,Bachelor,Employed,Asylum application
4010,2024-05-01,5,Brazil,Female,25-34,Bachelor,Unemployed,Housing support
4016,2024-05-01,5,Other,Female,18-24,Bachelor,Employed,Employment support
4071,2024-05-01,1,Brazil,Male,35-44,Upper secondary,Employed,Housing support
4113,2024-05-01,4,Tunisia,Female,25-34,Master,Unemployed,Housing support
4278,2024-05-01,8,Italy,Male,25-34,Master,Unemployed,Housing support
4337,2024-05-01,1,Georgia,Male,35-44,Lower secondary,Employed,Employment support
4341,2024-05-01,7,Morocco,Female,45-54,Lower secondary,Inactive,Housing support
4365,2024-05-01,3,Côte d'Ivoire,Male,18-24,Master,Employed,Integration program
4409,2024-05-01,6,Guinea,Male,35-44,Master,Unemployed,Asylum application
4441,2024-05-01,1,Ukraine,Male,25-34,Lower secondary,Employed,Housing support
4579,2024-05-01,9,India,Female,25-34,Bachelor,Employed,Asylum application
4612,2024-05-01,3,Other,Male,25-34,Upper secondary,Employed,Housing support
4619,2024-05-01,6,Senegal,Female,55+,Upper secondary,Inactive,Employment support
4636,2024-05-01,8,India,Male,18-24,Lower secondary,Unemployed,Integration program
4645,2024-05-01,3,Nigeria,Male,35-44,Upper secondary,Inactive,Integration program
4657,2024-05-01,1,Algeria,Female,35-44,Master,Employed,Housing support
4678,2024-05-01,5,Algeria,Female,45-54,Lower secondary,Inactive,Language training
4681,2024-05-01,2,Italy,Female,35-44,Doctorate,Employed,Asylum application
4691,2024-05-01,3,Portugal,Male,45-54,Bachelor,Employed,Employment support
4791,2024-05-01,7,Côte d'Ivoire,Female,55+,Bachelor,Unemployed,Integration program
4801,2024-05-01,10,Afghanistan,Male,18-24,Upper secondary,Unemployed,Language training
4814,2024-05-01,7,Georgia,Female,35-44,Doctorate,Employed,Housing support
4865,2024-05-01,2,Brazil,Female,35-44,Bachelor,Inactive,Asylum application
4927,2024-05-01,5,Italy,Male,35-44,Upper secondary,Unemployed,Housing support
5045,2024-05-01,3,India,Male,35-44,Upper secondary,Unemployed,Language training
5062,2024-05-01,2,Brazil,Female,35-44,Upper secondary,Employed,Asylum application
5134,2024-05-01,6,Bangladesh,Male,55+,Bachelor,Employed,Integration program
5176,2024-05-01,1,Turkey,Male,35-44,Lower secondary,Employed,Employment support
5195,2024-05-01,6,Colombia,Male,35-44,Master,Employed,Asylum application
5251,2024-05-01,2,India,Female,25-34,Bachelor,Employed,Employment support
5345,2024-05-01,5,Bangladesh,Female,35-44,Upper secondary,Employed,Integration program
5349,2024-05-01,1,Afghanistan,Female,25-34,Bachelor,Employed,Asylum application
5358,2024-05-01,2,Senegal,Male,55+,Upper secondary,Unemployed,Employment support
5362,2024-05-01,3,Afghanistan,Female,25-34,Lower secondary,Employed,Language training
5409,2024-05-01,6,Syria,Male,35-44,Upper secondary,Unemployed,Housing support
5427,2024-05-01,5,Bangladesh,Male,45-54,Doctorate,Employed,Integration program
5555,2024-05-01,1,China,Male,35-44,Bachelor,Employed,Employment support
5557,2024-05-01,4,Algeria,Male,25-34,Upper secondary,Inactive,Integration program
5579,2024-05-01,6,Brazil,Female,35-44,Master,Employed,Asylum application
5603,2024-05-01,10,Guinea,Male,25-34,Master,Employed,Employment support
5630,2024-05-01,8,Tunisia,Male,35-44,Upper secondary,Unemployed,Asylum application
5643,2024-05-01,1,Other,Male,25-34,Master,Employed,Housing support
5648,2024-05-01,6,Syria,Female,25-34,Lower secondary,Employed,Asylum application
5669,2024-05-01,1,Italy,Male,25-34,Bachelor,Employed,Integration program
5782,2024-05-01,3,Nigeria,Male,35-44,Doctorate,Unemployed,Language training
5837,2024-05-01,2,Nigeria,Male,35-44,Master,Employed,Integration program
5842,2024-05-01,3,Morocco,Male,45-54,Upper secondary,Employed,Housing support
5884,2024-05-01,7,Ukraine,Male,55+,Doctorate,Employed,Integration program
5911,2024-05-01,4,Guinea,Female,45-54,Doctorate,Employed,Employment support
5934,2024-05-01,1,India,Female,35-44,Upper secondary,Unemployed,Integration program
5949,2024-05-01,2,Italy,Female,35-44,Upper secondary,Employed,Integration program
5951,2024-05-01,9,Colombia,Female,45-54,Upper secondary,Inactive,Housing support
5,2024-06-01,6,Turkey,Female,18-24,Lower secondary,Employed,Asylum application
19,2024-06-01,2,Bangladesh,Male,45-54,Master,Employed,Language training
98,2024-06-01,3,Other,Female,35-44,Lower secondary,Employed,Employment support
131,2024-06-01,7,Spain,Male,25-34,Upper secondary,Employed,Language training
167,2024-06-01,1,Nigeria,Female,35-44,Master,Employed,Integration program
526,2024-06-01,5,India,Male,55+,Upper secondary,Employed,Language training
531,2024-06-01,10,Guinea,Male,25-34,Bachelor,Employed,Employment support
614,2024-06-01,1,Bangladesh,Female,18-24,Doctorate,Unemployed,Integration program
647,2024-06-01,7,Colombia,Male,18-24,Lower secondary,Employed,Employment support
724,2024-06-01,10,Italy,Male,18-24,Doctorate,Inactive,Employment support
768,2024-06-01,2,Brazil,Male,35-44,Lower secondary,Employed,Employment support
773,2024-06-01,3,Georgia,Female,25-34,Bachelor,Unemployed,Housing support
820,2024-06-01,10,Colombia,Male,55+,Upper secondary,Unemployed,Asylum application
824,2024-06-01,3,Ukraine,Male,18-24,Bachelor,Unemployed,Language training
825,2024-06-01,1,Spain,Female,35-44,Master,Employed,Housing support
855,2024-06-01,1,Spain,Female,25-34,Upper secondary,Unemployed,Asylum application
872,2024-06-01,9,Nigeria,Female,35-44,Lower secondary,Employed,Integration program
1144,2024-06-01,1,Turkey,Female,18-24,Master,Unemployed,Language training
1175,2024-06-01,1,Syria,Male,25-34,Bachelor,Employed,Employment support
1177,2024-06-01,7,Ukraine,Male,18-24,Bachelor,Employed,Asylum application
1199,2024-06-01,1,Senegal,Female,35-44,Upper secondary,Employed,Employment support
1290,2024-06-01,8,Georgia,Male,25-34,Bachelor,Inactive,Housing support
1312,2024-06-01,9,Spain,Male,25-34,Master,Employed,Language training
1575,2024-06-01,7,Senegal,Female,18-24,Lower secondary,Unemployed,Housing support
1638,2024-06-01,3,Portugal,Male,55+,Master,Employed,Language training
1764,2024-06-01,4,Spain,Male,25-34,Lower secondary,Employed,Employment support
1775,2024-06-01,4,Guinea,Female,35-44,Bachelor,Inactive,Integration program
1784,2024-06-01,1,Spain,Male,25-34,Upper secondary,Employed,Housing support
1795,2024-06-01,1,India,Male,35-44,Master,Employed,Asylum application
1927,2024-06-01,1,Côte d'Ivoire,Male,25-34,Upper secondary,Employed,Asylum application
1950,2024-06-01,7,Senegal,Male,55+,Master,Employed,Employment support
2000,2024-06-01,6,Turkey,Male,55+,Bachelor,Employed,Employment support
2011,2024-06-01,1,China,Male,55+,Lower secondary,Inactive,Housing support
2034,2024-06-01,1,Guinea,Female,25-34,Upper secondary,Employed,Asylum application
2073,2024-06-01,2,Nigeria,Male,25-34,Upper secondary,Employed,Employment support
2106,2024-06-01,4,Tunisia,Male,18-24,Bachelor,Employed,Integration program
2113,2024-06-01,6,Algeria,Female,55+,Upper secondary,Unemployed,Integration program
2153,2024-06-01,3,Morocco,Male,35-44,Master,Unemployed,Asylum application
2206,2024-06-01,4,Colombia,Female,25-34,Bachelor,Employed,Integration program
2263,2024-06-01,3,Bangladesh,Male,45-54,Bachelor,Employed,Asylum application
2396,2024-06-01,4,Other,Male,35-44,Doctorate,Employed,Language training
2401,2024-06-01,2,Côte d'Ivoire,Female,35-44,Bachelor,Employed,Language training
2459,2024-06-01,1,Brazil,Male,35-44,Upper secondary,Unemployed,Language training
2480,2024-06-01,7,Guinea,Female,45-54,Doctorate,Employed,Employment support
2555,2024-06-01,5,India,Female,45-54,Upper secondary,Inactive,Integration program
2638,2024-06-01,6,Italy,Male,25-34,Upper secondary,Inactive,Asylum application
2726,2024-06-01,1,Ukraine,Female,55+,Master,Unemployed,Asylum application
2757,2024-06-01,4,Portugal,Male,25-34,Master,Employed,Language training
2819,2024-06-01,4,Italy,Female,45-54,Upper secondary,Inactive,Language training
2876,2024-06-01,8,Tunisia,Female,25-34,Upper secondary,Unemployed,Employment support
2905,2024-06-01,9,Turkey,Female,55+,Upper secondary,Employed,Language training
2909,2024-06-01,2,Côte d'Ivoire,Female,25-34,Master,Employed,Housing support
3016,2024-06-01,10,India,Male,45-54,Bachelor,Unemployed,Housing support
3058,2024-06-01,1,Italy,Male,55+,Upper secondary,Unemployed,Language training
3125,2024-06-01,7,Algeria,Female,45-54,Upper secondary,Employed,Integration program
3233,2024-06-01,4,Brazil,Male,35-44,Bachelor,Employed,Integration program
3273,2024-06-01,1,Guinea,Female,55+,Bachelor,Employed,Asylum application
3339,2024-06-01,8,Algeria,Female,35-44,Upper secondary,Unemployed,Housing support
3351,2024-06-01,7,Syria,Female,45-54,Lower secondary,Employed,Asylum application
3354,2024-06-01,4,Other,Male,45-54,Upper secondary,Unemployed,Housing support
3358,2024-06-01,4,Guinea,Male,35-44,Bachelor,Employed,Language training
3399,2024-06-01,6,Senegal,Female,45-54,Bachelor,Inactive,Integration program
3400,2024-06-01,6,Tunisia,Female,35-44,Bachelor,Employed,Asylum application
3412,2024-06-01,2,Syria,Female,25-34,Lower secondary,Unemployed,Integration program
3426,2024-06-01,5,Guinea,Male,45-54,Bachelor,Employed,Employment support
3462,2024-06-01,1,Morocco,Female,18-24,Master,Employed,Asylum application
3606,2024-06-01,1,Tunisia,Male,55+,Lower secondary,Inactive,Housing support
3617,2024-06-01,5,Other,Female,18-24,Upper secondary,Inactive,Housing support
3783,2024-06-01,4,Senegal,Female,35-44,Doctorate,Employed,Language training
3797,2024-06-01,1,Côte d'Ivoire,Male,18-24,Bachelor,Employed,Employment support
3799,2024-06-01,1,Nigeria,Female,18-24,Upper secondary,Employed,Integration program
3814,2024-06-01,1,Ukraine,Female,18-24,Lower secondary,Unemployed,Language training
3852,2024-06-01,4,Spain,Female,35-44,Upper secondary,Employed,Asylum application
3854,2024-06-01,2,India,Female,25-34,Upper secondary,Employed,Asylum application
3861,2024-06-01,5,Guinea,Female,25-34,Bachelor,Employed,Housing support
4040,2024-06-01,1,Italy,Male,35-44,Master,Employed,Housing support
4085,2024-06-01,5,Côte d'Ivoire,Female,35-44,Bachelor,Unemployed,Employment support
4092,2024-06-01,1,Other,Male,18-24,Master,Unemployed,Employment support
4132,2024-06-01,9,India,Male,18-24,Bachelor,Inactive,Integration program
4265,2024-06-01,3,Afghanistan,Female,25-34,Bachelor,Inactive,Housing support
4393,2024-06-01,1,Italy,Male,35-44,Bachelor,Employed,Integration program
4410,2024-06-01,9,Syria,Female,25-34,Upper secondary,Employed,Asylum application
4468,2024-06-01,5,Morocco,Male,25-34,Bachelor,Unemployed,Housing support
4472,2024-06-01,3,Afghanistan,Female,35-44,Upper secondary,Unemployed,Language training
4477,2024-06-01,2,Algeria,Male,35-44,Bachelor,Unemployed,Employment support
4499,2024-06-01,4,Algeria,Female,35-44,Master,Unemployed,Asylum application
4513,2024-06-01,6,Morocco,Female,25-34,Master,Employed,Housing support
4539,2024-06-01,3,Morocco,Male,35-44,Lower secondary,Unemployed,Language training
4611,2024-06-01,7,Turkey,Male,25-34,Master,Employed,Employment support
4643,2024-06-01,1,Georgia,Female,45-54,Bachelor,Employed,Integration program
4656,2024-06-01,7,Georgia,Female,25-34,Master,Unemployed,Housing support
4694,2024-06-01,8,India,Female,25-34,Master,Employed,Language training
4731,2024-06-01,2,Other,Female,35-44,Upper secondary,Employed,Language training
4762,2024-06-01,1,Guinea,Male,35-44,Bachelor,Unemployed,Employment support
4788,2024-06-01,1,Guinea,Male,25-34,Master,Employed,Integration program
4804,2024-06-01,8,Algeria,Male,18-24,Bachelor,Unemployed,Integration program
4842,2024-06-01,6,Afghanistan,Male,35-44,Upper secondary,Employed,Employment support
4858,2024-06-01,1,Other,Female,35-44,Bachelor,Unemployed,Asylum application
4973,2024-06-01,1,Ukraine,Male,55+,Upper secondary,Unemployed,Asylum application
5026,2024-06-01,4,Italy,Male,35-44,Bachelor,Employed,Employment support
5094,2024-06-01,2,Côte d'Ivoire,Male,25-34,Upper secondary,Employed,Language training
5097,2024-06-01,7,Guinea,Male,18-24,Bachelor,Employed,Integration program
5137,2024-06-01,2,Other,Male,45-54,Lower secondary,Unemployed,Asylum application
5212,2024-06-01,1,Senegal,Male,45-54,Upper secondary,Unemployed,Employment support
5222,2024-06-01,1,Turkey,Male,35-44,Bachelor,Employed,Employment support
5244,2024-06-01,6,Algeria,Female,35-44,Upper secondary,Inactive,Asylum application
5246,2024-06-01,2,Syria,Female,25-34,Bachelor,Employed,Language training
5286,2024-06-01,1,Portugal,Female,25-34,Lower secondary,Employed,Integration program
5378,2024-06-01,5,Bangladesh,Female,25-34,Bachelor,Unemployed,Asylum application
5399,2024-06-01,6,China,Female,25-34,Bachelor,Unemployed,Housing support
5408,2024-06-01,4,Bangladesh,Male,25-34,Upper secondary,Employed,Housing support
5461,2024-06-01,4,Georgia,Male,35-44,Bachelor,Inactive,Integration program
5483,2024-06-01,8,Ukraine,Female,18-24,Upper secondary,Employed,Integration program
5495,2024-06-01,9,Bangladesh,Female,35-44,Master,Employed,Integration program
5503,2024-06-01,3,Other,Female,35-44,Lower secondary,Employed,Integration program
5508,2024-06-01,3,Georgia,Female,18-24,Upper secondary,Employed,Asylum application
5510,2024-06-01,7,Italy,Female,25-34,Bachelor,Employed,Asylum application
5570,2024-06-01,1,Syria,Male,35-44,Master,Employed,Housing support
5693,2024-06-01,5,Spain,Female,25-34,Bachelor,Unemployed,Language training
5696,2024-06-01,9,Italy,Male,45-54,Upper secondary,Inactive,Language training
5719,2024-06-01,8,Tunisia,Female,35-44,Lower secondary,Employed,Integration program
5741,2024-06-01,4,India,Male,35-44,Bachelor,Employed,Language training
5792,2024-06-01,7,Italy,Male,35-44,Bachelor,Employed,Housing support
5796,2024-06-01,9,Syria,Female,45-54,Bachelor,Employed,Integration program
5815,2024-06-01,8,Senegal,Male,35-44,Bachelor,Unemployed,Asylum application
5839,2024-06-01,2,Brazil,Male,35-44,Bachelor,Employed,Housing support
5889,2024-06-01,3,Portugal,Female,45-54,Master,Unemployed,Integration program
5932,2024-06-01,6,Nigeria,Male,35-44,Upper secondary,Employed,Housing support
5956,2024-06-01,5,Côte d'Ivoire,Male,35-44,Bachelor,Employed,Language training
11,2024-07-01,5,Nigeria,Male,45-54,Upper secondary,Unemployed,Employment support
76,2024-07-01,1,Spain,Male,35-44,Upper secondary,Unemployed,Housing support
107,2024-07-01,10,Portugal,Female,55+,Upper secondary,Unemployed,Language training
184,2024-07-01,1,Guinea,Male,35-44,Upper secondary,Unemployed,Asylum application
219,2024-07-01,6,Colombia,Female,25-34,Master,Unemployed,Housing support
282,2024-07-01,3,Syria,Male,25-34,Upper secondary,Unemployed,Employment support
327,2024-07-01,5,Algeria,Male,45-54,Master,Employed,Language training
370,2024-07-01,10,Afghanistan,Male,35-44,Master,Employed,Language training
470,2024-07-01,1,Spain,Female,45-54,Bachelor,Employed,Asylum application
475,2024-07-01,5,Portugal,Male,18-24,Upper secondary,Inactive,Housing support
476,2024-07-01,1,Algeria,Male,18-24,Upper secondary,Unemployed,Housing support
489,2024-07-01,1,Côte d'Ivoire,Female,18-24,Bachelor,Unemployed,Language training
603,2024-07-01,8,Guinea,Male,25-34,Master,Unemployed,Employment support
607,2024-07-01,5,Afghanistan,Male,45-54,Master,Employed,Language training
671,2024-07-01,2,Spain,Male,25-34,Lower secondary,Employed,Housing support
697,2024-07-01,1,Guinea,Male,25-34,Master,Employed,Housing support
747,2024-07-01,4,Spain,Female,35-44,Upper secondary,Unemployed,Integration program
761,2024-07-01,2,Guinea,Female,18-24,Bachelor,Unemployed,Employment support
862,2024-07-01,8,Portugal,Male,55+,Master,Unemployed,Asylum application
906,2024-07-01,3,Portugal,Female,45-54,Bachelor,Unemployed,Integration program
950,2024-07-01,7,China,Male,45-54,Upper secondary,Unemployed,Language training
962,2024-07-01,9,Colombia,Female,25-34,Upper secondary,Unemployed,Language training
975,2024-07-01,7,Morocco,Female,35-44,Upper secondary,Employed,Housing support
996,2024-07-01,2,Senegal,Female,45-54,Upper secondary,Employed,Asylum application
1039,2024-07-01,3,Guinea,Female,45-54,Upper secondary,Employed,Housing support
1058,2024-07-01,7,Algeria,Male,25-34,Upper secondary,Inactive,Language training
1092,2024-07-01,9,Other,Male,35-44,Bachelor,Unemployed,Integration program
1114,2024-07-01,2,Ukraine,Male,35-44,Doctorate,Employed,Asylum application
1134,2024-07-01,1,Côte d'Ivoire,Male,25-34,Bachelor,Employed,Housing support
1219,2024-07-01,1,Brazil,Male,25-34,Bachelor,Employed,Employment support
1303,2024-07-01,1,Côte d'Ivoire,Female,45-54,Master,Inactive,Language training
1348,2024-07-01,9,Senegal,Male,35-44,Upper secondary,Unemployed,Asylum application
1354,2024-07-01,8,Georgia,Male,35-44,Upper secondary,Unemployed,Language training
1360,2024-07-01,5,Afghanistan,Female,35-44,Upper secondary,Employed,Language training
1383,2024-07-01,3,Nigeria,Female,55+,Bachelor,Employed,Language training
1397,2024-07-01,6,Brazil,Male,25-34,Bachelor,Employed,Housing support
1512,2024-07-01,10,Ukraine,Female,35-44,Upper secondary,Employed,Language training
1563,2024-07-01,3,China,Male,18-24,Master,Unemployed,Employment support
1586,2024-07-01,4,Afghanistan,Female,25-34,Doctorate,Inactive,Language training
1644,2024-07-01,9,Other,Female,35-44,Upper secondary,Employed,Integration program
1663,2024-07-01,7,Ukraine,Female,35-44,Master,Unemployed,Integration program
1706,2024-07-01,9,Bangladesh,Female,35-44,Doctorate,Employed,Asylum application
1713,2024-07-01,1,India,Male,25-34,Doctorate,Unemployed,Housing support
1735,2024-07-01,10,Georgia,Female,45-54,Master,Unemployed,Asylum application
2005,2024-07-01,1,Guinea,Male,45-54,Lower secondary,Employed,Language training
2028,2024-07-01,6,Spain,Female,45-54,Upper secondary,Inactive,Housing support
2226,2024-07-01,1,Algeria,Female,25-34,Upper secondary,Unemployed,Integration program
2243,2024-07-01,6,Spain,Male,55+,Upper secondary,Unemployed,Employment support
2257,2024-07-01,2,Italy,Female,45-54,Master,Employed,Asylum application
2277,2024-07-01,8,Syria,Female,25-34,Bachelor,Unemployed,Language training
2308,2024-07-01,4,Morocco,Female,35-44,Upper secondary,Unemployed,Language training
2378,2024-07-01,2,Syria,Female,45-54,Bachelor,Employed,Employment support
2408,2024-07-01,2,Algeria,Male,35-44,Upper secondary,Unemployed,Language training
2483,2024-07-01,10,Colombia,Male,45-54,Lower secondary,Unemployed,Language training
2543,2024-07-01,7,Italy,Female,25-34,Upper secondary,Unemployed,Language training
2561,2024-07-01,2,Syria,Female,25-34,Bachelor,Employed,Employment support
2618,2024-07-01,8,Algeria,Female,35-44,Master,Employed,Asylum application
2623,2024-07-01,2,Afghanistan,Female,25-34,Upper secondary,Unemployed,Employment support
2628,2024-07-01,1,Nigeria,Male,55+,Upper secondary,Inactive,Employment support
2664,2024-07-01,3,Afghanistan,Female,55+,Upper secondary,Unemployed,Housing support
2689,2024-07-01,9,Italy,Male,18-24,Upper secondary,Unemployed,Housing support
2740,2024-07-01,1,Afghanistan,Male,35-44,Bachelor,Inactive,Language training
2758,2024-07-01,1,Italy,Female,25-34,Bachelor,Inactive,Housing support
2818,2024-07-01,1,Other,Female,45-54,Bachelor,Unemployed,Language training
2821,2024-07-01,5,Afghanistan,Male,25-34,Upper secondary,Employed,Housing support
2856,2024-07-01,3,Colombia,Male,25-34,Doctorate,Employed,Language training
2874,2024-07-01,1,Other,Female,45-54,Upper secondary,Unemployed,Asylum application
2953,2024-07-01,3,Other,Male,25-34,Lower secondary,Unemployed,Housing support
2961,2024-07-01,1,Italy,Female,25-34,Master,Employed,Asylum application
3156,2024-07-01,1,Guinea,Female,55+,Upper secondary,Unemployed,Employment support
3242,2024-07-01,1,Colombia,Male,35-44,Bachelor,Unemployed,Employment support
3331,2024-07-01,1,Portugal,Male,35-44,Doctorate,Unemployed,Asylum application
3382,2024-07-01,1,Senegal,Male,25-34,Master,Employed,Housing support
3406,2024-07-01,1,Portugal,Male,35-44,Master,Unemployed,Language training
3431,2024-07-01,4,Senegal,Female,35-44,Bachelor,Unemployed,Integration program
3469,2024-07-01,3,Ukraine,Male,35-44,Upper secondary,Employed,Integration program
3470,2024-07-01,6,Syria,Male,25-34,Doctorate,Employed,Housing support
3474,2024-07-01,4,China,Male,18-24,Upper secondary,Unemployed,Integration program
3492,2024-07-01,1,Algeria,Female,55+,Lower secondary,Employed,Asylum application
3494,2024-07-01,2,Colombia,Male,35-44,Bachelor,Employed,Integration program
3512,2024-07-01,6,Côte d'Ivoire,Female,25-34,Bachelor,Employed,Language training
3548,2024-07-01,2,Bangladesh,Male,35-44,Doctorate,Employed,Language training
3613,2024-07-01,1,Syria,Male,35-44,Bachelor,Employed,Integration program
3626,2024-07-01,1,Morocco,Female,35-44,Bachelor,Employed,Employment support
3666,2024-07-01,1,Morocco,Male,45-54,Upper secondary,Unemployed,Integration program
3696,2024-07-01,1,Colombia,Female,25-34,Upper secondary,Unemployed,Language training
3701,2024-07-01,1,Senegal,Male,18-24,Master,Inactive,Housing support
3702,2024-07-01,2,Algeria,Male,18-24,Upper secondary,Unemployed,Asylum application
3709,2024-07-01,4,Turkey,Female,45-54,Upper secondary,Employed,Housing support
3756,2024-07-01,1,China,Male,25-34,Upper secondary,Employed,Integration program
3760,2024-07-01,6,Côte d'Ivoire,Male,25-34,Upper secondary,Employed,Language training
3837,2024-07-01,1,Portugal,Female,25-34,Bachelor,Employed,Housing support
3858,2024-07-01,2,India,Female,35-44,Upper secondary,Employed,Language training
3970,2024-07-01,2,Guinea,Male,35-44,Lower secondary,Unemployed,Asylum application
4014,2024-07-01,1,Brazil,Female,25-34,Lower secondary,Employed,Asylum application
4100,2024-07-01,7,Côte d'Ivoire,Female,25-34,Master,Inactive,Housing support
4104,2024-07-01,1,Italy,Female,45-54,Upper secondary,Employed,Asylum application
4131,2024-07-01,1,Spain,Female,45-54,Master,Employed,Employment support
4149,2024-07-01,10,Portugal,Female,25-34,Upper secondary,Employed,Integration program
4157,2024-07-01,1,Turkey,Male,35-44,Master,Employed,Asylum application
4164,2024-07-01,1,India,Male,35-44,Upper secondary,Employed,Asylum application
4215,2024-07-01,1,Côte d'Ivoire,Female,35-44,Bachelor,Unemployed,Employment support
4217,2024-07-01,5,Syria,Male,35-44,Bachelor,Inactive,Integration program
4294,2024-07-01,5,Portugal,Female,25-34,Bachelor,Employed,Asylum application
4417,2024-07-01,4,Ukraine,Female,35-44,Bachelor,Employed,Housing support
4419,2024-07-01,3,Bangladesh,Female,18-24,Lower secondary,Inactive,Housing support
4420,2024-07-01,5,Côte d'Ivoire,Male,45-54,Bachelor,Employed,Language training
4488,2024-07-01,1,Morocco,Male,18-24,Lower secondary,Inactive,Employment support
4570,2024-07-01,1,Guinea,Female,55+,Bachelor,Employed,Integration program
4584,2024-07-01,1,Morocco,Male,25-34,Doctorate,Unemployed,Employment support
4625,2024-07-01,4,China,Female,35-44,Lower secondary,Employed,Housing support
4635,2024-07-01,6,Turkey,Female,35-44,Bachelor,Employed,Language training
4672,2024-07-01,10,Syria,Male,45-54,Upper secondary,Unemployed,Housing support
4749,2024-07-01,1,Italy,Male,25-34,Master,Employed,Asylum application
4825,2024-07-01,1,Guinea,Female,25-34,Upper secondary,Employed,Asylum application
4866,2024-07-01,9,Brazil,Female,25-34,Lower secondary,Unemployed,Language training
4883,2024-07-01,1,Tunisia,Male,45-54,Bachelor,Employed,Language training
5112,2024-07-01,5,Italy,Female,35-44,Bachelor,Unemployed,Language training
5202,2024-07-01,1,China,Male,18-24,Upper secondary,Employed,Employment support
5305,2024-07-01,1,Syria,Female,45-54,Lower secondary,Unemployed,Integration program
5308,2024-07-01,6,Ukraine,Female,45-54,Upper secondary,Unemployed,Language training
5356,2024-07-01,2,Côte d'Ivoire,Female,25-34,Master,Unemployed,Integration program
5387,2024-07-01,6,Tunisia,Female,25-34,Lower secondary,Inactive,Housing support
5614,2024-07-01,1,Ukraine,Male,45-54,Bachelor,Employed,Integration program
5708,2024-07-01,4,Brazil,Female,18-24,Master,Employed,Employment support
5798,2024-07-01,1,Côte d'Ivoire,Male,25-34,Master,Employed,Housing support
5809,2024-07-01,2,Ukraine,Female,25-34,Lower secondary,Employed,Language training
5835,2024-07-01,2,Portugal,Male,25-34,Bachelor,Employed,Integration program
5843,2024-07-01,7,Turkey,Male,35-44,Upper secondary,Unemployed,Integration program
5850,2024-07-01,2,Syria,Male,18-24,Master,Employed,Integration program
5867,2024-07-01,6,Algeria,Male,25-34,Master,Employed,Integration program
5881,2024-07-01,1,Afghanistan,Male,35-44,Upper secondary,Employed,Employment support
5972,2024-07-01,6,Tunisia,Male,25-34,Lower secondary,Inactive,Employment support
38,2024-08-01,6,Georgia,Male,25-34,Bachelor,Employed,Integration program
60,2024-08-01,1,Guinea,Female,45-54,Lower secondary,Unemployed,Housing support
75,2024-08-01,1,Italy,Male,45-54,Lower secondary,Unemployed,Integration program
79,2024-08-01,6,Brazil,Male,18-24,Bachelor,Employed,Employment support
85,2024-08-01,5,China,Female,18-24,Lower secondary,Unemployed,Housing support
143,2024-08-01,9,India,Male,18-24,Doctorate,Unemployed,Language training
204,2024-08-01,4,Tunisia,Female,25-34,Lower secondary,Unemployed,Housing support
212,2024-08-01,1,China,Female,45-54,Bachelor,Employed,Employment support
271,2024-08-01,2,India,Female,25-34,Lower secondary,Inactive,Language training
277,2024-08-01,1,India,Male,25-34,Upper secondary,Unemployed,Language training
305,2024-08-01,5,Nigeria,Female,45-54,Master,Employed,Asylum application
307,2024-08-01,7,Senegal,Male,35-44,Upper secondary,Employed,Employment support
474,2024-08-01,1,China,Female,35-44,Lower secondary,Employed,Language training
523,2024-08-01,3,Syria,Male,18-24,Upper secondary,Inactive,Language training
652,2024-08-01,4,India,Male,55+,Master,Inactive,Integration program
694,2024-08-01,8,Colombia,Female,45-54,Upper secondary,Employed,Employment support
707,2024-08-01,6,Morocco,Female,25-34,Master,Employed,Integration program
733,2024-08-01,8,Algeria,Female,45-54,Lower secondary,Employed,Integration program
799,2024-08-01,1,Nigeria,Male,35-44,Bachelor,Employed,Housing support
1010,2024-08-01,8,Guinea,Female,35-44,Bachelor,Employed,Employment support
1012,2024-08-01,3,Colombia,Female,55+,Bachelor,Unemployed,Language training
1038,2024-08-01,8,Colombia,Female,45-54,Upper secondary,Unemployed,Asylum application
1078,2024-08-01,5,China,Male,55+,Bachelor,Unemployed,Language training
1097,2024-08-01,2,Portugal,Female,35-44,Upper secondary,Employed,Asylum application
1139,2024-08-01,6,Colombia,Female,35-44,Lower secondary,Employed,Asylum application
1151,2024-08-01,7,Algeria,Female,35-44,Lower secondary,Inactive,Asylum application
1154,2024-08-01,8,Portugal,Female,35-44,Upper secondary,Unemployed,Employment support
1208,2024-08-01,6,Spain,Female,18-24,Bachelor,Unemployed,Asylum application
1328,2024-08-01,8,Spain,Male,25-34,Bachelor,Employed,Language training
1344,2024-08-01,7,Brazil,Female,18-24,Bachelor,Employed,Integration program
1453,2024-08-01,1,Italy,Male,25-34,Master,Employed,Housing support
1460,2024-08-01,10,Algeria,Male,35-44,Upper secondary,Employed,Employment support
1559,2024-08-01,3,Other,Male,45-54,Bachelor,Unemployed,Integration program
1629,2024-08-01,3,Nigeria,Female,18-24,Upper secondary,Inactive,Asylum application
1783,2024-08-01,10,Other,Female,35-44,Upper secondary,Inactive,Asylum application
1825,2024-08-01,2,Afghanistan,Male,55+,Master,Employed,Asylum application
1998,2024-08-01,7,Turkey,Male,35-44,Upper secondary,Employed,Language training
2029,2024-08-01,5,Portugal,Female,55+,Bachelor,Unemployed,Language training
2046,2024-08-01,8,Algeria,Male,25-34,Lower secondary,Employed,Language training
2062,2024-08-01,4,China,Female,25-34,Upper secondary,Employed,Asylum application
2072,2024-08-01,9,Afghanistan,Male,35-44,Upper secondary,Unemployed,Language training
2208,2024-08-01,7,Ukraine,Female,25-34,Upper secondary,Unemployed,Integration program
2214,2024-08-01,2,China,Female,35-44,Bachelor,Employed,Asylum application
2305,2024-08-01,1,Tunisia,Female,45-54,Upper secondary,Inactive,Language training
2361,2024-08-01,2,Guinea,Male,25-34,Master,Employed,Language training
2473,2024-08-01,10,Portugal,Male,25-34,Bachelor,Employed,Employment support
2507,2024-08-01,6,Bangladesh,Male,35-44,Doctorate,Employed,Employment support
2517,2024-08-01,2,Côte d'Ivoire,Male,55+,Lower secondary,Unemployed,Housing support
2526,2024-08-01,3,Afghanistan,Female,45-54,Upper secondary,Inactive,Employment support
2639,2024-08-01,4,Italy,Female,35-44,Master,Employed,Housing support
2682,2024-08-01,1,Senegal,Male,35-44,Master,Unemployed,Language training
2690,2024-08-01,4,Tunisia,Male,45-54,Bachelor,Unemployed,Housing support
2703,2024-08-01,4,Algeria,Male,25-34,Upper secondary,Unemployed,Asylum application
2774,2024-08-01,1,Tunisia,Male,45-54,Lower secondary,Employed,Integration program
2802,2024-08-01,1,Senegal,Female,25-34,Bachelor,Unemployed,Integration program
2843,2024-08-01,4,India,Male,25-34,Upper secondary,Employed,Integration program
2949,2024-08-01,1,Côte d'Ivoire,Male,25-34,Doctorate,Unemployed,Integration program
2976,2024-08-01,1,Nigeria,Female,18-24,Master,Inactive,Asylum application
2991,2024-08-01,6,Afghanistan,Female,45-54,Master,Unemployed,Asylum application
2997,2024-08-01,2,Italy,Female,45-54,Bachelor,Employed,Housing support
3001,2024-08-01,7,Nigeria,Female,45-54,Master,Employed,Employment support
3005,2024-08-01,2,Brazil,Male,18-24,Lower secondary,Unemployed,Language training
3020,2024-08-01,1,Morocco,Male,45-54,Upper secondary,Employed,Integration program
3035,2024-08-01,4,Guinea,Female,25-34,Doctorate,Inactive,Employment support
3213,2024-08-01,2,Tunisia,Male,25-34,Master,Employed,Integration program
3219,2024-08-01,1,Senegal,Male,45-54,Upper secondary,Employed,Integration program
3243,2024-08-01,2,Syria,Female,18-24,Master,Employed,Asylum application
3245,2024-08-01,3,Algeria,Male,25-34,Lower secondary,Unemployed,Asylum application
3311,2024-08-01,6,Senegal,Female,25-34,Doctorate,Employed,Language training
3315,2024-08-01,5,Tunisia,Male,25-34,Upper secondary,Employed,Employment support
3405,2024-08-01,2,Côte d'Ivoire,Female,35-44,Master,Employed,Housing support
3433,2024-08-01,3,Nigeria,Male,35-44,Doctorate,Unemployed,Employment support
3454,2024-08-01,1,Algeria,Female,35-44,Lower secondary,Employed,Employment support
3485,2024-08-01,2,Other,Female,45-54,Bachelor,Employed,Asylum application
3584,2024-08-01,6,Syria,Female,45-54,Bachelor,Employed,Integration program
3645,2024-08-01,2,Portugal,Female,45-54,Lower secondary,Unemployed,Language training
3662,2024-08-01,6,Other,Female,45-54,Master,Employed,Language training
3725,2024-08-01,2,Portugal,Male,35-44,Master,Unemployed,Language training
3776,2024-08-01,1,Tunisia,Female,18-24,Bachelor,Unemployed,Asylum application
3829,2024-08-01,1,Colombia,Male,25-34,Doctorate,Employed,Integration program
3891,2024-08-01,1,Senegal,Female,35-44,Lower secondary,Employed,Language training
3892,2024-08-01,6,Afghanistan,Female,35-44,Bachelor,Employed,Employment support
3921,2024-08-01,1,Spain,Female,25-34,Upper secondary,Employed,Asylum application
3932,2024-08-01,3,Brazil,Female,35-44,Bachelor,Employed,Housing support
3976,2024-08-01,9,Tunisia,Male,18-24,Upper secondary,Unemployed,Asylum application
4119,2024-08-01,2,Syria,Female,25-34,Upper secondary,Unemployed,Asylum application
4156,2024-08-01,1,Nigeria,Male,25-34,Lower secondary,Unemployed,Housing support
4275,2024-08-01,1,Afghanistan,Female,25-34,Upper secondary,Employed,Asylum application
4297,2024-08-01,1,Italy,Female,45-54,Upper secondary,Employed,Integration program
4346,2024-08-01,1,India,Male,45-54,Doctorate,Employed,Housing support
4386,2024-08-01,4,Senegal,Male,25-34,Master,Employed,Asylum application
4439,2024-08-01,1,Georgia,Female,55+,Upper secondary,Unemployed,Asylum application
4466,2024-08-01,2,Senegal,Female,45-54,Upper secondary,Unemployed,Employment support
4509,2024-08-01,7,Italy,Female,18-24,Master,Employed,Employment support
4605,2024-08-01,2,Bangladesh,Female,25-34,Bachelor,Employed,Employment support
4617,2024-08-01,2,Côte d'Ivoire,Female,25-34,Lower secondary,Inactive,Housing support
4665,2024-08-01,10,China,Female,25-34,Bachelor,Inactive,Asylum application
4742,2024-08-01,1,Côte d'Ivoire,Female,45-54,Upper secondary,Unemployed,Asylum application
4753,2024-08-01,5,Algeria,Female,35-44,Upper secondary,Employed,Integration program
4852,2024-08-01,2,Algeria,Female,25-34,Master,Employed,Language training
4903,2024-08-01,6,Syria,Female,25-34,Upper secondary,Unemployed,Language training
4956,2024-08-01,10,Algeria,Female,55+,Upper secondary,Employed,Language training
5117,2024-08-01,7,Spain,Female,25-34,Bachelor,Employed,Language training
5118,2024-08-01,2,China,Female,25-34,Master,Employed,Housing support
5119,2024-08-01,6,China,Male,25-34,Lower secondary,Unemployed,Asylum application
5138,2024-08-01,1,Brazil,Female,55+,Lower secondary,Employed,Language training
5269,2024-08-01,7,China,Male,18-24,Master,Unemployed,Integration program
5323,2024-08-01,3,Other,Male,35-44,Master,Unemployed,Employment support
5390,2024-08-01,9,Algeria,Male,25-34,Doctorate,Unemployed,Language training
5410,2024-08-01,6,Senegal,Male,25-34,Master,Employed,Housing support
5414,2024-08-01,9,Colombia,Male,35-44,Upper secondary,Employed,Employment support
5420,2024-08-01,1,Brazil,Male,55+,Upper secondary,Unemployed,Employment support
5452,2024-08-01,9,Bangladesh,Male,55+,Bachelor,Employed,Housing support
5472,2024-08-01,10,Turkey,Male,25-34,Lower secondary,Employed,Housing support
5607,2024-08-01,1,Italy,Female,35-44,Lower secondary,Unemployed,Language training
5631,2024-08-01,1,Other,Male,35-44,Upper secondary,Unemployed,Integration program
5685,2024-08-01,2,Syria,Male,45-54,Upper secondary,Unemployed,Language training
5688,2024-08-01,10,Colombia,Male,25-34,Upper secondary,Employed,Integration program
5770,2024-08-01,8,Spain,Female,25-34,Master,Employed,Language training
5807,2024-08-01,3,India,Female,35-44,Bachelor,Employed,Employment support
5853,2024-08-01,2,Algeria,Male,25-34,Lower secondary,Employed,Asylum application
5859,2024-08-01,9,Other,Female,35-44,Bachelor,Employed,Integration program
5872,2024-08-01,4,Senegal,Male,35-44,Upper secondary,Inactive,Asylum application
5927,2024-08-01,4,Italy,Female,25-34,Master,Employed,Integration program
5992,2024-08-01,3,Nigeria,Female,25-34,Bachelor,Employed,Asylum application
48,2024-09-01,4,Georgia,Male,18-24,Upper secondary,Employed,Housing support
168,2024-09-01,7,Morocco,Female,25-34,Master,Unemployed,Asylum application
217,2024-09-01,1,Bangladesh,Male,35-44,Lower secondary,Unemployed,Asylum application
226,2024-09-01,1,Italy,Male,18-24,Master,Employed,Language training
269,2024-09-01,9,Bangladesh,Male,18-24,Lower secondary,Employed,Asylum application
434,2024-09-01,1,Senegal,Female,55+,Master,Unemployed,Integration program
442,2024-09-01,5,Algeria,Male,55+,Upper secondary,Unemployed,Language training
467,2024-09-01,7,India,Male,25-34,Bachelor,Employed,Housing support
540,2024-09-01,1,Morocco,Male,45-54,Master,Employed,Asylum application
643,2024-09-01,4,Bangladesh,Male,25-34,Lower secondary,Employed,Integration program
687,2024-09-01,6,Bangladesh,Female,55+,Upper secondary,Unemployed,Language training
691,2024-09-01,1,Tunisia,Female,25-34,Upper secondary,Employed,Asylum application
742,2024-09-01,6,India,Female,25-34,Lower secondary,Employed,Housing support
754,2024-09-01,1,China,Female,55+,Bachelor,Employed,Language training
836,2024-09-01,3,Portugal,Male,25-34,Bachelor,Employed,Housing support
850,2024-09-01,2,Italy,Male,55+,Doctorate,Employed,Language training
879,2024-09-01,6,Other,Female,35-44,Bachelor,Employed,Language training
907,2024-09-01,1,India,Female,45-54,Bachelor,Unemployed,Asylum application
968,2024-09-01,1,Tunisia,Female,25-34,Upper secondary,Employed,Asylum application
1043,2024-09-01,2,Afghanistan,Female,18-24,Bachelor,Employed,Housing support
1102,2024-09-01,1,Algeria,Female,25-34,Upper secondary,Employed,Employment support
1148,2024-09-01,1,Bangladesh,Female,45-54,Master,Employed,Language training
1224,2024-09-01,1,Ukraine,Female,25-34,Bachelor,Employed,Housing support
1249,2024-09-01,9,India,Male,45-54,Master,Unemployed,Language training
1271,2024-09-01,1,Colombia,Male,45-54,Doctorate,Employed,Employment support
1302,2024-09-01,1,Spain,Female,35-44,Bachelor,Unemployed,Asylum application
1364,2024-09-01,7,Tunisia,Male,45-54,Lower secondary,Unemployed,Asylum application
1369,2024-09-01,5,Bangladesh,Female,55+,Upper secondary,Unemployed,Asylum application
1371,2024-09-01,1,India,Female,25-34,Lower secondary,Employed,Housing support
1386,2024-09-01,1,Afghanistan,Male,45-54,Lower secondary,Unemployed,Language training
1396,2024-09-01,1,Portugal,Female,45-54,Upper secondary,Unemployed,Language training
1411,2024-09-01,3,Syria,Male,45-54,Master,Unemployed,Asylum application
1538,2024-09-01,2,Morocco,Female,45-54,Master,Unemployed,Employment support
1651,2024-09-01,7,Morocco,Female,45-54,Upper secondary,Unemployed,Language training
1658,2024-09-01,2,Morocco,Male,45-54,Master,Employed,Asylum application
1682,2024-09-01,3,Syria,Female,35-44,Master,Employed,Housing support
1736,2024-09-01,4,Brazil,Male,25-34,Master,Inactive,Housing support
1778,2024-09-01,5,Afghanistan,Male,45-54,Upper secondary,Unemployed,Housing support
1836,2024-09-01,2,Morocco,Female,25-34,Lower secondary,Inactive,Integration program
1847,2024-09-01,6,Brazil,Female,35-44,Upper secondary,Inactive,Employment support
1872,2024-09-01,4,Italy,Female,18-24,Upper secondary,Unemployed,Language training
1894,2024-09-01,5,Senegal,Female,25-34,Lower secondary,Unemployed,Employment support
1910,2024-09-01,2,Turkey,Female,25-34,Master,Employed,Asylum application
1918,2024-09-01,1,Tunisia,Male,18-24,Bachelor,Unemployed,Integration program
2020,2024-09-01,2,Portugal,Male,35-44,Upper secondary,Unemployed,Employment support
2024,2024-09-01,5,Guinea,Male,25-34,Upper secondary,Employed,Language training
2211,2024-09-01,3,Colombia,Male,25-34,Doctorate,Employed,Language training
2234,2024-09-01,2,Morocco,Female,35-44,Doctorate,Employed,Integration program
2238,2024-09-01,6,Turkey,Male,35-44,Upper secondary,Unemployed,Integration program
2314,2024-09-01,4,Ukraine,Male,25-34,Upper secondary,Employed,Language training
2347,2024-09-01,1,Georgia,Female,35-44,Master,Employed,Integration program
2372,2024-09-01,4,Ukraine,Female,35-44,Upper secondary,Employed,Language training
2393,2024-09-01,6,Spain,Male,25-34,Upper secondary,Employed,Integration program
2441,2024-09-01,2,Tunisia,Male,45-54,Doctorate,Employed,Asylum application
2474,2024-09-01,9,Syria,Male,18-24,Bachelor,Employed,Housing support
2620,2024-09-01,6,Georgia,Male,45-54,Master,Employed,Asylum application
2715,2024-09-01,2,Turkey,Male,18-24,Master,Inactive,Language training
2721,2024-09-01,4,Other,Female,45-54,Bachelor,Inactive,Language training
2748,2024-09-01,1,Guinea,Male,45-54,Upper secondary,Employed,Language training
2775,2024-09-01,1,Bangladesh,Male,35-44,Master,Unemployed,Language training
2777,2024-09-01,1,China,Male,25-34,Bachelor,Unemployed,Asylum application
2789,2024-09-01,1,Afghanistan,Male,25-34,Doctorate,Employed,Housing support
2832,2024-09-01,3,Morocco,Male,35-44,Bachelor,Employed,Language training
2859,2024-09-01,6,Senegal,Female,25-34,Master,Employed,Integration program
2938,2024-09-01,2,Portugal,Female,18-24,Lower secondary,Employed,Employment support
2945,2024-09-01,4,China,Male,45-54,Upper secondary,Unemployed,Integration program
2974,2024-09-01,4,Italy,Male,18-24,Doctorate,Unemployed,Employment support
3014,2024-09-01,1,Turkey,Female,25-34,Bachelor,Unemployed,Employment support
3037,2024-09-01,1,Côte d'Ivoire,Male,55+,Bachelor,Unemployed,Language training
3039,2024-09-01,8,China,Female,25-34,Upper secondary,Employed,Asylum application
3060,2024-09-01,9,Ukraine,Male,45-54,Upper secondary,Employed,Employment support
3229,2024-09-01,1,Other,Male,45-54,Bachelor,Employed,Employment support
3291,2024-09-01,4,Portugal,Male,25-34,Upper secondary,Inactive,Housing support
3292,2024-09-01,1,Turkey,Male,45-54,Bachelor,Employed,Employment support
3312,2024-09-01,10,Algeria,Male,35-44,Doctorate,Unemployed,Employment support
3337,2024-09-01,1,Syria,Male,25-34,Bachelor,Employed,Integration program
3394,2024-09-01,10,Spain,Female,25-34,Lower secondary,Unemployed,Language training
3608,2024-09-01,1,Brazil,Male,35-44,Upper secondary,Inactive,Housing support
3616,2024-09-01,3,Nigeria,Male,25-34,Bachelor,Unemployed,Employment support
3693,2024-09-01,1,China,Male,45-54,Lower secondary,Unemployed,Employment support
3794,2024-09-01,7,China,Female,18-24,Upper secondary,Employed,Language training
3825,2024-09-01,9,Bangladesh,Male,25-34,Bachelor,Employed,Housing support
3884,2024-09-01,7,Algeria,Male,25-34,Bachelor,Unemployed,Housing support
3894,2024-09-01,8,Tunisia,Male,45-54,Bachelor,Inactive,Housing support
3934,2024-09-01,8,Ukraine,Female,25-34,Lower secondary,Unemployed,Integration program
3965,2024-09-01,6,Brazil,Male,18-24,Upper secondary,Employed,Housing support
3966,2024-09-01,6,India,Male,18-24,Lower secondary,Unemployed,Housing support
3986,2024-09-01,4,China,Female,55+,Lower secondary,Employed,Employment support
3998,2024-09-01,4,Bangladesh,Male,25-34,Bachelor,Employed,Housing support
4059,2024-09-01,1,Nigeria,Male,45-54,Upper secondary,Unemployed,Asylum application
4069,2024-09-01,9,Tunisia,Male,25-34,Master,Employed,Employment support
4118,2024-09-01,4,Algeria,Female,35-44,Master,Unemployed,Employment support
4136,2024-09-01,4,Syria,Male,25-34,Lower secondary,Unemployed,Integration program
4166,2024-09-01,3,Algeria,Female,55+,Upper secondary,Employed,Integration program
4210,2024-09-01,4,Brazil,Female,25-34,Upper secondary,Employed,Asylum application
4216,2024-09-01,1,Portugal,Female,35-44,Upper secondary,Unemployed,Asylum application
4218,2024-09-01,5,Algeria,Female,18-24,Lower secondary,Unemployed,Asylum application
4230,2024-09-01,1,Brazil,Male,25-34,Upper secondary,Inactive,Language training
4248,2024-09-01,9,Ukraine,Female,25-34,Lower secondary,Employed,Asylum application
4264,2024-09-01,9,Bangladesh,Male,25-34,Master,Employed,Language training
4342,2024-09-01,1,Bangladesh,Female,55+,Lower secondary,Unemployed,Language training
4354,2024-09-01,2,Ukraine,Female,45-54,Lower secondary,Unemployed,Employment support
4355,2024-09-01,3,Morocco,Male,35-44,Master,Employed,Housing support
4378,2024-09-01,10,Turkey,Female,25-34,Upper secondary,Employed,Language training
4384,2024-09-01,1,Morocco,Female,45-54,Bachelor,Employed,Integration program
4427,2024-09-01,5,Guinea,Female,18-24,Upper secondary,Employed,Integration program
4451,2024-09-01,1,Nigeria,Female,35-44,Master,Unemployed,Asylum application
4465,2024-09-01,1,Portugal,Male,25-34,Upper secondary,Employed,Employment support
4503,2024-09-01,3,Turkey,Female,25-34,Bachelor,Employed,Asylum application
4571,2024-09-01,7,Italy,Male,35-44,Upper secondary,Unemployed,Asylum application
4741,2024-09-01,1,Colombia,Male,55+,Upper secondary,Unemployed,Asylum application
4750,2024-09-01,4,Turkey,Female,25-34,Lower secondary,Inactive,Integration program
4793,2024-09-01,3,Ukraine,Male,35-44,Upper secondary,Employed,Language training
4818,2024-09-01,6,China,Male,45-54,Bachelor,Employed,Asylum application
4869,2024-09-01,3,Algeria,Female,35-44,Upper secondary,Employed,Employment support
4907,2024-09-01,1,Ukraine,Male,35-44,Master,Employed,Language training
4960,2024-09-01,1,Nigeria,Female,55+,Bachelor,Employed,Employment support
5013,2024-09-01,7,Côte d'Ivoire,Female,35-44,Upper secondary,Inactive,Housing support
5040,2024-09-01,9,Colombia,Male,45-54,Master,Employed,Language training
5067,2024-09-01,2,Spain,Male,45-54,Bachelor,Employed,Employment support
5075,2024-09-01,7,Afghanistan,Male,55+,Doctorate,Employed,Language training
5115,2024-09-01,1,Turkey,Female,35-44,Lower secondary,Employed,Employment support
5156,2024-09-01,4,Other,Male,18-24,Lower secondary,Unemployed,Language training
5248,2024-09-01,4,Nigeria,Male,35-44,Upper secondary,Employed,Integration program
5249,2024-09-01,1,India,Female,25-34,Lower secondary,Employed,Language training
5263,2024-09-01,3,Guinea,Female,35-44,Upper secondary,Employed,Housing support
5320,2024-09-01,1,Syria,Female,25-34,Upper secondary,Unemployed,Housing support
5352,2024-09-01,2,Bangladesh,Female,25-34,Master,Employed,Employment support
5400,2024-09-01,3,Turkey,Female,55+,Lower secondary,Employed,Employment support
5469,2024-09-01,1,Spain,Female,45-54,Bachelor,Unemployed,Integration program
5474,2024-09-01,2,Colombia,Female,18-24,Upper secondary,Unemployed,Integration program
5513,2024-09-01,2,Senegal,Female,35-44,Bachelor,Employed,Integration program
5562,2024-09-01,1,Senegal,Female,35-44,Upper secondary,Unemployed,Employment support
5567,2024-09-01,1,Nigeria,Male,25-34,Bachelor,Employed,Housing support
5582,2024-09-01,4,Portugal,Male,45-54,Upper secondary,Inactive,Asylum application
5622,2024-09-01,10,Côte d'Ivoire,Male,25-34,Upper secondary,Employed,Housing support
5638,2024-09-01,10,Ukraine,Female,35-44,Bachelor,Employed,Language training
5692,2024-09-01,1,Nigeria,Male,45-54,Lower secondary,Employed,Housing support
5694,2024-09-01,6,Portugal,Male,25-34,Master,Employed,Integration program
5706,2024-09-01,10,Italy,Female,25-34,Upper secondary,Employed,Language training
5710,2024-09-01,6,Ukraine,Female,35-44,Bachelor,Unemployed,Language training
5735,2024-09-01,6,Tunisia,Male,45-54,Upper secondary,Unemployed,Asylum application
5747,2024-09-01,3,Brazil,Male,25-34,Upper secondary,Unemployed,Housing support
5780,2024-09-01,1,Brazil,Female,55+,Lower secondary,Unemployed,Asylum application
5833,2024-09-01,1,Nigeria,Male,35-44,Upper secondary,Employed,Integration program
5887,2024-09-01,2,Other,Male,55+,Upper secondary,Unemployed,Housing support
63,2024-10-01,4,Morocco,Male,25-34,Bachelor,Inactive,Employment support
240,2024-10-01,10,Nigeria,Female,35-44,Lower secondary,Unemployed,Language training
242,2024-10-01,4,Italy,Female,25-34,Master,Employed,Employment support
251,2024-10-01,1,Afghanistan,Male,45-54,Bachelor,Employed,Asylum application
409,2024-10-01,3,Other,Male,35-44,Lower secondary,Inactive,Housing support
472,2024-10-01,5,Nigeria,Male,35-44,Bachelor,Employed,Asylum application
494,2024-10-01,9,Ukraine,Male,25-34,Upper secondary,Unemployed,Asylum application
501,2024-10-01,1,Georgia,Male,55+,Master,Unemployed,Asylum application
507,2024-10-01,2,Bangladesh,Female,55+,Upper secondary,Unemployed,Employment support
522,2024-10-01,9,Nigeria,Male,25-34,Upper secondary,Unemployed,Asylum application
629,2024-10-01,4,Senegal,Female,25-34,Bachelor,Employed,Employment support
632,2024-10-01,1,Ukraine,Male,18-24,Master,Unemployed,Asylum application
676,2024-10-01,8,Bangladesh,Male,25-34,Upper secondary,Employed,Integration program
755,2024-10-01,5,Ukraine,Female,25-34,Bachelor,Unemployed,Integration program
821,2024-10-01,1,Colombia,Male,35-44,Lower secondary,Employed,Language training
846,2024-10-01,6,Spain,Female,18-24,Master,Employed,Employment support
992,2024-10-01,1,Spain,Female,25-34,Master,Employed,Employment support
1005,2024-10-01,5,Guinea,Male,45-54,Bachelor,Employed,Employment support
1041,2024-10-01,3,Colombia,Female,35-44,Lower secondary,Unemployed,Housing support
1084,2024-10-01,2,Turkey,Female,25-34,Master,Employed,Housing support
1100,2024-10-01,1,Guinea,Male,18-24,Upper secondary,Employed,Housing support
1108,2024-10-01,1,Senegal,Female,35-44,Upper secondary,Employed,Language training
1273,2024-10-01,2,India,Male,18-24,Upper secondary,Unemployed,Language training
1286,2024-10-01,3,China,Male,55+,Doctorate,Employed,Asylum application
1287,2024-10-01,6,Bangladesh,Female,45-54,Upper secondary,Unemployed,Housing support
1313,2024-10-01,5,Spain,Female,25-34,Bachelor,Employed,Integration program
1404,2024-10-01,5,Turkey,Female,35-44,Upper secondary,Unemployed,Employment support
1452,2024-10-01,2,India,Male,25-34,Bachelor,Employed,Employment support
1454,2024-10-01,3,Other,Male,35-44,Doctorate,Employed,Housing support
1476,2024-10-01,4,China,Female,35-44,Bachelor,Employed,Integration program
1481,2024-10-01,8,Italy,Male,35-44,Upper secondary,Employed,Housing support
1567,2024-10-01,3,Côte d'Ivoire,Female,18-24,Lower secondary,Inactive,Housing support
1574,2024-10-01,2,India,Male,25-34,Master,Employed,Asylum application
1623,2024-10-01,1,India,Female,18-24,Master,Unemployed,Language training
1708,2024-10-01,2,Algeria,Female,25-34,Upper secondary,Employed,Language training
1745,2024-10-01,9,Guinea,Male,45-54,Bachelor,Employed,Employment support
1802,2024-10-01,6,Senegal,Male,45-54,Bachelor,Unemployed,Language training
1849,2024-10-01,7,Colombia,Male,25-34,Upper secondary,Inactive,Integration program
1853,2024-10-01,3,Côte d'Ivoire,Male,35-44,Bachelor,Employed,Employment support
1953,2024-10-01,7,Senegal,Female,45-54,Master,Inactive,Integration program
1960,2024-10-01,9,Colombia,Male,55+,Bachelor,Employed,Language training
1995,2024-10-01,7,Turkey,Female,18-24,Bachelor,Employed,Language training
2108,2024-10-01,1,Senegal,Male,45-54,Doctorate,Employed,Asylum application
2117,2024-10-01,8,Turkey,Male,35-44,Upper secondary,Inactive,Asylum application
2132,2024-10-01,6,Brazil,Female,55+,Master,Unemployed,Integration program
2260,2024-10-01,2,Senegal,Male,35-44,Upper secondary,Unemployed,Language training
2271,2024-10-01,1,Colombia,Male,35-44,Bachelor,Unemployed,Employment support
2280,2024-10-01,1,Syria,Male,25-34,Bachelor,Employed,Employment support
2282,2024-10-01,3,Tunisia,Male,35-44,Upper secondary,Employed,Language training
2290,2024-10-01,1,Morocco,Male,25-34,Upper secondary,Employed,Integration program
2294,2024-10-01,2,India,Female,18-24,Upper secondary,Unemployed,Asylum application
2330,2024-10-01,8,Bangladesh,Female,35-44,Bachelor,Employed,Asylum application
2354,2024-10-01,1,Senegal,Male,25-34,Bachelor,Employed,Asylum application
2436,2024-10-01,1,Spain,Male,45-54,Doctorate,Employed,Employment support
2437,2024-10-01,1,Tunisia,Female,25-34,Bachelor,Employed,Asylum application
2486,2024-10-01,4,Turkey,Male,45-54,Upper secondary,Unemployed,Integration program
2574,2024-10-01,5,Senegal,Male,25-34,Master,Employed,Asylum application
2609,2024-10-01,5,Colombia,Female,25-34,Bachelor,Unemployed,Integration program
2641,2024-10-01,1,India,Female,25-34,Bachelor,Employed,Employment support
2792,2024-10-01,1,Guinea,Female,45-54,Lower secondary,Unemployed,Employment support
2801,2024-10-01,6,Other,Male,25-34,Doctorate,Employed,Housing support
2954,2024-10-01,10,Colombia,Male,55+,Master,Employed,Asylum application
3007,2024-10-01,1,Guinea,Male,18-24,Bachelor,Employed,Employment support
3056,2024-10-01,1,Bangladesh,Female,55+,Bachelor,Unemployed,Housing support
3123,2024-10-01,1,Guinea,Female,45-54,Upper secondary,Employed,Integration program
3211,2024-10-01,4,Georgia,Female,55+,Upper secondary,Unemployed,Employment support
3254,2024-10-01,3,China,Female,45-54,Bachelor,Employed,Employment support
3274,2024-10-01,3,Colombia,Female,35-44,Bachelor,Unemployed,Language training
3280,2024-10-01,1,Morocco,Male,55+,Lower secondary,Inactive,Language training
3314,2024-10-01,4,Brazil,Female,35-44,Bachelor,Unemployed,Asylum application
3353,2024-10-01,5,Syria,Female,25-34,Lower secondary,Unemployed,Integration program
3386,2024-10-01,1,Tunisia,Male,35-44,Bachelor,Employed,Asylum application
3404,2024-10-01,6,Syria,Male,25-34,Master,Employed,Integration program
3518,2024-10-01,5,Guinea,Male,25-34,Upper secondary,Inactive,Employment support
3564,2024-10-01,7,Ukraine,Male,35-44,Upper secondary,Unemployed,Integration program
3594,2024-10-01,8,India,Female,35-44,Lower secondary,Inactive,Housing support
3612,2024-10-01,6,Colombia,Female,35-44,Upper secondary,Employed,Housing support
3623,2024-10-01,1,Spain,Male,55+,Bachelor,Employed,Language training
3630,2024-10-01,1,Guinea,Female,35-44,Upper secondary,Employed,Asylum application
3717,2024-10-01,7,Syria,Male,25-34,Master,Employed,Language training
3805,2024-10-01,1,Syria,Female,25-34,Lower secondary,Unemployed,Housing support
3841,2024-10-01,3,Italy,Male,35-44,Bachelor,Employed,Asylum application
3922,2024-10-01,1,Turkey,Male,35-44,Master,Employed,Employment support
3938,2024-10-01,7,Brazil,Male,25-34,Bachelor,Employed,Asylum application
4025,2024-10-01,6,Guinea,Female,25-34,Master,Unemployed,Employment support
4058,2024-10-01,7,Portugal,Male,25-34,Doctorate,Employed,Employment support
4129,2024-10-01,4,Portugal,Female,18-24,Master,Employed,Housing support
4307,2024-10-01,7,India,Female,35-44,Bachelor,Employed,Language training
4385,2024-10-01,5,Morocco,Male,45-54,Master,Employed,Housing support
4392,2024-10-01,5,Brazil,Female,55+,Master,Unemployed,Asylum application
4424,2024-10-01,2,Nigeria,Male,25-34,Upper secondary,Employed,Employment support
4530,2024-10-01,1,China,Female,35-44,Bachelor,Employed,Housing support
4565,2024-10-01,3,Colombia,Female,35-44,Upper secondary,Unemployed,Asylum application
4566,2024-10-01,4,Spain,Male,25-34,Bachelor,Unemployed,Housing support
4567,2024-10-01,1,Georgia,Male,25-34,Master,Employed,Employment support
4604,2024-10-01,7,Algeria,Female,45-54,Bachelor,Employed,Integration program
4813,2024-10-01,5,Syria,Female,25-34,Bachelor,Unemployed,Language training
4816,2024-10-01,1,India,Female,18-24,Lower secondary,Unemployed,Language training
4832,2024-10-01,6,Guinea,Female,18-24,Upper secondary,Unemployed,Language training
4912,2024-10-01,4,Turkey,Female,35-44,Bachelor,Employed,Integration program
4932,2024-10-01,1,Portugal,Male,45-54,Bachelor,Employed,Integration program
4963,2024-10-01,9,Senegal,Male,55+,Bachelor,Employed,Housing support
5098,2024-10-01,2,Tunisia,Male,35-44,Bachelor,Employed,Employment support
5170,2024-10-01,6,Brazil,Female,45-54,Upper secondary,Employed,Integration program
5179,2024-10-01,5,Algeria,Female,55+,Bachelor,Unemployed,Asylum application
5221,2024-10-01,6,Syria,Male,25-34,Lower secondary,Unemployed,Integration program
5272,2024-10-01,3,China,Male,25-34,Master,Employed,Integration program
5301,2024-10-01,4,Portugal,Male,35-44,Bachelor,Employed,Employment support
5342,2024-10-01,9,Bangladesh,Female,25-34,Lower secondary,Employed,Language training
5369,2024-10-01,1,Spain,Female,35-44,Master,Employed,Employment support
5428,2024-10-01,2,India,Female,25-34,Master,Employed,Language training
5498,2024-10-01,10,Colombia,Male,55+,Upper secondary,Unemployed,Asylum application
5559,2024-10-01,8,Bangladesh,Male,35-44,Bachelor,Employed,Employment support
5611,2024-10-01,1,Guinea,Female,18-24,Lower secondary,Employed,Language training
5673,2024-10-01,8,Côte d'Ivoire,Male,35-44,Upper secondary,Employed,Employment support
5679,2024-10-01,1,Georgia,Male,35-44,Master,Employed,Language training
5683,2024-10-01,6,Morocco,Female,45-54,Upper secondary,Employed,Housing support
5731,2024-10-01,3,Nigeria,Female,45-54,Upper secondary,Employed,Housing support
5767,2024-10-01,5,Brazil,Female,35-44,Upper secondary,Employed,Integration program
5817,2024-10-01,3,Spain,Female,35-44,Upper secondary,Unemployed,Integration program
5820,2024-10-01,3,Côte d'Ivoire,Male,25-34,Upper secondary,Employed,Housing support
5953,2024-10-01,7,Morocco,Male,18-24,Bachelor,Employed,Asylum application
57,2024-11-01,8,Turkey,Male,25-34,Bachelor,Employed,Employment support
83,2024-11-01,2,Côte d'Ivoire,Male,35-44,Master,Employed,Asylum application
132,2024-11-01,3,Spain,Female,35-44,Master,Employed,Housing support
142,2024-11-01,9,Spain,Male,25-34,Bachelor,Employed,Integration program
222,2024-11-01,2,Brazil,Male,25-34,Bachelor,Employed,Asylum application
241,2024-11-01,1,Italy,Female,35-44,Master,Employed,Language training
302,2024-11-01,3,Spain,Male,35-44,Lower secondary,Unemployed,Employment support
316,2024-11-01,6,Afghanistan,Male,35-44,Upper secondary,Employed,Language training
336,2024-11-01,8,Brazil,Male,25-34,Bachelor,Employed,Integration program
445,2024-11-01,6,Portugal,Male,25-34,Upper secondary,Employed,Integration program
460,2024-11-01,1,Turkey,Female,35-44,Bachelor,Employed,Housing support
497,2024-11-01,5,Bangladesh,Female,25-34,Upper secondary,Employed,Language training
503,2024-11-01,6,Côte d'Ivoire,Male,35-44,Master,Employed,Housing support
532,2024-11-01,1,Portugal,Male,55+,Bachelor,Employed,Language training
556,2024-11-01,5,Ukraine,Male,25-34,Upper secondary,Employed,Asylum application
812,2024-11-01,1,Bangladesh,Male,25-34,Lower secondary,Unemployed,Housing support
853,2024-11-01,1,Morocco,Male,35-44,Master,Employed,Employment support
957,2024-11-01,4,Algeria,Male,25-34,Master,Employed,Employment support
958,2024-11-01,5,Tunisia,Male,35-44,Bachelor,Employed,Housing support
1006,2024-11-01,5,China,Male,25-34,Upper secondary,Unemployed,Employment support
1034,2024-11-01,3,Portugal,Male,18-24,Master,Employed,Integration program
1077,2024-11-01,7,Algeria,Male,25-34,Bachelor,Employed,Housing support
1082,2024-11-01,1,Georgia,Male,45-54,Master,Employed,Housing support
1085,2024-11-01,3,Italy,Female,35-44,Doctorate,Employed,Asylum application
1111,2024-11-01,3,Senegal,Male,55+,Upper secondary,Employed,Language training
1123,2024-11-01,8,Italy,Female,55+,Master,Employed,Housing support
1216,2024-11-01,5,Turkey,Male,18-24,Bachelor,Employed,Integration program
1227,2024-11-01,1,Portugal,Female,18-24,Bachelor,Unemployed,Housing support
1247,2024-11-01,1,Senegal,Male,45-54,Bachelor,Unemployed,Employment support
1266,2024-11-01,8,Guinea,Male,18-24,Master,Employed,Housing support
1283,2024-11-01,4,Morocco,Male,25-34,Upper secondary,Unemployed,Housing support
1323,2024-11-01,6,Georgia,Female,25-34,Lower secondary,Unemployed,Employment support
1376,2024-11-01,5,Spain,Male,25-34,Lower secondary,Unemployed,Language training
1393,2024-11-01,4,Ukraine,Male,25-34,Lower secondary,Unemployed,Housing support
1415,2024-11-01,1,Côte d'Ivoire,Male,35-44,Lower secondary,Employed,Housing support
1419,2024-11-01,1,Afghanistan,Male,25-34,Master,Employed,Asylum application
1571,2024-11-01,3,Algeria,Male,35-44,Upper secondary,Employed,Employment support
1585,2024-11-01,1,Senegal,Female,35-44,Bachelor,Employed,Housing support
1591,2024-11-01,1,China,Male,25-34,Upper secondary,Employed,Employment support
1634,2024-11-01,2,India,Female,35-44,Bachelor,Employed,Language training
1639,2024-11-01,2,Algeria,Male,35-44,Upper secondary,Unemployed,Employment support
1672,2024-11-01,3,Afghanistan,Female,25-34,Bachelor,Unemployed,Employment support
1722,2024-11-01,6,Nigeria,Female,45-54,Upper secondary,Employed,Asylum application
1746,2024-11-01,4,Portugal,Male,35-44,Bachelor,Unemployed,Language training
1772,2024-11-01,1,Bangladesh,Female,18-24,Master,Employed,Integration program
1813,2024-11-01,5,Morocco,Male,35-44,Master,Employed,Language training
1837,2024-11-01,8,Spain,Female,25-34,Lower secondary,Unemployed,Integration program
1907,2024-11-01,4,China,Female,35-44,Upper secondary,Employed,Integration program
2066,2024-11-01,5,Guinea,Female,25-34,Doctorate,Employed,Housing support
2086,2024-11-01,2,Côte d'Ivoire,Female,45-54,Upper secondary,Employed,Language training
2143,2024-11-01,3,Italy,Female,25-34,Master,Employed,Language training
2183,2024-11-01,2,Georgia,Male,35-44,Master,Employed,Integration program
2188,2024-11-01,7,Portugal,Male,25-34,Bachelor,Employed,Employment support
2307,2024-11-01,4,Syria,Male,35-44,Bachelor,Employed,Language training
2331,2024-11-01,1,China,Female,25-34,Bachelor,Employed,Housing support
2344,2024-11-01,6,Spain,Male,25-34,Upper secondary,Employed,Asylum application
2421,2024-11-01,1,Ukraine,Female,25-34,Lower secondary,Unemployed,Integration program
2462,2024-11-01,10,Bangladesh,Male,35-44,Bachelor,Employed,Integration program
2482,2024-11-01,8,Afghanistan,Male,25-34,Upper secondary,Inactive,Housing support
2498,2024-11-01,2,Colombia,Female,55+,Upper secondary,Employed,Employment support
2602,2024-11-01,5,Guinea,Female,18-24,Bachelor,Unemployed,Asylum application
2662,2024-11-01,6,Ukraine,Female,25-34,Upper secondary,Employed,Housing support
2666,2024-11-01,4,Colombia,Male,35-44,Master,Employed,Housing support
2706,2024-11-01,7,India,Male,25-34,Bachelor,Employed,Housing support
2906,2024-11-01,1,Afghanistan,Male,25-34,Bachelor,Employed,Integration program
2918,2024-11-01,3,Colombia,Female,25-34,Master,Employed,Asylum application
3068,2024-11-01,1,Nigeria,Female,35-44,Upper secondary,Inactive,Housing support
3084,2024-11-01,1,Tunisia,Female,25-34,Master,Unemployed,Language training
3097,2024-11-01,8,Brazil,Female,25-34,Lower secondary,Unemployed,Asylum application
3203,2024-11-01,3,Côte d'Ivoire,Female,25-34,Master,Employed,Language training
3240,2024-11-01,1,Afghanistan,Female,55+,Upper secondary,Employed,Asylum application
3244,2024-11-01,1,Turkey,Female,25-34,Upper secondary,Unemployed,Integration program
3323,2024-11-01,6,Italy,Male,25-34,Bachelor,Employed,Integration program
3350,2024-11-01,2,Bangladesh,Female,18-24,Upper secondary,Employed,Integration program
3414,2024-11-01,5,Syria,Female,55+,Lower secondary,Inactive,Asylum application
3487,2024-11-01,7,China,Female,35-44,Bachelor,Employed,Employment support
3621,2024-11-01,3,Brazil,Female,25-34,Bachelor,Unemployed,Housing support
3627,2024-11-01,4,India,Male,25-34,Master,Employed,Asylum application
3698,2024-11-01,10,Brazil,Male,25-34,Lower secondary,Employed,Integration program
3700,2024-11-01,6,China,Male,25-34,Upper secondary,Employed,Employment support
3714,2024-11-01,8,Portugal,Female,45-54,Master,Employed,Housing support
3715,2024-11-01,5,Colombia,Male,18-24,Master,Employed,Housing support
3790,2024-11-01,6,Senegal,Male,55+,Bachelor,Unemployed,Language training
3870,2024-11-01,2,Colombia,Female,55+,Bachelor,Unemployed,Integration program
3895,2024-11-01,2,Guinea,Male,35-44,Master,Inactive,Asylum application
3910,2024-11-01,1,Tunisia,Male,45-54,Master,Employed,Employment support
3919,2024-11-01,2,Senegal,Male,18-24,Bachelor,Employed,Housing support
3951,2024-11-01,2,Tunisia,Female,18-24,Upper secondary,Unemployed,Employment support
3954,2024-11-01,6,Brazil,Male,35-44,Bachelor,Employed,Language training
3958,2024-11-01,2,Italy,Male,25-34,Doctorate,Employed,Employment support
4027,2024-11-01,7,Algeria,Female,55+,Bachelor,Inactive,Housing support
4038,2024-11-01,8,Afghanistan,Female,35-44,Master,Employed,Asylum application
4070,2024-11-01,1,Guinea,Male,18-24,Upper secondary,Employed,Asylum application
4097,2024-11-01,5,Côte d'Ivoire,Female,18-24,Bachelor,Employed,Employment support
4107,2024-11-01,7,Colombia,Female,25-34,Bachelor,Employed,Language training
4125,2024-11-01,7,Afghanistan,Male,25-34,Doctorate,Employed,Asylum application
4137,2024-11-01,6,Tunisia,Male,45-54,Bachelor,Unemployed,Housing support
4159,2024-11-01,1,India,Male,25-34,Bachelor,Unemployed,Housing support
4162,2024-11-01,6,Côte d'Ivoire,Male,35-44,Upper secondary,Employed,Asylum application
4207,2024-11-01,2,Italy,Female,35-44,Upper secondary,Unemployed,Integration program
4310,2024-11-01,10,India,Female,25-34,Bachelor,Unemployed,Housing support
4400,2024-11-01,4,Syria,Male,45-54,Master,Employed,Housing support
4435,2024-11-01,6,Algeria,Male,25-34,Bachelor,Employed,Housing support
4436,2024-11-01,9,Tunisia,Male,55+,Bachelor,Inactive,Housing support
4483,2024-11-01,1,China,Male,45-54,Master,Employed,Housing support
4490,2024-11-01,4,Georgia,Female,35-44,Bachelor,Employed,Asylum application
4491,2024-11-01,6,Brazil,Female,25-34,Bachelor,Employed,Employment support
4544,2024-11-01,1,Colombia,Female,45-54,Bachelor,Unemployed,Housing support
4589,2024-11-01,4,Afghanistan,Female,25-34,Bachelor,Unemployed,Asylum application
4610,2024-11-01,3,Algeria,Female,45-54,Doctorate,Unemployed,Employment support
4623,2024-11-01,1,Portugal,Female,55+,Bachelor,Unemployed,Asylum application
4687,2024-11-01,9,India,Male,45-54,Upper secondary,Unemployed,Language training
4719,2024-11-01,1,China,Male,18-24,Bachelor,Unemployed,Housing support
4775,2024-11-01,4,Guinea,Male,25-34,Lower secondary,Unemployed,Employment support
4861,2024-11-01,1,Bangladesh,Female,25-34,Bachelor,Inactive,Employment support
4926,2024-11-01,1,Syria,Female,25-34,Upper secondary,Unemployed,Language training
4931,2024-11-01,1,India,Female,25-34,Master,Unemployed,Housing support
4934,2024-11-01,3,Côte d'Ivoire,Male,35-44,Upper secondary,Inactive,Employment support
5041,2024-11-01,1,Afghanistan,Female,55+,Upper secondary,Unemployed,Employment support
5069,2024-11-01,1,Nigeria,Female,25-34,Upper secondary,Employed,Employment support
5163,2024-11-01,1,Portugal,Male,25-34,Lower secondary,Unemployed,Housing support
5167,2024-11-01,9,Nigeria,Male,18-24,Upper secondary,Employed,Language training
5257,2024-11-01,7,Portugal,Male,25-34,Bachelor,Employed,Integration program
5271,2024-11-01,4,Nigeria,Female,25-34,Doctorate,Employed,Employment support
5527,2024-11-01,1,Afghanistan,Male,18-24,Upper secondary,Inactive,Integration program
5545,2024-11-01,2,Turkey,Male,25-34,Bachelor,Employed,Housing support
5573,2024-11-01,1,India,Male,25-34,Bachelor,Employed,Language training
5593,2024-11-01,8,China,Female,55+,Bachelor,Employed,Asylum application
5594,2024-11-01,6,Senegal,Female,35-44,Lower secondary,Unemployed,Employment support
5646,2024-11-01,6,Georgia,Male,25-34,Upper secondary,Employed,Integration program
5672,2024-11-01,4,Portugal,Female,35-44,Master,Employed,Employment support
5717,2024-11-01,7,Italy,Male,25-34,Master,Employed,Employment support
5753,2024-11-01,5,Portugal,Male,35-44,Master,Inactive,Language training
5758,2024-11-01,9,India,Female,25-34,Bachelor,Unemployed,Asylum application
5824,2024-11-01,7,Bangladesh,Female,35-44,Upper secondary,Inactive,Asylum application
5905,2024-11-01,1,Senegal,Male,25-34,Bachelor,Unemployed,Language training
5965,2024-11-01,5,Italy,Female,25-34,Bachelor,Employed,Language training
61,2024-12-01,9,Syria,Male,35-44,Bachelor,Employed,Employment support
122,2024-12-01,1,Syria,Male,25-34,Bachelor,Inactive,Housing support
130,2024-12-01,1,Brazil,Male,18-24,Bachelor,Unemployed,Integration program
163,2024-12-01,3,Nigeria,Female,25-34,Upper secondary,Employed,Integration program
193,2024-12-01,2,Syria,Male,25-34,Lower secondary,Employed,Employment support
314,2024-12-01,1,Nigeria,Male,25-34,Upper secondary,Employed,Asylum application
321,2024-12-01,7,Côte d'Ivoire,Male,25-34,Master,Employed,Integration program
324,2024-12-01,1,Afghanistan,Female,18-24,Bachelor,Employed,Housing support
342,2024-12-01,1,Nigeria,Male,55+,Doctorate,Unemployed,Language training
468,2024-12-01,7,India,Male,45-54,Doctorate,Employed,Language training
520,2024-12-01,8,Other,Male,25-34,Master,Employed,Housing support
525,2024-12-01,7,Colombia,Female,25-34,Lower secondary,Unemployed,Employment support
535,2024-12-01,3,Nigeria,Male,25-34,Lower secondary,Employed,Language training
602,2024-12-01,3,China,Male,18-24,Master,Unemployed,Integration program
610,2024-12-01,3,Morocco,Female,18-24,Upper secondary,Inactive,Integration program
612,2024-12-01,1,Côte d'Ivoire,Male,25-34,Bachelor,Employed,Employment support
684,2024-12-01,8,Nigeria,Male,45-54,Bachelor,Employed,Integration program
690,2024-12-01,3,Other,Male,35-44,Bachelor,Employed,Asylum application
696,2024-12-01,6,India,Female,25-34,Bachelor,Unemployed,Asylum application
802,2024-12-01,6,India,Male,35-44,Upper secondary,Unemployed,Integration program
914,2024-12-01,8,Portugal,Female,45-54,Doctorate,Unemployed,Employment support
941,2024-12-01,5,Italy,Male,35-44,Upper secondary,Unemployed,Housing support
953,2024-12-01,9,Spain,Male,18-24,Upper secondary,Employed,Housing support
1019,2024-12-01,7,Portugal,Male,18-24,Lower secondary,Unemployed,Employment support
1047,2024-12-01,2,Colombia,Female,25-34,Upper secondary,Unemployed,Housing support
1086,2024-12-01,3,Guinea,Female,45-54,Master,Employed,Employment support
1124,2024-12-01,1,Italy,Female,45-54,Upper secondary,Unemployed,Integration program
1197,2024-12-01,5,Italy,Male,25-34,Upper secondary,Unemployed,Asylum application
1264,2024-12-01,7,Spain,Female,18-24,Doctorate,Employed,Integration program
1387,2024-12-01,4,Colombia,Male,35-44,Bachelor,Employed,Employment support
1526,2024-12-01,5,Brazil,Male,25-34,Upper secondary,Employed,Integration program
1709,2024-12-01,1,Bangladesh,Female,25-34,Master,Inactive,Employment support
1759,2024-12-01,4,Turkey,Male,25-34,Master,Employed,Employment support
1794,2024-12-01,3,Bangladesh,Female,25-34,Bachelor,Employed,Language training
1803,2024-12-01,2,Bangladesh,Male,25-34,Lower secondary,Employed,Employment support
1835,2024-12-01,10,Senegal,Male,35-44,Upper secondary,Unemployed,Asylum application
1943,2024-12-01,1,Guinea,Female,35-44,Upper secondary,Unemployed,Language training
2035,2024-12-01,4,Morocco,Male,18-24,Lower secondary,Inactive,Employment support
2156,2024-12-01,8,Morocco,Male,55+,Master,Unemployed,Employment support
2166,2024-12-01,2,Syria,Male,35-44,Upper secondary,Employed,Asylum application
2209,2024-12-01,9,Turkey,Female,35-44,Upper secondary,Employed,Integration program
2266,2024-12-01,1,Nigeria,Female,55+,Lower secondary,Unemployed,Employment support
2301,2024-12-01,2,Syria,Female,35-44,Doctorate,Unemployed,Integration program
2398,2024-12-01,5,Other,Female,45-54,Upper secondary,Employed,Integration program
2402,2024-12-01,8,India,Male,25-34,Master,Employed,Language training
2458,2024-12-01,6,Portugal,Male,45-54,Lower secondary,Employed,Asylum application
2479,2024-12-01,2,Turkey,Female,25-34,Upper secondary,Employed,Integration program
2546,2024-12-01,6,Italy,Male,35-44,Upper secondary,Unemployed,Employment support
2593,2024-12-01,1,Colombia,Male,45-54,Bachelor,Unemployed,Housing support
2611,2024-12-01,9,Bangladesh,Male,25-34,Master,Employed,Employment support
2637,2024-12-01,2,Côte d'Ivoire,Male,25-34,Bachelor,Unemployed,Language training
2680,2024-12-01,1,Bangladesh,Female,35-44,Upper secondary,Unemployed,Employment support
2699,2024-12-01,5,Nigeria,Male,25-34,Upper secondary,Employed,Housing support
2723,2024-12-01,2,Côte d'Ivoire,Male,45-54,Upper secondary,Unemployed,Asylum application
2767,2024-12-01,3,Bangladesh,Female,45-54,Upper secondary,Employed,Integration program
2768,2024-12-01,2,Nigeria,Male,55+,Bachelor,Employed,Asylum application
2773,2024-12-01,2,Spain,Male,35-44,Master,Employed,Housing support
2855,2024-12-01,1,Morocco,Female,35-44,Master,Unemployed,Housing support
2931,2024-12-01,7,Other,Male,35-44,Bachelor,Employed,Asylum application
3086,2024-12-01,5,Colombia,Male,18-24,Upper secondary,Inactive,Housing support
3102,2024-12-01,2,Afghanistan,Male,35-44,Upper secondary,Employed,Language training
3154,2024-12-01,7,Bangladesh,Male,55+,Lower secondary,Employed,Employment support
3262,2024-12-01,7,Ukraine,Male,18-24,Bachelor,Unemployed,Language training
3305,2024-12-01,1,Senegal,Female,18-24,Bachelor,Employed,Language training
3338,2024-12-01,4,Ukraine,Male,35-44,Master,Employed,Asylum application
3443,2024-12-01,1,Bangladesh,Male,35-44,Lower secondary,Unemployed,Housing support
3460,2024-12-01,6,Bangladesh,Male,55+,Master,Employed,Employment support
3504,2024-12-01,10,Nigeria,Male,25-34,Bachelor,Unemployed,Integration program
3535,2024-12-01,5,Brazil,Female,55+,Bachelor,Inactive,Integration program
3578,2024-12-01,2,Spain,Female,35-44,Upper secondary,Employed,Asylum application
3609,2024-12-01,3,Colombia,Male,55+,Upper secondary,Employed,Housing support
3659,2024-12-01,2,Portugal,Male,55+,Master,Inactive,Housing support
3661,2024-12-01,2,Côte d'Ivoire,Male,25-34,Upper secondary,Inactive,Language training
3679,2024-12-01,1,Georgia,Male,25-34,Upper secondary,Unemployed,Integration program
3752,2024-12-01,1,Bangladesh,Female,45-54,Bachelor,Unemployed,Housing support
3763,2024-12-01,1,Spain,Female,45-54,Lower secondary,Unemployed,Asylum application
3927,2024-12-01,1,Portugal,Male,35-44,Bachelor,Inactive,Employment support
3933,2024-12-01,1,Portugal,Male,35-44,Bachelor,Employed,Integration program
3971,2024-12-01,3,Ukraine,Male,45-54,Doctorate,Employed,Housing support
4002,2024-12-01,10,Nigeria,Male,35-44,Upper secondary,Employed,Asylum application
4093,2024-12-01,3,Bangladesh,Male,25-34,Master,Employed,Language training
4184,2024-12-01,2,Afghanistan,Male,18-24,Bachelor,Employed,Employment support
4270,2024-12-01,5,Côte d'Ivoire,Male,25-34,Master,Inactive,Housing support
4292,2024-12-01,9,Côte d'Ivoire,Female,45-54,Lower secondary,Employed,Employment support
4349,2024-12-01,4,Colombia,Female,25-34,Bachelor,Inactive,Housing support
4360,2024-12-01,1,India,Female,35-44,Master,Unemployed,Language training
4364,2024-12-01,3,Nigeria,Male,35-44,Doctorate,Employed,Asylum application
4463,2024-12-01,1,Portugal,Male,18-24,Upper secondary,Employed,Language training
4679,2024-12-01,4,Tunisia,Female,18-24,Lower secondary,Unemployed,Language training
4764,2024-12-01,1,Colombia,Male,45-54,Bachelor,Employed,Housing support
4771,2024-12-01,6,Spain,Male,18-24,Bachelor,Unemployed,Integration program
4942,2024-12-01,5,Other,Female,55+,Lower secondary,Unemployed,Asylum application
4952,2024-12-01,8,India,Male,55+,Master,Inactive,Housing support
4965,2024-12-01,6,Côte d'Ivoire,Male,35-44,Upper secondary,Unemployed,Integration program
4996,2024-12-01,1,Spain,Male,45-54,Upper secondary,Employed,Housing support
4997,2024-12-01,6,Turkey,Male,25-34,Upper secondary,Unemployed,Employment support
5012,2024-12-01,2,Côte d'Ivoire,Female,45-54,Bachelor,Employed,Employment support
5087,2024-12-01,1,Other,Male,45-54,Master,Employed,Housing support
5116,2024-12-01,2,Spain,Male,35-44,Master,Unemployed,Employment support
5199,2024-12-01,7,Afghanistan,Male,25-34,Master,Employed,Asylum application
5258,2024-12-01,1,China,Female,25-34,Upper secondary,Employed,Employment support
5337,2024-12-01,7,China,Male,25-34,Bachelor,Unemployed,Language training
5364,2024-12-01,3,Turkey,Male,25-34,Master,Employed,Employment support
5608,2024-12-01,6,Senegal,Female,25-34,Bachelor,Employed,Employment support
5761,2024-12-01,5,China,Male,25-34,Lower secondary,Unemployed,Housing support
5808,2024-12-01,3,Italy,Female,35-44,Master,Inactive,Language training
5930,2024-12-01,10,Portugal,Male,45-54,Lower secondary,Unemployed,Asylum application
5964,2024-12-01,5,Spain,Male,25-34,Upper secondary,Unemployed,Integration program
5974,2024-12-01,5,Ukraine,Female,25-34,Doctorate,Unemployed,Integration program
9,2025-01-01,4,Other,Female,45-54,Lower secondary,Unemployed,Asylum application
12,2025-01-01,9,Algeria,Female,35-44,Master,Employed,Asylum application
22,2025-01-01,10,Guinea,Female,45-54,Upper secondary,Employed,Integration program
161,2025-01-01,1,Ukraine,Female,35-44,Lower secondary,Employed,Employment support
165,2025-01-01,1,Côte d'Ivoire,Female,45-54,Bachelor,Employed,Language training
182,2025-01-01,1,Senegal,Female,35-44,Master,Inactive,Asylum application
249,2025-01-01,1,China,Female,35-44,Upper secondary,Inactive,Asylum application
311,2025-01-01,8,Senegal,Female,25-34,Bachelor,Unemployed,Employment support
344,2025-01-01,4,Morocco,Female,25-34,Bachelor,Unemployed,Employment support
355,2025-01-01,1,Afghanistan,Male,25-34,Bachelor,Employed,Asylum application
357,2025-01-01,8,Nigeria,Female,25-34,Master,Unemployed,Language training
424,2025-01-01,7,Portugal,Female,45-54,Lower secondary,Employed,Integration program
524,2025-01-01,10,Italy,Male,25-34,Bachelor,Employed,Asylum application
919,2025-01-01,1,Morocco,Male,25-34,Upper secondary,Employed,Housing support
944,2025-01-01,4,Algeria,Female,35-44,Upper secondary,Unemployed,Employment support
1014,2025-01-01,1,Nigeria,Female,35-44,Doctorate,Employed,Language training
1017,2025-01-01,1,Other,Female,25-34,Bachelor,Unemployed,Asylum application
1032,2025-01-01,2,Tunisia,Male,25-34,Bachelor,Employed,Integration program
1071,2025-01-01,3,Ukraine,Male,35-44,Master,Employed,Language training
1120,2025-01-01,4,Spain,Male,35-44,Master,Employed,Housing support
1142,2025-01-01,8,Georgia,Female,35-44,Master,Employed,Asylum application
1279,2025-01-01,1,Brazil,Male,35-44,Master,Employed,Asylum application
1329,2025-01-01,6,Georgia,Male,25-34,Upper secondary,Employed,Integration program
1351,2025-01-01,1,Nigeria,Male,18-24,Master,Unemployed,Integration program
1447,2025-01-01,2,Spain,Male,35-44,Master,Unemployed,Housing support
1482,2025-01-01,3,Portugal,Female,55+,Lower secondary,Employed,Employment support
1622,2025-01-01,1,Côte d'Ivoire,Female,45-54,Bachelor,Employed,Integration program
1624,2025-01-01,1,Turkey,Female,25-34,Lower secondary,Unemployed,Employment support
1747,2025-01-01,3,Syria,Female,35-44,Master,Inactive,Asylum application
1769,2025-01-01,3,Bangladesh,Female,55+,Lower secondary,Unemployed,Language training
1830,2025-01-01,1,India,Male,25-34,Bachelor,Employed,Integration program
1858,2025-01-01,7,Spain,Female,25-34,Upper secondary,Employed,Asylum application
1867,2025-01-01,6,Georgia,Female,18-24,Doctorate,Employed,Housing support
1868,2025-01-01,5,Afghanistan,Male,25-34,Upper secondary,Unemployed,Employment support
1926,2025-01-01,2,Italy,Female,25-34,Lower secondary,Unemployed,Integration program
1934,2025-01-01,4,Ukraine,Male,25-34,Master,Employed,Integration program
1987,2025-01-01,1,Tunisia,Female,55+,Upper secondary,Employed,Integration program
1991,2025-01-01,4,Ukraine,Male,35-44,Lower secondary,Inactive,Language training
2012,2025-01-01,1,Brazil,Female,35-44,Upper secondary,Employed,Asylum application
2031,2025-01-01,10,Spain,Female,35-44,Lower secondary,Inactive,Employment support
2064,2025-01-01,7,Afghanistan,Female,45-54,Lower secondary,Unemployed,Integration program
2080,2025-01-01,1,Senegal,Male,55+,Lower secondary,Inactive,Housing support
2103,2025-01-01,6,Senegal,Male,45-54,Master,Unemployed,Asylum application
2136,2025-01-01,2,Brazil,Male,25-34,Bachelor,Employed,Housing support
2161,2025-01-01,1,Afghanistan,Male,25-34,Upper secondary,Employed,Language training
2261,2025-01-01,7,Spain,Male,25-34,Bachelor,Employed,Integration program
2358,2025-01-01,4,Afghanistan,Male,18-24,Bachelor,Inactive,Housing support
2377,2025-01-01,8,Italy,Male,45-54,Master,Employed,Asylum application
2409,2025-01-01,5,Morocco,Female,45-54,Upper secondary,Employed,Housing support
2417,2025-01-01,1,Turkey,Female,55+,Upper secondary,Unemployed,Employment support
2422,2025-01-01,1,Italy,Female,45-54,Upper secondary,Unemployed,Employment support
2435,2025-01-01,6,Spain,Male,45-54,Bachelor,Employed,Asylum application
2464,2025-01-01,6,Other,Female,45-54,Bachelor,Employed,Housing support
2547,2025-01-01,1,Other,Female,45-54,Doctorate,Employed,Integration program
2566,2025-01-01,1,Ukraine,Female,25-34,Upper secondary,Unemployed,Employment support
2633,2025-01-01,10,Nigeria,Female,18-24,Master,Unemployed,Housing support
2643,2025-01-01,10,Algeria,Male,18-24,Bachelor,Unemployed,Asylum application
2746,2025-01-01,5,Portugal,Female,25-34,Master,Unemployed,Asylum application
2751,2025-01-01,10,Italy,Female,45-54,Upper secondary,Employed,Housing support
2806,2025-01-01,2,Syria,Female,35-44,Upper secondary,Inactive,Housing support
2813,2025-01-01,1,Italy,Female,35-44,Bachelor,Unemployed,Integration program
2872,2025-01-01,6,Bangladesh,Male,45-54,Bachelor,Unemployed,Integration program
3144,2025-01-01,1,Algeria,Male,35-44,Lower secondary,Inactive,Integration program
3270,2025-01-01,4,Syria,Female,45-54,Lower secondary,Employed,Integration program
3390,2025-01-01,1,Other,Male,18-24,Upper secondary,Employed,Housing support
3481,2025-01-01,9,Nigeria,Female,55+,Upper secondary,Employed,Housing support
3500,2025-01-01,1,Ukraine,Female,25-34,Master,Employed,Integration program
3522,2025-01-01,2,Guinea,Female,35-44,Master,Employed,Asylum application
3523,2025-01-01,7,Spain,Female,18-24,Lower secondary,Unemployed,Integration program
3529,2025-01-01,3,India,Male,45-54,Master,Employed,Employment support
3567,2025-01-01,5,Italy,Female,25-34,Master,Employed,Integration program
3672,2025-01-01,7,Italy,Male,55+,Bachelor,Employed,Employment support
3683,2025-01-01,3,Georgia,Male,55+,Upper secondary,Employed,Asylum application
3691,2025-01-01,6,Morocco,Female,25-34,Lower secondary,Employed,Employment support
3716,2025-01-01,5,Spain,Male,35-44,Master,Employed,Employment support
3761,2025-01-01,1,Côte d'Ivoire,Female,45-54,Doctorate,Employed,Asylum application
3775,2025-01-01,7,Morocco,Male,45-54,Master,Employed,Employment support
3777,2025-01-01,1,China,Female,18-24,Bachelor,Employed,Language training
3784,2025-01-01,2,Bangladesh,Male,25-34,Upper secondary,Employed,Housing support
3809,2025-01-01,1,Morocco,Female,25-34,Doctorate,Employed,Integration program
3948,2025-01-01,3,Afghanistan,Female,25-34,Lower secondary,Employed,Asylum application
3975,2025-01-01,3,Other,Male,35-44,Lower secondary,Inactive,Asylum application
4051,2025-01-01,2,Côte d'Ivoire,Male,18-24,Doctorate,Unemployed,Housing support
4066,2025-01-01,4,Syria,Female,55+,Master,Unemployed,Housing support
4182,2025-01-01,1,Colombia,Female,35-44,Lower secondary,Unemployed,Employment support
4250,2025-01-01,10,Portugal,Female,55+,Master,Unemployed,Integration program
4269,2025-01-01,6,Ukraine,Female,45-54,Master,Unemployed,Language training
4279,2025-01-01,9,Tunisia,Female,18-24,Upper secondary,Unemployed,Integration program
4316,2025-01-01,3,Colombia,Female,45-54,Bachelor,Unemployed,Housing support
4328,2025-01-01,5,India,Female,25-34,Master,Employed,Integration program
4332,2025-01-01,4,Afghanistan,Male,45-54,Doctorate,Employed,Language training
4383,2025-01-01,1,Guinea,Female,18-24,Upper secondary,Unemployed,Asylum application
4430,2025-01-01,2,Tunisia,Female,35-44,Lower secondary,Employed,Integration program
4514,2025-01-01,2,Afghanistan,Male,25-34,Lower secondary,Unemployed,Housing support
4542,2025-01-01,7,Georgia,Male,35-44,Lower secondary,Unemployed,Employment support
4575,2025-01-01,2,Ukraine,Male,45-54,Master,Unemployed,Employment support
4876,2025-01-01,2,Côte d'Ivoire,Female,35-44,Bachelor,Employed,Integration program
4889,2025-01-01,1,Algeria,Male,25-34,Upper secondary,Employed,Housing support
4916,2025-01-01,1,Colombia,Female,55+,Master,Employed,Language training
5001,2025-01-01,1,Algeria,Female,45-54,Upper secondary,Inactive,Language training
5039,2025-01-01,2,Colombia,Female,35-44,Master,Employed,Integration program
5159,2025-01-01,1,Georgia,Male,25-34,Bachelor,Unemployed,Asylum application
5191,2025-01-01,3,Côte d'Ivoire,Male,25-34,Bachelor,Employed,Language training
5296,2025-01-01,6,Nigeria,Female,45-54,Bachelor,Unemployed,Language training
5307,2025-01-01,4,Guinea,Female,25-34,Doctorate,Employed,Language training
5397,2025-01-01,7,Italy,Male,45-54,Upper secondary,Employed,Housing support
5436,2025-01-01,2,Portugal,Male,35-44,Lower secondary,Unemployed,Asylum application
5455,2025-01-01,3,Colombia,Female,45-54,Doctorate,Employed,Employment support
5500,2025-01-01,4,Colombia,Male,25-34,Upper secondary,Employed,Employment support
5550,2025-01-01,7,Turkey,Female,35-44,Bachelor,Employed,Housing support
5588,2025-01-01,1,Senegal,Male,25-34,Upper secondary,Employed,Asylum application
5619,2025-01-01,6,Ukraine,Female,25-34,Bachelor,Unemployed,Housing support
5785,2025-01-01,3,Senegal,Male,35-44,Upper secondary,Employed,Integration program
5823,2025-01-01,2,Senegal,Male,45-54,Bachelor,Employed,Language training
5877,2025-01-01,6,Spain,Female,45-54,Bachelor,Employed,Language training
5888,2025-01-01,7,Ukraine,Female,18-24,Upper secondary,Unemployed,Asylum application
5896,2025-01-01,5,Algeria,Female,25-34,Master,Inactive,Employment support
5947,2025-01-01,3,China,Female,25-34,Lower secondary,Employed,Asylum application
7,2025-02-01,2,Morocco,Female,35-44,Master,Employed,Employment support
29,2025-02-01,7,Afghanistan,Female,55+,Upper secondary,Employed,Housing support
171,2025-02-01,3,Guinea,Female,55+,Upper secondary,Unemployed,Asylum application
179,2025-02-01,1,Portugal,Female,25-34,Master,Employed,Employment support
198,2025-02-01,7,Colombia,Male,25-34,Master,Employed,Integration program
290,2025-02-01,4,Colombia,Female,45-54,Lower secondary,Employed,Housing support
322,2025-02-01,3,Morocco,Male,25-34,Bachelor,Employed,Asylum application
328,2025-02-01,7,Senegal,Male,35-44,Bachelor,Employed,Integration program
331,2025-02-01,6,Senegal,Female,25-34,Master,Employed,Integration program
347,2025-02-01,5,Algeria,Male,55+,Doctorate,Employed,Asylum application
444,2025-02-01,7,Côte d'Ivoire,Male,45-54,Upper secondary,Employed,Integration program
461,2025-02-01,1,Italy,Male,25-34,Bachelor,Inactive,Housing support
466,2025-02-01,1,Other,Male,45-54,Bachelor,Unemployed,Employment support
492,2025-02-01,4,Senegal,Male,35-44,Bachelor,Employed,Housing support
533,2025-02-01,5,Ukraine,Male,35-44,Upper secondary,Employed,Employment support
557,2025-02-01,1,Other,Female,45-54,Upper secondary,Employed,Language training
570,2025-02-01,8,Turkey,Female,45-54,Bachelor,Employed,Employment support
611,2025-02-01,1,Other,Female,35-44,Bachelor,Unemployed,Employment support
619,2025-02-01,5,Brazil,Male,25-34,Lower secondary,Employed,Asylum application
637,2025-02-01,1,China,Female,18-24,Bachelor,Employed,Integration program
664,2025-02-01,5,Guinea,Male,45-54,Lower secondary,Inactive,Language training
704,2025-02-01,4,Afghanistan,Female,18-24,Master,Unemployed,Asylum application
789,2025-02-01,7,China,Male,45-54,Master,Inactive,Integration program
930,2025-02-01,6,Other,Male,55+,Master,Employed,Housing support
1009,2025-02-01,3,Afghanistan,Male,18-24,Bachelor,Unemployed,Language training
1164,2025-02-01,6,Guinea,Female,45-54,Upper secondary,Employed,Language training
1214,2025-02-01,7,Ukraine,Male,35-44,Upper secondary,Employed,Housing support
1231,2025-02-01,6,China,Male,25-34,Upper secondary,Employed,Integration program
1272,2025-02-01,1,Colombia,Male,55+,Upper secondary,Unemployed,Asylum application
1285,2025-02-01,2,Georgia,Male,55+,Master,Unemployed,Asylum application
1304,2025-02-01,3,Brazil,Female,35-44,Upper secondary,Unemployed,Housing support
1485,2025-02-01,5,Guinea,Male,25-34,Bachelor,Employed,Language training
1617,2025-02-01,3,Côte d'Ivoire,Female,25-34,Lower secondary,Employed,Asylum application
1664,2025-02-01,3,Guinea,Female,55+,Upper secondary,Employed,Employment support
1710,2025-02-01,1,Senegal,Female,35-44,Upper secondary,Employed,Housing support
1730,2025-02-01,6,Ukraine,Female,25-34,Upper secondary,Unemployed,Asylum application
1780,2025-02-01,5,Portugal,Male,35-44,Bachelor,Employed,Integration program
1786,2025-02-01,5,India,Female,55+,Master,Unemployed,Integration program
1823,2025-02-01,3,Guinea,Male,25-34,Bachelor,Employed,Housing support
1870,2025-02-01,6,Nigeria,Male,35-44,Master,Unemployed,Integration program
1900,2025-02-01,4,Turkey,Male,25-34,Lower secondary,Unemployed,Housing support
1912,2025-02-01,2,Syria,Male,25-34,Upper secondary,Employed,Housing support
1957,2025-02-01,6,Algeria,Female,25-34,Bachelor,Employed,Housing support
2019,2025-02-01,5,India,Male,25-34,Bachelor,Employed,Integration program
2149,2025-02-01,5,China,Male,45-54,Master,Employed,Integration program
2199,2025-02-01,7,Afghanistan,Female,25-34,Upper secondary,Unemployed,Language training
2249,2025-02-01,2,Portugal,Male,25-34,Upper secondary,Employed,Asylum application
2288,2025-02-01,1,Algeria,Male,55+,Master,Employed,Asylum application
2324,2025-02-01,4,Italy,Female,55+,Lower secondary,Unemployed,Integration program
2327,2025-02-01,10,Bangladesh,Female,35-44,Upper secondary,Employed,Asylum application
2342,2025-02-01,1,Portugal,Female,35-44,Lower secondary,Employed,Employment support
2376,2025-02-01,4,Ukraine,Female,35-44,Lower secondary,Inactive,Housing support
2412,2025-02-01,4,Portugal,Female,35-44,Doctorate,Employed,Housing support
2488,2025-02-01,6,Guinea,Male,18-24,Master,Unemployed,Integration program
2571,2025-02-01,10,Georgia,Female,35-44,Lower secondary,Unemployed,Language training
2626,2025-02-01,8,Turkey,Female,18-24,Upper secondary,Employed,Housing support
2670,2025-02-01,2,Nigeria,Female,45-54,Bachelor,Employed,Employment support
2694,2025-02-01,1,Afghanistan,Male,18-24,Doctorate,Employed,Asylum application
2717,2025-02-01,1,India,Male,25-34,Bachelor,Employed,Employment support
2718,2025-02-01,8,Guinea,Male,18-24,Doctorate,Unemployed,Employment support
2727,2025-02-01,5,India,Female,55+,Master,Employed,Housing support
2760,2025-02-01,7,Portugal,Male,25-34,Bachelor,Employed,Integration program
2837,2025-02-01,3,Ukraine,Female,35-44,Bachelor,Employed,Asylum application
2944,2025-02-01,1,Guinea,Female,45-54,Upper secondary,Employed,Integration program
2962,2025-02-01,4,Italy,Female,25-34,Doctorate,Employed,Housing support
2971,2025-02-01,9,Afghanistan,Male,45-54,Bachelor,Unemployed,Housing support
3029,2025-02-01,3,Nigeria,Male,18-24,Bachelor,Inactive,Housing support
3031,2025-02-01,4,Senegal,Female,25-34,Master,Unemployed,Integration program
3052,2025-02-01,10,Syria,Male,35-44,Lower secondary,Unemployed,Integration program
3074,2025-02-01,6,Afghanistan,Male,35-44,Bachelor,Employed,Housing support
3124,2025-02-01,9,Senegal,Female,25-34,Bachelor,Unemployed,Employment support
3141,2025-02-01,6,China,Male,25-34,Upper secondary,Inactive,Housing support
3159,2025-02-01,5,Brazil,Female,25-34,Master,Employed,Asylum application
3209,2025-02-01,1,Guinea,Male,25-34,Lower secondary,Employed,Housing support
3260,2025-02-01,1,Côte d'Ivoire,Male,25-34,Lower secondary,Employed,Integration program
3279,2025-02-01,10,Turkey,Male,25-34,Upper secondary,Unemployed,Language training
3375,2025-02-01,7,Algeria,Female,35-44,Bachelor,Unemployed,Asylum application
3383,2025-02-01,4,Spain,Female,35-44,Master,Unemployed,Employment support
3475,2025-02-01,5,Syria,Female,25-34,Bachelor,Employed,Housing support
3538,2025-02-01,3,Côte d'Ivoire,Female,25-34,Bachelor,Employed,Language training
3638,2025-02-01,3,Syria,Female,45-54,Upper secondary,Employed,Employment support
3667,2025-02-01,3,Brazil,Female,55+,Upper secondary,Unemployed,Asylum application
3746,2025-02-01,6,Brazil,Male,45-54,Bachelor,Employed,Integration program
3955,2025-02-01,4,Afghanistan,Female,35-44,Lower secondary,Inactive,Language training
3974,2025-02-01,2,Senegal,Male,25-34,Upper secondary,Employed,Housing support
4018,2025-02-01,1,Guinea,Female,45-54,Bachelor,Unemployed,Housing support
4141,2025-02-01,3,China,Female,18-24,Upper secondary,Inactive,Employment support
4145,2025-02-01,5,Ukraine,Male,35-44,Bachelor,Unemployed,Integration program
4173,2025-02-01,4,Afghanistan,Female,45-54,Doctorate,Employed,Employment support
4295,2025-02-01,6,Georgia,Male,18-24,Master,Employed,Housing support
4313,2025-02-01,2,Portugal,Male,35-44,Upper secondary,Inactive,Asylum application
4412,2025-02-01,9,Afghanistan,Male,18-24,Lower secondary,Unemployed,Language training
4444,2025-02-01,2,Other,Male,35-44,Master,Unemployed,Housing support
4445,2025-02-01,4,India,Male,35-44,Lower secondary,Employed,Language training
4454,2025-02-01,1,Spain,Female,25-34,Bachelor,Employed,Language training
4522,2025-02-01,6,Morocco,Male,45-54,Upper secondary,Employed,Asylum application
4536,2025-02-01,2,Other,Female,25-34,Lower secondary,Employed,Language training
4550,2025-02-01,5,Turkey,Male,35-44,Upper secondary,Employed,Employment support
4646,2025-02-01,5,Ukraine,Male,25-34,Doctorate,Employed,Asylum application
4647,2025-02-01,5,Turkey,Female,35-44,Master,Employed,Language training
4723,2025-02-01,6,Senegal,Female,18-24,Upper secondary,Employed,Integration program
4756,2025-02-01,7,Bangladesh,Female,25-34,Bachelor,Employed,Integration program
4846,2025-02-01,2,India,Male,55+,Upper secondary,Employed,Integration program
4884,2025-02-01,7,Turkey,Female,45-54,Upper secondary,Employed,Language training
4918,2025-02-01,1,Italy,Female,35-44,Bachelor,Employed,Integration program
4922,2025-02-01,3,Georgia,Male,35-44,Upper secondary,Unemployed,Employment support
4945,2025-02-01,6,India,Male,55+,Bachelor,Unemployed,Housing support
5010,2025-02-01,7,Afghanistan,Female,45-54,Upper secondary,Employed,Housing support
5052,2025-02-01,3,Côte d'Ivoire,Female,25-34,Upper secondary,Employed,Asylum application
5071,2025-02-01,8,Guinea,Male,55+,Upper secondary,Unemployed,Asylum application
5088,2025-02-01,1,Syria,Male,35-44,Upper secondary,Employed,Asylum application
5131,2025-02-01,1,Tunisia,Female,25-34,Upper secondary,Unemployed,Employment support
5147,2025-02-01,1,Morocco,Female,18-24,Master,Unemployed,Housing support
5148,2025-02-01,1,China,Male,18-24,Bachelor,Employed,Language training
5157,2025-02-01,4,Turkey,Male,55+,Upper secondary,Inactive,Language training
5189,2025-02-01,2,Other,Female,25-34,Master,Employed,Language training
5198,2025-02-01,1,Afghanistan,Male,25-34,Upper secondary,Employed,Asylum application
5290,2025-02-01,1,Côte d'Ivoire,Female,25-34,Bachelor,Employed,Language training
5314,2025-02-01,1,Nigeria,Female,25-34,Bachelor,Inactive,Integration program
5368,2025-02-01,4,Ukraine,Male,45-54,Master,Employed,Asylum application
5393,2025-02-01,9,Spain,Male,35-44,Doctorate,Employed,Employment support
5429,2025-02-01,2,Portugal,Female,18-24,Master,Employed,Language training
5430,2025-02-01,4,Côte d'Ivoire,Male,45-54,Bachelor,Employed,Language training
5478,2025-02-01,7,Portugal,Female,45-54,Bachelor,Employed,Language training
5556,2025-02-01,4,Turkey,Female,25-34,Master,Employed,Housing support
5560,2025-02-01,6,Algeria,Male,35-44,Lower secondary,Inactive,Employment support
5587,2025-02-01,4,Spain,Female,45-54,Bachelor,Inactive,Asylum application
5653,2025-02-01,10,Afghanistan,Female,35-44,Bachelor,Employed,Asylum application
5654,2025-02-01,1,Italy,Male,35-44,Upper secondary,Unemployed,Asylum application
5659,2025-02-01,10,Nigeria,Male,25-34,Lower secondary,Employed,Employment support
5667,2025-02-01,1,Other,Female,35-44,Upper secondary,Employed,Asylum application
5695,2025-02-01,6,Portugal,Female,25-34,Master,Employed,Integration program
5724,2025-02-01,1,Senegal,Male,25-34,Master,Employed,Housing support
5915,2025-02-01,9,Ukraine,Female,55+,Upper secondary,Inactive,Employment support
5996,2025-02-01,8,Guinea,Female,45-54,Upper secondary,Employed,Language training
4,2025-03-01,7,Spain,Female,25-34,Bachelor,Unemployed,Employment support
152,2025-03-01,10,Ukraine,Female,45-54,Master,Inactive,Integration program
243,2025-03-01,1,Tunisia,Female,18-24,Upper secondary,Unemployed,Housing support
257,2025-03-01,1,Algeria,Male,35-44,Master,Employed,Employment support
294,2025-03-01,1,Other,Female,55+,Lower secondary,Unemployed,Integration program
340,2025-03-01,2,India,Male,35-44,Doctorate,Employed,Integration program
452,2025-03-01,1,Tunisia,Female,25-34,Master,Unemployed,Employment support
455,2025-03-01,9,Nigeria,Male,35-44,Lower secondary,Unemployed,Housing support
569,2025-03-01,5,Italy,Male,35-44,Upper secondary,Unemployed,Language training
598,2025-03-01,3,China,Female,25-34,Bachelor,Employed,Housing support
653,2025-03-01,1,Syria,Male,35-44,Bachelor,Employed,Language training
678,2025-03-01,1,India,Male,45-54,Bachelor,Employed,Asylum application
693,2025-03-01,7,Brazil,Female,45-54,Upper secondary,Unemployed,Employment support
717,2025-03-01,1,Morocco,Male,45-54,Bachelor,Employed,Language training
725,2025-03-01,1,Other,Male,25-34,Lower secondary,Employed,Housing support
778,2025-03-01,3,Other,Male,35-44,Upper secondary,Employed,Employment support
822,2025-03-01,4,Italy,Male,55+,Bachelor,Employed,Housing support
838,2025-03-01,8,Tunisia,Female,35-44,Doctorate,Employed,Language training
887,2025-03-01,8,Georgia,Male,25-34,Upper secondary,Employed,Asylum application
970,2025-03-01,1,Italy,Female,35-44,Upper secondary,Employed,Language training
981,2025-03-01,3,Guinea,Female,55+,Doctorate,Employed,Housing support
1004,2025-03-01,1,Morocco,Male,35-44,Upper secondary,Employed,Asylum application
1075,2025-03-01,6,Tunisia,Female,45-54,Master,Employed,Language training
1076,2025-03-01,3,Côte d'Ivoire,Female,25-34,Upper secondary,Inactive,Asylum application
1093,2025-03-01,7,Portugal,Male,45-54,Upper secondary,Employed,Housing support
1095,2025-03-01,7,Côte d'Ivoire,Male,35-44,Bachelor,Employed,Language training
1096,2025-03-01,4,Ukraine,Male,25-34,Upper secondary,Unemployed,Housing support
1107,2025-03-01,4,Algeria,Male,35-44,Lower secondary,Unemployed,Asylum application
1131,2025-03-01,9,Senegal,Female,25-34,Doctorate,Employed,Integration program
1138,2025-03-01,1,Spain,Male,25-34,Upper secondary,Employed,Asylum application
1147,2025-03-01,7,Other,Male,25-34,Master,Inactive,Employment support
1187,2025-03-01,2,Tunisia,Female,25-34,Upper secondary,Employed,Employment support
1207,2025-03-01,3,Syria,Female,35-44,Bachelor,Employed,Language training
1240,2025-03-01,1,China,Female,45-54,Lower secondary,Employed,Asylum application
1260,2025-03-01,1,Italy,Male,18-24,Doctorate,Unemployed,Employment support
1274,2025-03-01,1,Ukraine,Female,25-34,Bachelor,Employed,Language training
1276,2025-03-01,9,Tunisia,Male,45-54,Upper secondary,Unemployed,Language training
1392,2025-03-01,8,Colombia,Male,18-24,Master,Unemployed,Employment support
1420,2025-03-01,1,Syria,Female,18-24,Doctorate,Employed,Employment support
1444,2025-03-01,7,Guinea,Female,25-34,Lower secondary,Unemployed,Integration program
1640,2025-03-01,7,Spain,Male,25-34,Bachelor,Employed,Employment support
1666,2025-03-01,8,Brazil,Female,25-34,Master,Employed,Housing support
1679,2025-03-01,4,Algeria,Female,55+,Master,Employed,Employment support
1717,2025-03-01,5,Ukraine,Male,35-44,Upper secondary,Unemployed,Language training
1720,2025-03-01,3,Afghanistan,Male,25-34,Master,Employed,Integration program
1828,2025-03-01,1,Nigeria,Female,25-34,Bachelor,Employed,Housing support
1843,2025-03-01,5,Algeria,Male,18-24,Upper secondary,Unemployed,Integration program
1883,2025-03-01,2,China,Male,25-34,Upper secondary,Employed,Asylum application
1935,2025-03-01,4,Nigeria,Female,35-44,Bachelor,Unemployed,Asylum application
1937,2025-03-01,2,Guinea,Male,25-34,Bachelor,Unemployed,Language training
1988,2025-03-01,1,Colombia,Female,55+,Bachelor,Unemployed,Language training
2124,2025-03-01,6,Bangladesh,Male,25-34,Upper secondary,Unemployed,Language training
2272,2025-03-01,8,Georgia,Male,25-34,Bachelor,Inactive,Housing support
2313,2025-03-01,1,Afghanistan,Female,18-24,Upper secondary,Unemployed,Housing support
2316,2025-03-01,3,Colombia,Male,35-44,Upper secondary,Employed,Integration program
2329,2025-03-01,1,Algeria,Male,45-54,Bachelor,Unemployed,Asylum application
2363,2025-03-01,7,India,Male,35-44,Bachelor,Unemployed,Employment support
2443,2025-03-01,10,Syria,Female,25-34,Upper secondary,Employed,Language training
2674,2025-03-01,10,Portugal,Male,25-34,Bachelor,Employed,Integration program
2700,2025-03-01,2,Spain,Female,18-24,Master,Employed,Asylum application
2822,2025-03-01,3,Senegal,Female,25-34,Bachelor,Employed,Integration program
2844,2025-03-01,8,Ukraine,Female,35-44,Upper secondary,Unemployed,Asylum application
2854,2025-03-01,3,Guinea,Female,35-44,Upper secondary,Employed,Employment support
2869,2025-03-01,2,Côte d'Ivoire,Female,25-34,Doctorate,Employed,Asylum application
2902,2025-03-01,1,Spain,Male,55+,Doctorate,Employed,Asylum application
2959,2025-03-01,5,Ukraine,Female,18-24,Upper secondary,Unemployed,Integration program
2981,2025-03-01,1,Morocco,Female,35-44,Bachelor,Employed,Housing support
2984,2025-03-01,9,Spain,Male,45-54,Bachelor,Employed,Asylum application
2987,2025-03-01,7,Italy,Male,25-34,Lower secondary,Inactive,Employment support
3049,2025-03-01,2,Portugal,Female,55+,Master,Employed,Integration program
3050,2025-03-01,1,Turkey,Male,25-34,Upper secondary,Unemployed,Language training
3057,2025-03-01,1,Morocco,Male,35-44,Bachelor,Unemployed,Housing support
3064,2025-03-01,1,India,Male,45-54,Master,Employed,Housing support
3118,2025-03-01,6,Brazil,Male,35-44,Bachelor,Unemployed,Employment support
3403,2025-03-01,1,Morocco,Female,35-44,Bachelor,Employed,Housing support
3444,2025-03-01,4,Tunisia,Male,25-34,Upper secondary,Employed,Integration program
3453,2025-03-01,2,Spain,Female,45-54,Lower secondary,Inactive,Language training
3484,2025-03-01,2,Algeria,Male,35-44,Bachelor,Employed,Integration program
3631,2025-03-01,6,Senegal,Male,45-54,Lower secondary,Unemployed,Language training
3670,2025-03-01,1,Brazil,Male,45-54,Bachelor,Employed,Housing support
3731,2025-03-01,7,Colombia,Female,25-34,Doctorate,Employed,Language training
3943,2025-03-01,1,Morocco,Male,45-54,Upper secondary,Employed,Language training
3992,2025-03-01,6,India,Female,25-34,Upper secondary,Unemployed,Housing support
4009,2025-03-01,5,Bangladesh,Female,25-34,Upper secondary,Unemployed,Employment support
4089,2025-03-01,1,Tunisia,Female,25-34,Lower secondary,Unemployed,Language training
4179,2025-03-01,2,Georgia,Male,25-34,Bachelor,Employed,Asylum application
4309,2025-03-01,6,Nigeria,Male,35-44,Doctorate,Unemployed,Language training
4351,2025-03-01,1,Morocco,Male,25-34,Upper secondary,Employed,Language training
4356,2025-03-01,10,India,Female,35-44,Bachelor,Employed,Language training
4363,2025-03-01,1,Nigeria,Male,25-34,Bachelor,Unemployed,Asylum application
4367,2025-03-01,9,Senegal,Male,45-54,Bachelor,Employed,Integration program
4456,2025-03-01,5,Spain,Female,45-54,Upper secondary,Unemployed,Integration program
4482,2025-03-01,1,Morocco,Male,18-24,Bachelor,Unemployed,Integration program
4487,2025-03-01,6,Nigeria,Female,18-24,Master,Employed,Employment support
4576,2025-03-01,1,Senegal,Male,35-44,Upper secondary,Employed,Housing support
4578,2025-03-01,5,Turkey,Female,25-34,Lower secondary,Employed,Asylum application
4658,2025-03-01,3,Italy,Male,45-54,Lower secondary,Employed,Employment support
4660,2025-03-01,6,Afghanistan,Male,35-44,Upper secondary,Employed,Housing support
4684,2025-03-01,3,Brazil,Female,45-54,Master,Employed,Asylum application
4693,2025-03-01,2,Morocco,Female,18-24,Bachelor,Unemployed,Employment support
4854,2025-03-01,7,Nigeria,Female,45-54,Lower secondary,Inactive,Integration program
4905,2025-03-01,3,India,Female,25-34,Bachelor,Employed,Asylum application
4970,2025-03-01,9,Brazil,Female,25-34,Bachelor,Employed,Employment support
5149,2025-03-01,6,Ukraine,Female,18-24,Master,Employed,Asylum application
5241,2025-03-01,3,Algeria,Male,45-54,Lower secondary,Employed,Employment support
5279,2025-03-01,6,Tunisia,Female,25-34,Upper secondary,Employed,Employment support
5294,2025-03-01,1,Guinea,Female,35-44,Bachelor,Employed,Integration program
5321,2025-03-01,10,China,Female,25-34,Lower secondary,Employed,Asylum application
5462,2025-03-01,4,Côte d'Ivoire,Female,25-34,Lower secondary,Employed,Integration program
5540,2025-03-01,1,Italy,Male,45-54,Lower secondary,Inactive,Language training
5546,2025-03-01,3,Turkey,Female,35-44,Upper secondary,Employed,Employment support
5627,2025-03-01,1,Tunisia,Male,25-34,Master,Employed,Language training
5634,2025-03-01,9,Nigeria,Male,25-34,Lower secondary,Unemployed,Language training
5674,2025-03-01,5,Côte d'Ivoire,Female,45-54,Bachelor,Employed,Asylum application
5766,2025-03-01,6,Ukraine,Female,18-24,Upper secondary,Employed,Housing support
5814,2025-03-01,1,Colombia,Female,55+,Bachelor,Employed,Housing support
5828,2025-03-01,9,Afghanistan,Male,25-34,Upper secondary,Employed,Language training
5862,2025-03-01,8,Guinea,Female,55+,Lower secondary,Unemployed,Integration program
5866,2025-03-01,6,Georgia,Female,35-44,Upper secondary,Unemployed,Language training
5882,2025-03-01,1,Algeria,Female,45-54,Upper secondary,Employed,Language training
5883,2025-03-01,6,Other,Female,35-44,Master,Employed,Language training
5893,2025-03-01,1,Turkey,Male,35-44,Bachelor,Unemployed,Housing support
5952,2025-03-01,1,Tunisia,Male,25-34,Bachelor,Inactive,Language training
5960,2025-03-01,7,Algeria,Male,25-34,Upper secondary,Unemployed,Integration program
5988,2025-03-01,7,Spain,Female,25-34,Upper secondary,Employed,Employment support
44,2025-04-01,1,Colombia,Female,55+,Upper secondary,Employed,Asylum application
120,2025-04-01,6,Senegal,Male,18-24,Bachelor,Employed,Asylum application
338,2025-04-01,4,Côte d'Ivoire,Male,25-34,Bachelor,Employed,Employment support
368,2025-04-01,2,Brazil,Male,25-34,Bachelor,Employed,Asylum application
380,2025-04-01,8,China,Male,25-34,Bachelor,Employed,Asylum application
402,2025-04-01,4,Côte d'Ivoire,Male,25-34,Master,Unemployed,Asylum application
405,2025-04-01,1,Afghanistan,Male,25-34,Doctorate,Unemployed,Employment support
487,2025-04-01,6,Morocco,Female,25-34,Bachelor,Employed,Asylum application
576,2025-04-01,2,India,Male,35-44,Bachelor,Employed,Language training
591,2025-04-01,3,Ukraine,Male,25-34,Master,Employed,Integration program
646,2025-04-01,3,Nigeria,Male,18-24,Master,Unemployed,Housing support
749,2025-04-01,5,Georgia,Male,25-34,Master,Employed,Housing support
780,2025-04-01,3,Afghanistan,Female,45-54,Master,Unemployed,Language training
890,2025-04-01,8,Morocco,Male,35-44,Bachelor,Employed,Housing support
909,2025-04-01,5,Algeria,Female,55+,Upper secondary,Employed,Integration program
911,2025-04-01,5,India,Male,45-54,Master,Employed,Asylum application
918,2025-04-01,4,Côte d'Ivoire,Female,35-44,Lower secondary,Unemployed,Employment support
1031,2025-04-01,7,Morocco,Male,18-24,Bachelor,Employed,Employment support
1090,2025-04-01,7,Morocco,Female,25-34,Bachelor,Inactive,Housing support
1244,2025-04-01,1,Bangladesh,Female,45-54,Lower secondary,Employed,Housing support
1295,2025-04-01,2,Turkey,Male,35-44,Upper secondary,Employed,Language training
1306,2025-04-01,2,Côte d'Ivoire,Male,25-34,Master,Employed,Employment support
1314,2025-04-01,7,Portugal,Male,35-44,Lower secondary,Unemployed,Employment support
1358,2025-04-01,2,Italy,Female,25-34,Bachelor,Employed,Integration program
1427,2025-04-01,6,Algeria,Male,55+,Lower secondary,Unemployed,Employment support
1446,2025-04-01,1,Algeria,Female,35-44,Bachelor,Employed,Integration program
1469,2025-04-01,1,Syria,Male,45-54,Bachelor,Employed,Language training
1537,2025-04-01,6,Brazil,Male,35-44,Master,Employed,Integration program
1595,2025-04-01,3,Senegal,Female,35-44,Master,Unemployed,Employment support
1614,2025-04-01,8,Senegal,Female,25-34,Upper secondary,Unemployed,Asylum application
1653,2025-04-01,5,Other,Male,35-44,Upper secondary,Employed,Language training
1661,2025-04-01,6,Algeria,Female,25-34,Upper secondary,Unemployed,Integration program
1741,2025-04-01,4,Afghanistan,Female,35-44,Upper secondary,Unemployed,Language training
1812,2025-04-01,5,Tunisia,Male,35-44,Upper secondary,Unemployed,Asylum application
1892,2025-04-01,1,Brazil,Male,55+,Master,Unemployed,Asylum application
1970,2025-04-01,3,India,Female,18-24,Bachelor,Unemployed,Employment support
1975,2025-04-01,9,Brazil,Female,45-54,Upper secondary,Employed,Language training
2060,2025-04-01,7,Brazil,Female,45-54,Lower secondary,Employed,Asylum application
2068,2025-04-01,1,Colombia,Male,25-34,Doctorate,Employed,Language training
2105,2025-04-01,1,Côte d'Ivoire,Male,35-44,Bachelor,Inactive,Integration program
2137,2025-04-01,6,Spain,Male,35-44,Upper secondary,Inactive,Asylum application
2147,2025-04-01,2,Italy,Male,25-34,Lower secondary,Employed,Language training
2157,2025-04-01,1,India,Female,45-54,Lower secondary,Unemployed,Housing support
2279,2025-04-01,7,Italy,Male,55+,Master,Employed,Housing support
2304,2025-04-01,1,Portugal,Male,25-34,Bachelor,Employed,Asylum application
2357,2025-04-01,5,Other,Female,35-44,Bachelor,Employed,Integration program
2416,2025-04-01,1,Other,Male,45-54,Lower secondary,Unemployed,Integration program
2467,2025-04-01,3,Afghanistan,Male,25-34,Master,Employed,Integration program
2553,2025-04-01,1,Brazil,Female,45-54,Bachelor,Employed,Employment support
2577,2025-04-01,3,Spain,Female,18-24,Bachelor,Unemployed,Housing support
2583,2025-04-01,2,Afghanistan,Male,35-44,Lower secondary,Unemployed,Housing support
2624,2025-04-01,4,Senegal,Female,35-44,Doctorate,Employed,Employment support
2698,2025-04-01,6,Spain,Male,25-34,Lower secondary,Unemployed,Employment support
2737,2025-04-01,9,Algeria,Male,35-44,Upper secondary,Unemployed,Integration program
2739,2025-04-01,1,Turkey,Male,45-54,Bachelor,Employed,Integration program
2807,2025-04-01,7,Colombia,Male,18-24,Upper secondary,Unemployed,Integration program
2814,2025-04-01,2,Syria,Female,55+,Lower secondary,Employed,Housing support
2815,2025-04-01,4,Bangladesh,Female,55+,Lower secondary,Employed,Integration program
2845,2025-04-01,1,Morocco,Female,45-54,Upper secondary,Employed,Housing support
2923,2025-04-01,4,Senegal,Male,18-24,Upper secondary,Employed,Integration program
2924,2025-04-01,3,Afghanistan,Male,25-34,Bachelor,Employed,Integration program
2989,2025-04-01,5,Portugal,Male,18-24,Upper secondary,Unemployed,Asylum application
3013,2025-04-01,10,Syria,Female,45-54,Master,Unemployed,Asylum application
3041,2025-04-01,2,Afghanistan,Female,18-24,Upper secondary,Employed,Language training
3197,2025-04-01,8,Afghanistan,Male,35-44,Bachelor,Unemployed,Integration program
3201,2025-04-01,9,Turkey,Female,25-34,Master,Employed,Housing support
3224,2025-04-01,7,Guinea,Male,35-44,Bachelor,Employed,Employment support
3246,2025-04-01,5,Portugal,Male,35-44,Bachelor,Unemployed,Asylum application
3272,2025-04-01,1,Brazil,Male,45-54,Bachelor,Unemployed,Asylum application
3409,2025-04-01,7,Bangladesh,Male,35-44,Bachelor,Employed,Asylum application
3416,2025-04-01,4,Portugal,Male,35-44,Upper secondary,Employed,Employment support
3434,2025-04-01,1,Ukraine,Female,25-34,Upper secondary,Unemployed,Employment support
3483,2025-04-01,2,Turkey,Female,55+,Master,Employed,Language training
3575,2025-04-01,1,China,Male,18-24,Upper secondary,Unemployed,Housing support
3648,2025-04-01,6,Colombia,Male,35-44,Upper secondary,Inactive,Employment support
3786,2025-04-01,6,Algeria,Female,35-44,Master,Employed,Housing support
3792,2025-04-01,7,China,Male,18-24,Upper secondary,Inactive,Integration program
3828,2025-04-01,2,Tunisia,Male,35-44,Upper secondary,Unemployed,Asylum application
3832,2025-04-01,1,Afghanistan,Female,25-34,Bachelor,Employed,Housing support
3845,2025-04-01,7,Georgia,Male,25-34,Doctorate,Unemployed,Integration program
3846,2025-04-01,3,China,Male,35-44,Bachelor,Employed,Employment support
3902,2025-04-01,1,Senegal,Female,25-34,Master,Employed,Housing support
3995,2025-04-01,1,Italy,Female,25-34,Upper secondary,Employed,Housing support
4033,2025-04-01,5,Tunisia,Female,45-54,Bachelor,Employed,Asylum application
4106,2025-04-01,6,Algeria,Male,25-34,Lower secondary,Employed,Employment support
4122,2025-04-01,7,Brazil,Female,25-34,Master,Unemployed,Asylum application
4266,2025-04-01,7,China,Male,25-34,Bachelor,Employed,Employment support
4285,2025-04-01,3,Other,Male,25-34,Master,Employed,Employment support
4288,2025-04-01,7,Italy,Female,45-54,Upper secondary,Employed,Employment support
4312,2025-04-01,5,China,Female,35-44,Master,Unemployed,Asylum application
4372,2025-04-01,1,Ukraine,Female,18-24,Lower secondary,Unemployed,Language training
4377,2025-04-01,2,China,Male,35-44,Bachelor,Employed,Employment support
4425,2025-04-01,1,Turkey,Female,35-44,Bachelor,Unemployed,Language training
4433,2025-04-01,2,Senegal,Female,25-34,Master,Unemployed,Language training
4438,2025-04-01,2,Georgia,Female,55+,Upper secondary,Inactive,Language training
4449,2025-04-01,2,Tunisia,Male,18-24,Bachelor,Employed,Language training
4452,2025-04-01,1,Other,Male,45-54,Doctorate,Employed,Language training
4461,2025-04-01,1,Georgia,Male,55+,Upper secondary,Employed,Housing support
4464,2025-04-01,9,Côte d'Ivoire,Male,35-44,Doctorate,Employed,Language training
4481,2025-04-01,3,Georgia,Female,55+,Bachelor,Unemployed,Housing support
4582,2025-04-01,1,China,Male,25-34,Master,Unemployed,Asylum application
4631,2025-04-01,1,Turkey,Male,25-34,Upper secondary,Employed,Employment support
4652,2025-04-01,7,China,Female,25-34,Master,Unemployed,Employment support
4720,2025-04-01,6,Brazil,Female,35-44,Lower secondary,Employed,Employment support
4732,2025-04-01,7,Morocco,Male,18-24,Master,Employed,Housing support
4759,2025-04-01,1,Guinea,Female,55+,Lower secondary,Unemployed,Housing support
4784,2025-04-01,10,Other,Male,25-34,Bachelor,Employed,Employment support
4834,2025-04-01,1,Syria,Female,35-44,Master,Unemployed,Housing support
4850,2025-04-01,9,Brazil,Male,35-44,Master,Employed,Integration program
4902,2025-04-01,1,Other,Female,25-34,Upper secondary,Employed,Housing support
4950,2025-04-01,1,China,Male,25-34,Bachelor,Employed,Asylum application
5049,2025-04-01,5,Nigeria,Male,25-34,Upper secondary,Employed,Asylum application
5105,2025-04-01,1,Tunisia,Female,45-54,Master,Employed,Language training
5124,2025-04-01,3,Guinea,Female,18-24,Bachelor,Inactive,Asylum application
5130,2025-04-01,3,Morocco,Male,45-54,Doctorate,Employed,Language training
5153,2025-04-01,2,Portugal,Male,25-34,Bachelor,Employed,Language training
5277,2025-04-01,5,Guinea,Female,25-34,Bachelor,Unemployed,Housing support
5466,2025-04-01,8,Spain,Female,45-54,Master,Employed,Housing support
5468,2025-04-01,4,Colombia,Female,25-34,Lower secondary,Employed,Language training
5656,2025-04-01,4,Georgia,Male,35-44,Upper secondary,Inactive,Language training
5704,2025-04-01,2,Turkey,Female,35-44,Master,Employed,Housing support
5713,2025-04-01,4,Côte d'Ivoire,Female,18-24,Doctorate,Unemployed,Housing support
5819,2025-04-01,1,Georgia,Male,18-24,Upper secondary,Unemployed,Integration program
5829,2025-04-01,1,Afghanistan,Female,25-34,Bachelor,Employed,Integration program
5998,2025-04-01,6,Other,Female,25-34,Master,Employed,Asylum application
39,2025-05-01,1,Portugal,Female,25-34,Upper secondary,Unemployed,Integration program
50,2025-05-01,1,Brazil,Male,35-44,Lower secondary,Unemployed,Asylum application
71,2025-05-01,8,India,Female,55+,Upper secondary,Unemployed,Housing support
115,2025-05-01,4,Nigeria,Male,25-34,Upper secondary,Unemployed,Asylum application
119,2025-05-01,1,China,Female,45-54,Upper secondary,Employed,Employment support
127,2025-05-01,6,Ukraine,Female,25-34,Upper secondary,Employed,Housing support
137,2025-05-01,1,Italy,Male,55+,Doctorate,Employed,Employment support
159,2025-05-01,10,Other,Male,18-24,Bachelor,Employed,Language training
220,2025-05-01,3,Portugal,Female,25-34,Upper secondary,Unemployed,Employment support
296,2025-05-01,5,Bangladesh,Female,45-54,Master,Inactive,Integration program
298,2025-05-01,1,Other,Female,35-44,Master,Employed,Language training
358,2025-05-01,6,Nigeria,Female,55+,Master,Employed,Housing support
360,2025-05-01,1,Portugal,Male,35-44,Bachelor,Unemployed,Language training
398,2025-05-01,2,Other,Female,25-34,Upper secondary,Employed,Asylum application
414,2025-05-01,4,Afghanistan,Female,55+,Master,Unemployed,Integration program
443,2025-05-01,1,Bangladesh,Female,45-54,Master,Employed,Employment support
792,2025-05-01,4,Morocco,Female,25-34,Upper secondary,Employed,Integration program
809,2025-05-01,4,Portugal,Male,25-34,Bachelor,Unemployed,Employment support
875,2025-05-01,1,Portugal,Male,25-34,Bachelor,Employed,Asylum application
908,2025-05-01,3,Afghanistan,Female,45-54,Lower secondary,Unemployed,Asylum application
933,2025-05-01,6,Nigeria,Male,35-44,Upper secondary,Employed,Integration program
946,2025-05-01,7,Nigeria,Female,45-54,Upper secondary,Employed,Employment support
977,2025-05-01,1,Senegal,Female,45-54,Bachelor,Unemployed,Employment support
1110,2025-05-01,7,Italy,Female,25-34,Upper secondary,Employed,Housing support
1112,2025-05-01,6,Portugal,Female,35-44,Upper secondary,Employed,Housing support
1335,2025-05-01,4,Ukraine,Male,25-34,Doctorate,Employed,Housing support
1347,2025-05-01,6,Algeria,Male,25-34,Upper secondary,Unemployed,Asylum application
1363,2025-05-01,1,Portugal,Female,45-54,Bachelor,Employed,Language training
1399,2025-05-01,4,Syria,Male,55+,Bachelor,Inactive,Housing support
1448,2025-05-01,8,Tunisia,Female,25-34,Bachelor,Employed,Language training
1501,2025-05-01,4,Portugal,Male,35-44,Bachelor,Unemployed,Housing support
1504,2025-05-01,6,China,Male,25-34,Upper secondary,Employed,Integration program
1569,2025-05-01,9,Colombia,Female,55+,Bachelor,Employed,Housing support
1618,2025-05-01,3,Nigeria,Male,35-44,Bachelor,Unemployed,Employment support
1646,2025-05-01,10,Brazil,Female,25-34,Bachelor,Unemployed,Integration program
1655,2025-05-01,7,Portugal,Male,25-34,Doctorate,Employed,Language training
1808,2025-05-01,8,Brazil,Male,25-34,Upper secondary,Employed,Asylum application
1815,2025-05-01,9,Syria,Male,35-44,Master,Employed,Housing support
1909,2025-05-01,2,Colombia,Female,35-44,Master,Employed,Language training
1941,2025-05-01,1,Tunisia,Female,25-34,Upper secondary,Unemployed,Asylum application
2007,2025-05-01,7,Spain,Male,35-44,Bachelor,Unemployed,Asylum application
2015,2025-05-01,1,Turkey,Female,18-24,Upper secondary,Inactive,Asylum application
2050,2025-05-01,2,Ukraine,Female,35-44,Upper secondary,Employed,Asylum application
2055,2025-05-01,3,Côte d'Ivoire,Female,55+,Upper secondary,Employed,Employment support
2071,2025-05-01,7,Portugal,Female,25-34,Master,Employed,Language training
2081,2025-05-01,4,Afghanistan,Female,25-34,Upper secondary,Employed,Asylum application
2092,2025-05-01,3,Côte d'Ivoire,Male,18-24,Master,Employed,Asylum application
2099,2025-05-01,5,Algeria,Female,25-34,Lower secondary,Unemployed,Housing support
2111,2025-05-01,2,Italy,Female,25-34,Bachelor,Unemployed,Asylum application
2135,2025-05-01,4,Portugal,Female,25-34,Bachelor,Unemployed,Language training
2170,2025-05-01,6,Colombia,Female,25-34,Bachelor,Unemployed,Employment support
2182,2025-05-01,1,Syria,Female,45-54,Doctorate,Inactive,Integration program
2185,2025-05-01,6,Italy,Male,25-34,Bachelor,Unemployed,Language training
2218,2025-05-01,8,Bangladesh,Male,35-44,Master,Employed,Employment support
2241,2025-05-01,9,Algeria,Female,18-24,Upper secondary,Employed,Employment support
2252,2025-05-01,10,Georgia,Male,25-34,Master,Employed,Integration program
2264,2025-05-01,2,Afghanistan,Male,55+,Lower secondary,Employed,Asylum application
2265,2025-05-01,1,Bangladesh,Female,35-44,Bachelor,Unemployed,Integration program
2276,2025-05-01,1,Turkey,Male,25-34,Lower secondary,Inactive,Employment support
2296,2025-05-01,6,Bangladesh,Female,25-34,Lower secondary,Inactive,Employment support
2334,2025-05-01,4,China,Female,35-44,Lower secondary,Employed,Asylum application
2338,2025-05-01,1,Ukraine,Male,18-24,Upper secondary,Unemployed,Integration program
2388,2025-05-01,2,Italy,Male,35-44,Lower secondary,Unemployed,Employment support
2484,2025-05-01,2,Tunisia,Female,35-44,Upper secondary,Employed,Integration program
2511,2025-05-01,8,Côte d'Ivoire,Male,25-34,Bachelor,Inactive,Integration program
2584,2025-05-01,3,Algeria,Male,18-24,Upper secondary,Inactive,Language training
2591,2025-05-01,5,Guinea,Female,35-44,Master,Inactive,Integration program
2663,2025-05-01,6,Italy,Male,55+,Upper secondary,Unemployed,Integration program
2722,2025-05-01,10,Italy,Female,35-44,Master,Employed,Housing support
2764,2025-05-01,1,Georgia,Female,35-44,Upper secondary,Employed,Integration program
2798,2025-05-01,4,Côte d'Ivoire,Male,35-44,Upper secondary,Employed,Housing support
2812,2025-05-01,7,Turkey,Female,55+,Master,Employed,Integration program
2907,2025-05-01,6,Ukraine,Female,25-34,Doctorate,Employed,Housing support
2996,2025-05-01,1,Syria,Male,55+,Bachelor,Unemployed,Asylum application
3028,2025-05-01,5,India,Male,45-54,Master,Employed,Employment support
3101,2025-05-01,2,India,Female,25-34,Doctorate,Employed,Employment support
3145,2025-05-01,3,Bangladesh,Male,18-24,Master,Employed,Language training
3192,2025-05-01,1,Côte d'Ivoire,Female,25-34,Lower secondary,Employed,Language training
3377,2025-05-01,1,Afghanistan,Male,55+,Lower secondary,Unemployed,Housing support
3395,2025-05-01,3,Senegal,Female,45-54,Master,Employed,Employment support
3417,2025-05-01,9,Nigeria,Male,25-34,Bachelor,Employed,Employment support
3420,2025-05-01,7,Côte d'Ivoire,Male,55+,Master,Employed,Housing support
3525,2025-05-01,6,Spain,Female,18-24,Bachelor,Unemployed,Language training
3562,2025-05-01,1,China,Female,25-34,Bachelor,Unemployed,Integration program
3577,2025-05-01,2,Georgia,Female,25-34,Master,Unemployed,Housing support
3590,2025-05-01,2,India,Male,25-34,Upper secondary,Unemployed,Employment support
3694,2025-05-01,1,Portugal,Male,18-24,Bachelor,Inactive,Integration program
3704,2025-05-01,7,Other,Male,25-34,Bachelor,Unemployed,Asylum application
3708,2025-05-01,3,Georgia,Female,55+,Bachelor,Unemployed,Asylum application
3939,2025-05-01,6,Afghanistan,Female,45-54,Bachelor,Unemployed,Employment support
3944,2025-05-01,1,Colombia,Male,35-44,Bachelor,Unemployed,Asylum application
3996,2025-05-01,1,Brazil,Female,25-34,Lower secondary,Inactive,Integration program
4091,2025-05-01,4,Ukraine,Male,35-44,Lower secondary,Employed,Language training
4094,2025-05-01,1,Portugal,Female,35-44,Upper secondary,Employed,Asylum application
4110,2025-05-01,3,Georgia,Female,25-34,Bachelor,Unemployed,Integration program
4194,2025-05-01,7,Morocco,Male,35-44,Master,Unemployed,Language training
4203,2025-05-01,6,Spain,Female,25-34,Lower secondary,Employed,Asylum application
4227,2025-05-01,2,Guinea,Male,45-54,Bachelor,Unemployed,Housing support
4277,2025-05-01,7,Italy,Male,45-54,Upper secondary,Employed,Language training
4291,2025-05-01,5,China,Female,25-34,Lower secondary,Employed,Housing support
4308,2025-05-01,6,Italy,Female,18-24,Upper secondary,Unemployed,Integration program
4501,2025-05-01,10,Tunisia,Male,25-34,Lower secondary,Unemployed,Integration program
4528,2025-05-01,4,Côte d'Ivoire,Male,35-44,Bachelor,Employed,Language training
4533,2025-05-01,1,Georgia,Female,25-34,Bachelor,Inactive,Language training
4560,2025-05-01,1,India,Male,45-54,Bachelor,Employed,Employment support
4573,2025-05-01,1,Morocco,Female,25-34,Upper secondary,Inactive,Housing support
4574,2025-05-01,8,Syria,Female,25-34,Upper secondary,Employed,Housing support
4702,2025-05-01,1,Spain,Male,25-34,Upper secondary,Employed,Integration program
4768,2025-05-01,2,Italy,Male,25-34,Bachelor,Unemployed,Asylum application
4843,2025-05-01,7,Tunisia,Male,25-34,Upper secondary,Employed,Asylum application
4849,2025-05-01,10,Turkey,Female,45-54,Lower secondary,Employed,Integration program
4863,2025-05-01,5,Senegal,Female,25-34,Upper secondary,Employed,Language training
4898,2025-05-01,9,Bangladesh,Female,45-54,Bachelor,Unemployed,Employment support
4913,2025-05-01,5,Côte d'Ivoire,Female,35-44,Upper secondary,Employed,Language training
4939,2025-05-01,7,India,Female,25-34,Bachelor,Inactive,Employment support
4949,2025-05-01,1,Syria,Female,25-34,Bachelor,Employed,Asylum application
4961,2025-05-01,2,Guinea,Female,25-34,Upper secondary,Unemployed,Employment support
4989,2025-05-01,3,Italy,Female,25-34,Master,Employed,Integration program
4992,2025-05-01,5,Ukraine,Male,35-44,Master,Employed,Integration program
4993,2025-05-01,3,India,Female,35-44,Bachelor,Inactive,Integration program
5018,2025-05-01,2,Côte d'Ivoire,Male,25-34,Bachelor,Employed,Housing support
5025,2025-05-01,1,Bangladesh,Female,25-34,Bachelor,Employed,Asylum application
5054,2025-05-01,1,Georgia,Female,25-34,Lower secondary,Employed,Language training
5091,2025-05-01,1,Nigeria,Female,35-44,Upper secondary,Employed,Asylum application
5143,2025-05-01,1,Bangladesh,Male,35-44,Upper secondary,Unemployed,Housing support
5217,2025-05-01,3,Tunisia,Male,45-54,Upper secondary,Employed,Integration program
5219,2025-05-01,9,Brazil,Female,35-44,Upper secondary,Employed,Integration program
5282,2025-05-01,1,Italy,Female,35-44,Upper secondary,Inactive,Housing support
5289,2025-05-01,8,China,Female,25-34,Upper secondary,Employed,Housing support
5309,2025-05-01,2,Italy,Female,18-24,Upper secondary,Inactive,Housing support
5332,2025-05-01,8,Nigeria,Male,55+,Master,Employed,Integration program
5412,2025-05-01,2,Bangladesh,Female,18-24,Master,Unemployed,Housing support
5415,2025-05-01,3,Nigeria,Female,55+,Bachelor,Unemployed,Asylum application
5463,2025-05-01,1,Nigeria,Female,35-44,Lower secondary,Unemployed,Employment support
5467,2025-05-01,6,Colombia,Male,25-34,Master,Employed,Housing support
5534,2025-05-01,3,Portugal,Male,45-54,Upper secondary,Employed,Integration program
5651,2025-05-01,2,Italy,Male,25-34,Master,Employed,Housing support
5773,2025-05-01,1,Brazil,Female,25-34,Upper secondary,Unemployed,Housing support
5805,2025-05-01,2,India,Female,35-44,Bachelor,Employed,Integration program
5834,2025-05-01,1,Guinea,Male,25-34,Bachelor,Employed,Housing support
5857,2025-05-01,1,Tunisia,Male,25-34,Bachelor,Unemployed,Employment support
5945,2025-05-01,6,Senegal,Male,25-34,Lower secondary,Unemployed,Housing support
5975,2025-05-01,1,Algeria,Female,18-24,Doctorate,Unemployed,Integration program
5979,2025-05-01,3,Spain,Female,25-34,Upper secondary,Unemployed,Housing support
5983,2025-05-01,1,Afghanistan,Male,25-34,Master,Unemployed,Integration program
10,2025-06-01,6,Afghanistan,Male,45-54,Bachelor,Employed,Language training
24,2025-06-01,6,Tunisia,Male,45-54,Master,Employed,Housing support
78,2025-06-01,1,Turkey,Male,25-34,Bachelor,Unemployed,Asylum application
103,2025-06-01,1,Guinea,Male,45-54,Upper secondary,Employed,Asylum application
118,2025-06-01,2,Syria,Female,25-34,Bachelor,Unemployed,Integration program
125,2025-06-01,9,Colombia,Male,18-24,Lower secondary,Inactive,Language training
126,2025-06-01,7,Portugal,Female,25-34,Bachelor,Unemployed,Language training
155,2025-06-01,4,Algeria,Female,25-34,Lower secondary,Unemployed,Housing support
300,2025-06-01,2,Côte d'Ivoire,Female,55+,Bachelor,Employed,Asylum application
432,2025-06-01,8,Italy,Male,25-34,Master,Inactive,Integration program
477,2025-06-01,6,Bangladesh,Female,45-54,Upper secondary,Unemployed,Language training
483,2025-06-01,1,Côte d'Ivoire,Female,45-54,Bachelor,Employed,Asylum application
509,2025-06-01,6,Nigeria,Male,35-44,Bachelor,Unemployed,Housing support
510,2025-06-01,8,Turkey,Male,35-44,Lower secondary,Inactive,Asylum application
561,2025-06-01,1,Algeria,Female,25-34,Lower secondary,Employed,Asylum application
579,2025-06-01,5,Syria,Female,55+,Master,Employed,Integration program
580,2025-06-01,1,Algeria,Female,55+,Upper secondary,Unemployed,Employment support
639,2025-06-01,8,Guinea,Female,45-54,Master,Employed,Integration program
801,2025-06-01,4,India,Male,25-34,Master,Inactive,Language training
817,2025-06-01,1,Portugal,Male,35-44,Master,Inactive,Integration program
869,2025-06-01,2,Portugal,Female,35-44,Lower secondary,Employed,Asylum application
870,2025-06-01,4,Portugal,Male,35-44,Upper secondary,Employed,Employment support
938,2025-06-01,1,China,Female,35-44,Lower secondary,Employed,Asylum application
974,2025-06-01,1,Nigeria,Male,55+,Master,Inactive,Housing support
1068,2025-06-01,8,Morocco,Male,55+,Bachelor,Unemployed,Asylum application
1221,2025-06-01,2,Senegal,Female,25-34,Lower secondary,Unemployed,Housing support
1333,2025-06-01,4,Syria,Male,25-34,Bachelor,Employed,Integration program
1336,2025-06-01,3,Colombia,Female,55+,Master,Employed,Employment support
1359,2025-06-01,5,Morocco,Female,25-34,Bachelor,Employed,Asylum application
1467,2025-06-01,7,Syria,Female,25-34,Upper secondary,Employed,Employment support
1489,2025-06-01,6,Côte d'Ivoire,Male,25-34,Master,Employed,Integration program
1540,2025-06-01,10,Ukraine,Female,25-34,Upper secondary,Unemployed,Housing support
1580,2025-06-01,7,India,Female,25-34,Master,Employed,Employment support
1593,2025-06-01,1,Portugal,Female,45-54,Doctorate,Employed,Integration program
1633,2025-06-01,2,Algeria,Female,45-54,Bachelor,Unemployed,Employment support
1694,2025-06-01,1,Côte d'Ivoire,Female,25-34,Master,Employed,Housing support
1728,2025-06-01,9,Bangladesh,Male,25-34,Master,Employed,Asylum application
1805,2025-06-01,1,Bangladesh,Male,25-34,Bachelor,Employed,Employment support
1862,2025-06-01,9,Côte d'Ivoire,Male,18-24,Doctorate,Inactive,Integration program
1876,2025-06-01,7,China,Female,18-24,Master,Employed,Asylum application
1956,2025-06-01,5,Senegal,Female,35-44,Doctorate,Employed,Integration program
1981,2025-06-01,9,Afghanistan,Male,25-34,Master,Employed,Integration program
2042,2025-06-01,4,Georgia,Male,25-34,Master,Unemployed,Integration program
2139,2025-06-01,1,Afghanistan,Male,45-54,Master,Employed,Integration program
2179,2025-06-01,9,Senegal,Female,35-44,Upper secondary,Employed,Language training
2215,2025-06-01,3,Turkey,Male,25-34,Master,Employed,Housing support
2274,2025-06-01,6,Turkey,Male,45-54,Master,Inactive,Housing support
2385,2025-06-01,9,Spain,Male,25-34,Lower secondary,Employed,Integration program
2523,2025-06-01,1,Algeria,Male,55+,Upper secondary,Employed,Housing support
2525,2025-06-01,10,China,Female,25-34,Master,Inactive,Language training
2535,2025-06-01,8,Brazil,Female,45-54,Doctorate,Inactive,Integration program
2539,2025-06-01,8,Portugal,Male,18-24,Lower secondary,Unemployed,Employment support
2572,2025-06-01,7,Spain,Female,55+,Bachelor,Employed,Language training
2606,2025-06-01,1,Spain,Female,25-34,Lower secondary,Unemployed,Employment support
2678,2025-06-01,1,Algeria,Female,35-44,Master,Employed,Language training
2688,2025-06-01,2,Nigeria,Male,25-34,Bachelor,Employed,Integration program
2732,2025-06-01,1,Guinea,Male,35-44,Upper secondary,Employed,Integration program
2820,2025-06-01,7,Syria,Female,45-54,Master,Employed,Housing support
2840,2025-06-01,1,China,Male,35-44,Lower secondary,Employed,Employment support
2842,2025-06-01,3,Brazil,Male,25-34,Upper secondary,Employed,Employment support
2853,2025-06-01,2,Portugal,Male,25-34,Master,Employed,Employment support
2870,2025-06-01,4,Tunisia,Male,35-44,Lower secondary,Employed,Integration program
2885,2025-06-01,7,Côte d'Ivoire,Male,35-44,Bachelor,Inactive,Integration program
2917,2025-06-01,2,Côte d'Ivoire,Male,35-44,Upper secondary,Unemployed,Asylum application
2952,2025-06-01,1,India,Female,35-44,Master,Employed,Employment support
2968,2025-06-01,4,Afghanistan,Male,25-34,Upper secondary,Employed,Integration program
2972,2025-06-01,2,Italy,Male,25-34,Bachelor,Inactive,Housing support
3023,2025-06-01,4,Ukraine,Female,55+,Bachelor,Inactive,Housing support
3072,2025-06-01,3,China,Female,25-34,Doctorate,Unemployed,Language training
3081,2025-06-01,5,Nigeria,Male,25-34,Upper secondary,Employed,Language training
3140,2025-06-01,8,Georgia,Female,25-34,Upper secondary,Employed,Asylum application
3146,2025-06-01,6,Portugal,Male,35-44,Bachelor,Employed,Housing support
3150,2025-06-01,5,Spain,Female,18-24,Upper secondary,Unemployed,Language training
3276,2025-06-01,6,Turkey,Male,18-24,Master,Unemployed,Integration program
3313,2025-06-01,3,Bangladesh,Male,25-34,Bachelor,Employed,Integration program
3349,2025-06-01,1,Guinea,Female,35-44,Master,Employed,Employment support
3379,2025-06-01,1,Tunisia,Female,25-34,Bachelor,Employed,Language training
3401,2025-06-01,10,Italy,Female,35-44,Lower secondary,Employed,Integration program
3528,2025-06-01,4,Georgia,Male,18-24,Upper secondary,Inactive,Housing support
3553,2025-06-01,9,Spain,Male,35-44,Upper secondary,Unemployed,Asylum application
3573,2025-06-01,9,Bangladesh,Male,25-34,Upper secondary,Employed,Language training
3639,2025-06-01,8,Ukraine,Female,35-44,Master,Employed,Integration program
3660,2025-06-01,1,Ukraine,Female,25-34,Lower secondary,Unemployed,Asylum application
3673,2025-06-01,6,Algeria,Female,55+,Upper secondary,Unemployed,Language training
3730,2025-06-01,2,Brazil,Male,55+,Master,Unemployed,Language training
3733,2025-06-01,1,Morocco,Female,55+,Bachelor,Employed,Asylum application
3734,2025-06-01,4,Other,Female,25-34,Bachelor,Inactive,Language training
3753,2025-06-01,6,Syria,Male,25-34,Bachelor,Employed,Employment support
3844,2025-06-01,4,Spain,Male,35-44,Bachelor,Employed,Employment support
3879,2025-06-01,8,Tunisia,Female,25-34,Lower secondary,Inactive,Language training
3920,2025-06-01,1,Bangladesh,Male,45-54,Upper secondary,Unemployed,Integration program
3990,2025-06-01,1,Tunisia,Male,25-34,Doctorate,Employed,Language training
4024,2025-06-01,2,Tunisia,Male,55+,Master,Employed,Employment support
4044,2025-06-01,2,Georgia,Male,35-44,Master,Employed,Integration program
4050,2025-06-01,5,Morocco,Female,35-44,Bachelor,Unemployed,Housing support
4061,2025-06-01,8,Afghanistan,Male,45-54,Doctorate,Employed,Language training
4075,2025-06-01,2,Nigeria,Male,25-34,Lower secondary,Unemployed,Employment support
4127,2025-06-01,1,Georgia,Male,18-24,Bachelor,Unemployed,Language training
4195,2025-06-01,7,Tunisia,Female,18-24,Upper secondary,Unemployed,Housing support
4237,2025-06-01,6,Côte d'Ivoire,Male,45-54,Upper secondary,Unemployed,Asylum application
4242,2025-06-01,5,Ukraine,Male,18-24,Master,Unemployed,Employment support
4251,2025-06-01,10,Syria,Female,45-54,Upper secondary,Employed,Integration program
4306,2025-06-01,6,Tunisia,Male,35-44,Lower secondary,Unemployed,Employment support
4320,2025-06-01,1,Colombia,Female,25-34,Upper secondary,Employed,Integration program
4375,2025-06-01,1,Brazil,Female,45-54,Bachelor,Employed,Asylum application
4408,2025-06-01,9,Italy,Male,35-44,Upper secondary,Employed,Housing support
4448,2025-06-01,3,Georgia,Female,18-24,Bachelor,Employed,Employment support
4471,2025-06-01,8,Nigeria,Male,25-34,Master,Employed,Employment support
4478,2025-06-01,1,Portugal,Male,25-34,Upper secondary,Employed,Integration program
4621,2025-06-01,1,Georgia,Male,35-44,Upper secondary,Unemployed,Asylum application
4641,2025-06-01,4,Algeria,Male,35-44,Upper secondary,Employed,Employment support
4644,2025-06-01,4,Colombia,Male,55+,Lower secondary,Inactive,Employment support
4685,2025-06-01,1,Afghanistan,Male,35-44,Doctorate,Employed,Housing support
4690,2025-06-01,10,Senegal,Male,55+,Bachelor,Unemployed,Employment support
4703,2025-06-01,6,Bangladesh,Female,25-34,Upper secondary,Employed,Employment support
4765,2025-06-01,7,Tunisia,Female,35-44,Upper secondary,Unemployed,Asylum application
4777,2025-06-01,7,Senegal,Male,45-54,Upper secondary,Unemployed,Language training
4856,2025-06-01,1,Brazil,Male,25-34,Doctorate,Employed,Asylum application
4874,2025-06-01,9,China,Female,25-34,Bachelor,Inactive,Asylum application
4893,2025-06-01,9,Bangladesh,Female,45-54,Upper secondary,Employed,Housing support
4920,2025-06-01,1,Afghanistan,Female,18-24,Upper secondary,Employed,Employment support
5023,2025-06-01,1,Georgia,Male,55+,Master,Employed,Integration program
5030,2025-06-01,1,Algeria,Female,55+,Lower secondary,Unemployed,Housing support
5043,2025-06-01,7,Guinea,Male,45-54,Upper secondary,Employed,Housing support
5224,2025-06-01,1,Ukraine,Female,35-44,Lower secondary,Employed,Housing support
5347,2025-06-01,3,Other,Male,45-54,Bachelor,Employed,Employment support
5361,2025-06-01,2,Italy,Male,45-54,Bachelor,Inactive,Housing support
5371,2025-06-01,4,Colombia,Female,25-34,Lower secondary,Inactive,Employment support
5379,2025-06-01,6,India,Female,35-44,Upper secondary,Unemployed,Employment support
5381,2025-06-01,4,Colombia,Female,35-44,Upper secondary,Inactive,Language training
5383,2025-06-01,2,Turkey,Male,25-34,Master,Inactive,Asylum application
5388,2025-06-01,10,Algeria,Female,35-44,Upper secondary,Unemployed,Employment support
5403,2025-06-01,5,Other,Male,25-34,Upper secondary,Employed,Asylum application
5405,2025-06-01,8,Georgia,Male,35-44,Bachelor,Employed,Integration program
5422,2025-06-01,9,Côte d'Ivoire,Female,18-24,Bachelor,Inactive,Housing support
5443,2025-06-01,7,Morocco,Male,25-34,Master,Employed,Employment support
5509,2025-06-01,5,Côte d'Ivoire,Male,45-54,Master,Unemployed,Housing support
5788,2025-06-01,3,Nigeria,Male,25-34,Master,Employed,Integration program
5797,2025-06-01,1,Côte d'Ivoire,Male,35-44,Bachelor,Unemployed,Asylum application
5816,2025-06-01,1,Turkey,Female,45-54,Master,Employed,Asylum application
5879,2025-06-01,2,Morocco,Male,18-24,Bachelor,Employed,Language training
5966,2025-06-01,3,Afghanistan,Female,18-24,Upper secondary,Unemployed,Employment support
31,2025-07-01,10,Other,Male,25-34,Master,Employed,Housing support
42,2025-07-01,3,Portugal,Male,18-24,Master,Unemployed,Housing support
157,2025-07-01,1,Portugal,Female,25-34,Upper secondary,Unemployed,Employment support
162,2025-07-01,2,Italy,Male,35-44,Master,Employed,Housing support
176,2025-07-01,9,Algeria,Female,55+,Lower secondary,Unemployed,Housing support
181,2025-07-01,4,Italy,Female,18-24,Master,Employed,Language training
430,2025-07-01,1,Brazil,Female,25-34,Master,Employed,Integration program
479,2025-07-01,10,India,Male,25-34,Bachelor,Unemployed,Employment support
642,2025-07-01,2,Georgia,Female,45-54,Master,Employed,Asylum application
861,2025-07-01,5,Algeria,Female,25-34,Master,Employed,Integration program
984,2025-07-01,7,Turkey,Female,45-54,Bachelor,Employed,Asylum application
1135,2025-07-01,1,China,Male,25-34,Doctorate,Employed,Housing support
1228,2025-07-01,6,Afghanistan,Female,25-34,Bachelor,Employed,Asylum application
1255,2025-07-01,5,Guinea,Male,35-44,Lower secondary,Inactive,Integration program
1261,2025-07-01,4,Portugal,Female,45-54,Lower secondary,Employed,Employment support
1270,2025-07-01,3,Italy,Female,25-34,Bachelor,Unemployed,Asylum application
1296,2025-07-01,4,India,Female,55+,Upper secondary,Employed,Language training
1310,2025-07-01,5,Senegal,Male,25-34,Doctorate,Employed,Integration program
1341,2025-07-01,1,Guinea,Male,35-44,Lower secondary,Employed,Asylum application
1355,2025-07-01,8,Senegal,Male,35-44,Master,Unemployed,Employment support
1418,2025-07-01,1,Ukraine,Female,45-54,Bachelor,Employed,Language training
1432,2025-07-01,8,Senegal,Male,35-44,Bachelor,Employed,Asylum application
1466,2025-07-01,7,Spain,Male,18-24,Bachelor,Employed,Integration program
1536,2025-07-01,3,Guinea,Female,55+,Bachelor,Employed,Housing support
1543,2025-07-01,5,Algeria,Male,35-44,Upper secondary,Employed,Asylum application
1662,2025-07-01,4,Brazil,Male,55+,Bachelor,Employed,Asylum application
1797,2025-07-01,10,Spain,Female,25-34,Bachelor,Employed,Integration program
1902,2025-07-01,1,Portugal,Female,35-44,Lower secondary,Inactive,Language training
1977,2025-07-01,1,Afghanistan,Male,45-54,Bachelor,Employed,Housing support
1979,2025-07-01,1,Brazil,Female,55+,Master,Unemployed,Integration program
1992,2025-07-01,1,Côte d'Ivoire,Female,55+,Bachelor,Employed,Housing support
2053,2025-07-01,7,Syria,Male,55+,Bachelor,Inactive,Housing support
2119,2025-07-01,2,Portugal,Male,25-34,Lower secondary,Unemployed,Asylum application
2138,2025-07-01,1,Côte d'Ivoire,Male,18-24,Master,Inactive,Asylum application
2197,2025-07-01,2,Morocco,Male,35-44,Lower secondary,Employed,Housing support
2292,2025-07-01,5,Syria,Female,55+,Bachelor,Employed,Language training
2312,2025-07-01,6,Brazil,Male,25-34,Lower secondary,Employed,Employment support
2370,2025-07-01,1,Portugal,Female,18-24,Bachelor,Unemployed,Asylum application
2399,2025-07-01,2,Nigeria,Male,55+,Lower secondary,Employed,Integration program
2465,2025-07-01,2,Afghanistan,Male,35-44,Upper secondary,Unemployed,Integration program
2468,2025-07-01,8,Georgia,Female,35-44,Bachelor,Employed,Employment support
2481,2025-07-01,1,Bangladesh,Female,18-24,Bachelor,Unemployed,Language training
2600,2025-07-01,3,China,Male,25-34,Doctorate,Employed,Employment support
2635,2025-07-01,1,China,Female,18-24,Bachelor,Employed,Language training
2705,2025-07-01,1,Turkey,Male,35-44,Bachelor,Employed,Language training
2736,2025-07-01,6,Brazil,Male,25-34,Bachelor,Employed,Asylum application
2738,2025-07-01,2,Guinea,Female,25-34,Bachelor,Employed,Asylum application
2772,2025-07-01,1,Guinea,Female,55+,Master,Inactive,Housing support
2912,2025-07-01,10,Turkey,Male,35-44,Lower secondary,Unemployed,Language training
3000,2025-07-01,3,Guinea,Male,35-44,Lower secondary,Unemployed,Language training
3033,2025-07-01,6,India,Male,25-34,Upper secondary,Employed,Language training
3071,2025-07-01,5,Tunisia,Female,25-34,Lower secondary,Employed,Employment support
3091,2025-07-01,1,Algeria,Male,35-44,Master,Employed,Housing support
3092,2025-07-01,8,Senegal,Female,35-44,Master,Employed,Language training
3116,2025-07-01,7,India,Male,45-54,Bachelor,Employed,Housing support
3143,2025-07-01,7,Portugal,Male,25-34,Doctorate,Employed,Asylum application
3234,2025-07-01,5,Afghanistan,Female,55+,Lower secondary,Unemployed,Asylum application
3294,2025-07-01,2,Bangladesh,Female,18-24,Bachelor,Employed,Employment support
3324,2025-07-01,1,Nigeria,Male,35-44,Master,Employed,Integration program
3364,2025-07-01,1,India,Female,35-44,Bachelor,Unemployed,Integration program
3499,2025-07-01,3,Turkey,Male,55+,Upper secondary,Employed,Language training
3532,2025-07-01,3,Tunisia,Male,35-44,Lower secondary,Unemployed,Language training
3625,2025-07-01,1,Colombia,Female,45-54,Bachelor,Employed,Housing support
3726,2025-07-01,1,Portugal,Female,45-54,Master,Employed,Language training
3773,2025-07-01,1,Ukraine,Male,45-54,Bachelor,Inactive,Integration program
4042,2025-07-01,1,Senegal,Male,35-44,Master,Employed,Employment support
4082,2025-07-01,1,Other,Male,25-34,Upper secondary,Unemployed,Integration program
4095,2025-07-01,6,Algeria,Male,45-54,Upper secondary,Inactive,Asylum application
4103,2025-07-01,1,Ukraine,Male,55+,Bachelor,Employed,Housing support
4163,2025-07-01,8,Georgia,Female,25-34,Master,Employed,Employment support
4219,2025-07-01,1,Afghanistan,Male,18-24,Doctorate,Employed,Asylum application
4221,2025-07-01,4,Bangladesh,Male,45-54,Upper secondary,Employed,Employment support
4263,2025-07-01,5,Colombia,Male,18-24,Upper secondary,Inactive,Housing support
4343,2025-07-01,1,Syria,Female,18-24,Bachelor,Employed,Language training
4366,2025-07-01,5,Algeria,Male,25-34,Lower secondary,Employed,Employment support
4450,2025-07-01,4,Bangladesh,Female,25-34,Lower secondary,Employed,Integration program
4497,2025-07-01,1,Bangladesh,Female,25-34,Bachelor,Unemployed,Housing support
4595,2025-07-01,1,Côte d'Ivoire,Female,45-54,Upper secondary,Employed,Asylum application
4634,2025-07-01,7,Nigeria,Male,35-44,Upper secondary,Employed,Housing support
4686,2025-07-01,2,Spain,Female,35-44,Upper secondary,Unemployed,Integration program
4692,2025-07-01,2,Senegal,Male,35-44,Upper secondary,Inactive,Asylum application
4711,2025-07-01,10,Italy,Male,45-54,Master,Employed,Asylum application
4754,2025-07-01,3,India,Female,25-34,Bachelor,Unemployed,Language training
4864,2025-07-01,3,India,Female,25-34,Master,Employed,Housing support
4868,2025-07-01,8,Italy,Male,18-24,Upper secondary,Inactive,Asylum application
4882,2025-07-01,3,Turkey,Male,45-54,Bachelor,Employed,Integration program
4967,2025-07-01,8,Brazil,Male,35-44,Upper secondary,Employed,Asylum application
5027,2025-07-01,4,Morocco,Male,18-24,Upper secondary,Inactive,Housing support
5047,2025-07-01,1,Spain,Female,45-54,Upper secondary,Employed,Employment support
5086,2025-07-01,2,Georgia,Male,55+,Upper secondary,Employed,Asylum application
5175,2025-07-01,6,Georgia,Male,35-44,Upper secondary,Employed,Integration program
5213,2025-07-01,7,Tunisia,Male,25-34,Doctorate,Employed,Employment support
5238,2025-07-01,4,Georgia,Male,45-54,Lower secondary,Unemployed,Employment support
5437,2025-07-01,1,Algeria,Male,25-34,Master,Employed,Asylum application
5451,2025-07-01,4,Guinea,Male,45-54,Lower secondary,Employed,Integration program
5539,2025-07-01,4,Afghanistan,Male,45-54,Upper secondary,Inactive,Language training
5552,2025-07-01,5,India,Male,45-54,Lower secondary,Employed,Language training
5586,2025-07-01,7,India,Male,55+,Doctorate,Unemployed,Housing support
5640,2025-07-01,3,Georgia,Female,55+,Bachelor,Inactive,Housing support
5678,2025-07-01,6,Brazil,Male,55+,Bachelor,Unemployed,Housing support
5739,2025-07-01,10,India,Male,25-34,Master,Employed,Employment support
5763,2025-07-01,8,Morocco,Female,18-24,Master,Unemployed,Housing support
5864,2025-07-01,4,Algeria,Male,45-54,Master,Employed,Employment support
5890,2025-07-01,6,Senegal,Female,18-24,Lower secondary,Unemployed,Asylum application
5901,2025-07-01,3,Afghanistan,Female,18-24,Master,Employed,Integration program
5920,2025-07-01,10,Brazil,Female,25-34,Upper secondary,Employed,Language training
5984,2025-07-01,3,Other,Male,25-34,Upper secondary,Unemployed,Asylum application
5993,2025-07-01,5,Portugal,Male,45-54,Doctorate,Employed,Housing support
14,2025-08-01,1,Turkey,Female,35-44,Master,Employed,Housing support
68,2025-08-01,1,Other,Male,25-34,Upper secondary,Unemployed,Integration program
90,2025-08-01,3,Senegal,Male,45-54,Bachelor,Employed,Language training
135,2025-08-01,6,Georgia,Male,25-34,Bachelor,Unemployed,Language training
141,2025-08-01,3,Algeria,Female,25-34,Bachelor,Employed,Language training
187,2025-08-01,6,Côte d'Ivoire,Female,35-44,Upper secondary,Employed,Employment support
348,2025-08-01,9,Afghanistan,Male,45-54,Upper secondary,Employed,Asylum application
411,2025-08-01,10,India,Male,18-24,Bachelor,Unemployed,Integration program
448,2025-08-01,5,Guinea,Male,25-34,Bachelor,Employed,Asylum application
586,2025-08-01,2,Turkey,Female,25-34,Bachelor,Employed,Housing support
685,2025-08-01,1,Guinea,Female,25-34,Bachelor,Employed,Integration program
709,2025-08-01,1,Nigeria,Male,35-44,Upper secondary,Employed,Integration program
760,2025-08-01,7,Nigeria,Male,25-34,Bachelor,Employed,Employment support
798,2025-08-01,6,Guinea,Male,25-34,Upper secondary,Employed,Language training
876,2025-08-01,8,China,Male,35-44,Master,Employed,Language training
910,2025-08-01,1,Syria,Female,25-34,Upper secondary,Employed,Asylum application
988,2025-08-01,1,Portugal,Male,18-24,Lower secondary,Employed,Employment support
998,2025-08-01,3,Senegal,Female,25-34,Lower secondary,Employed,Integration program
1064,2025-08-01,1,Algeria,Female,18-24,Bachelor,Unemployed,Housing support
1158,2025-08-01,1,Guinea,Female,55+,Lower secondary,Unemployed,Employment support
1213,2025-08-01,1,Guinea,Male,35-44,Bachelor,Employed,Employment support
1309,2025-08-01,9,Guinea,Female,18-24,Lower secondary,Employed,Employment support
1370,2025-08-01,8,Italy,Female,55+,Upper secondary,Unemployed,Asylum application
1373,2025-08-01,3,India,Male,35-44,Upper secondary,Employed,Integration program
1405,2025-08-01,3,Portugal,Male,35-44,Upper secondary,Employed,Asylum application
1462,2025-08-01,5,Georgia,Female,35-44,Bachelor,Employed,Housing support
1492,2025-08-01,1,Spain,Male,55+,Master,Unemployed,Integration program
1613,2025-08-01,3,Senegal,Female,35-44,Master,Employed,Asylum application
1626,2025-08-01,1,Bangladesh,Male,18-24,Master,Employed,Language training
1632,2025-08-01,7,Morocco,Female,35-44,Master,Unemployed,Language training
1683,2025-08-01,3,Morocco,Female,25-34,Master,Employed,Employment support
1696,2025-08-01,4,Nigeria,Male,35-44,Bachelor,Employed,Language training
1767,2025-08-01,7,India,Male,45-54,Doctorate,Employed,Employment support
1790,2025-08-01,5,Côte d'Ivoire,Female,25-34,Lower secondary,Unemployed,Employment support
1796,2025-08-01,1,Ukraine,Male,45-54,Upper secondary,Inactive,Asylum application
1846,2025-08-01,5,Syria,Female,25-34,Bachelor,Employed,Housing support
2021,2025-08-01,7,Syria,Male,25-34,Bachelor,Unemployed,Integration program
2101,2025-08-01,1,Ukraine,Female,25-34,Master,Employed,Integration program
2127,2025-08-01,2,Tunisia,Male,25-34,Upper secondary,Employed,Asylum application
2325,2025-08-01,3,Colombia,Female,45-54,Upper secondary,Employed,Asylum application
2350,2025-08-01,1,Algeria,Female,18-24,Lower secondary,Inactive,Integration program
2375,2025-08-01,4,Turkey,Female,35-44,Upper secondary,Employed,Integration program
2432,2025-08-01,1,Spain,Female,18-24,Bachelor,Inactive,Language training
2445,2025-08-01,1,Morocco,Female,45-54,Bachelor,Employed,Housing support
2497,2025-08-01,1,China,Male,25-34,Bachelor,Unemployed,Integration program
2604,2025-08-01,2,Morocco,Male,55+,Master,Unemployed,Language training
2607,2025-08-01,3,Tunisia,Female,25-34,Bachelor,Employed,Employment support
2654,2025-08-01,5,Other,Male,18-24,Master,Employed,Housing support
2846,2025-08-01,5,Afghanistan,Male,35-44,Bachelor,Employed,Asylum application
2864,2025-08-01,5,Bangladesh,Female,35-44,Lower secondary,Employed,Asylum application
2881,2025-08-01,2,Tunisia,Female,45-54,Upper secondary,Employed,Language training
2883,2025-08-01,1,Afghanistan,Male,35-44,Bachelor,Employed,Integration program
2980,2025-08-01,8,Georgia,Female,35-44,Master,Employed,Integration program
3002,2025-08-01,4,Tunisia,Female,25-34,Bachelor,Employed,Asylum application
3017,2025-08-01,7,China,Male,35-44,Doctorate,Employed,Asylum application
3165,2025-08-01,5,Afghanistan,Female,35-44,Bachelor,Employed,Language training
3177,2025-08-01,1,Colombia,Male,35-44,Master,Employed,Asylum application
3221,2025-08-01,1,India,Male,55+,Upper secondary,Employed,Employment support
3308,2025-08-01,8,Algeria,Male,55+,Lower secondary,Unemployed,Language training
3327,2025-08-01,1,Senegal,Female,35-44,Upper secondary,Employed,Employment support
3346,2025-08-01,3,China,Female,35-44,Bachelor,Unemployed,Housing support
3363,2025-08-01,7,Tunisia,Female,35-44,Bachelor,Inactive,Employment support
3436,2025-08-01,8,Côte d'Ivoire,Male,35-44,Bachelor,Employed,Employment support
3451,2025-08-01,9,Afghanistan,Male,55+,Bachelor,Employed,Employment support
3477,2025-08-01,4,Nigeria,Female,35-44,Master,Employed,Asylum application
3508,2025-08-01,1,India,Male,25-34,Master,Employed,Employment support
3576,2025-08-01,1,India,Male,35-44,Upper secondary,Employed,Employment support
3611,2025-08-01,1,Côte d'Ivoire,Male,55+,Bachelor,Employed,Employment support
3718,2025-08-01,3,Senegal,Male,18-24,Master,Unemployed,Integration program
3719,2025-08-01,4,Syria,Male,45-54,Doctorate,Employed,Housing support
3817,2025-08-01,3,Spain,Male,18-24,Upper secondary,Unemployed,Language training
3900,2025-08-01,6,Syria,Male,55+,Upper secondary,Unemployed,Asylum application
3929,2025-08-01,1,Turkey,Female,45-54,Lower secondary,Unemployed,Housing support
3942,2025-08-01,4,Syria,Female,25-34,Upper secondary,Inactive,Housing support
3946,2025-08-01,1,Côte d'Ivoire,Male,18-24,Master,Employed,Employment support
4001,2025-08-01,9,Bangladesh,Male,45-54,Bachelor,Unemployed,Integration program
4114,2025-08-01,5,Brazil,Male,45-54,Bachelor,Inactive,Language training
4222,2025-08-01,3,Other,Female,35-44,Lower secondary,Unemployed,Employment support
4223,2025-08-01,2,Brazil,Male,35-44,Upper secondary,Employed,Asylum application
4249,2025-08-01,1,India,Female,18-24,Upper secondary,Employed,Employment support
4352,2025-08-01,1,Turkey,Male,35-44,Lower secondary,Unemployed,Housing support
4368,2025-08-01,6,Guinea,Female,25-34,Bachelor,Employed,Asylum application
4406,2025-08-01,2,Côte d'Ivoire,Male,25-34,Bachelor,Employed,Language training
4422,2025-08-01,6,Tunisia,Female,25-34,Upper secondary,Unemployed,Language training
4529,2025-08-01,1,Georgia,Male,18-24,Upper secondary,Employed,Asylum application
4618,2025-08-01,10,India,Female,35-44,Bachelor,Unemployed,Employment support
4650,2025-08-01,3,Other,Female,25-34,Bachelor,Unemployed,Asylum application
4661,2025-08-01,1,Ukraine,Female,25-34,Bachelor,Employed,Language training
4683,2025-08-01,4,Georgia,Female,45-54,Master,Employed,Asylum application
4721,2025-08-01,2,Bangladesh,Female,25-34,Upper secondary,Employed,Integration program
4726,2025-08-01,1,Portugal,Female,55+,Upper secondary,Employed,Integration program
4727,2025-08-01,1,Portugal,Female,35-44,Master,Unemployed,Asylum application
4751,2025-08-01,1,Nigeria,Male,25-34,Upper secondary,Employed,Language training
4812,2025-08-01,1,Georgia,Male,35-44,Bachelor,Unemployed,Asylum application
4836,2025-08-01,5,Georgia,Male,18-24,Master,Employed,Language training
4873,2025-08-01,1,Georgia,Male,45-54,Bachelor,Employed,Integration program
4914,2025-08-01,5,India,Male,35-44,Doctorate,Employed,Language training
4948,2025-08-01,4,Georgia,Female,45-54,Master,Employed,Housing support
4994,2025-08-01,8,Tunisia,Female,25-34,Upper secondary,Unemployed,Employment support
5029,2025-08-01,1,Nigeria,Female,35-44,Bachelor,Employed,Asylum application
5077,2025-08-01,2,Ukraine,Female,18-24,Bachelor,Employed,Language training
5171,2025-08-01,2,Brazil,Female,18-24,Bachelor,Unemployed,Integration program
5205,2025-08-01,7,Tunisia,Female,18-24,Upper secondary,Employed,Asylum application
5208,2025-08-01,5,Guinea,Female,35-44,Master,Employed,Housing support
5209,2025-08-01,3,India,Male,45-54,Lower secondary,Unemployed,Housing support
5237,2025-08-01,1,Ukraine,Female,25-34,Upper secondary,Unemployed,Employment support
5268,2025-08-01,4,Senegal,Male,35-44,Master,Employed,Employment support
5331,2025-08-01,10,Portugal,Female,35-44,Master,Employed,Employment support
5354,2025-08-01,8,Bangladesh,Male,25-34,Bachelor,Employed,Employment support
5355,2025-08-01,2,Georgia,Female,25-34,Master,Employed,Housing support
5359,2025-08-01,6,India,Female,25-34,Upper secondary,Inactive,Asylum application
5489,2025-08-01,2,India,Female,25-34,Upper secondary,Unemployed,Language training
5514,2025-08-01,3,Turkey,Male,18-24,Upper secondary,Employed,Employment support
5524,2025-08-01,7,Tunisia,Female,18-24,Bachelor,Employed,Employment support
5528,2025-08-01,6,Morocco,Female,45-54,Upper secondary,Unemployed,Integration program
5548,2025-08-01,6,Côte d'Ivoire,Male,25-34,Bachelor,Unemployed,Asylum application
5553,2025-08-01,9,Georgia,Male,35-44,Upper secondary,Employed,Housing support
5613,2025-08-01,1,Syria,Female,25-34,Upper secondary,Employed,Employment support
5624,2025-08-01,7,Italy,Male,35-44,Bachelor,Unemployed,Language training
5727,2025-08-01,5,Portugal,Male,25-34,Bachelor,Employed,Employment support
5754,2025-08-01,3,Bangladesh,Male,35-44,Master,Employed,Integration program
5827,2025-08-01,7,Other,Male,35-44,Bachelor,Employed,Housing support
5852,2025-08-01,1,Bangladesh,Male,25-34,Master,Employed,Housing support
5904,2025-08-01,1,Morocco,Male,25-34,Master,Employed,Employment support
5912,2025-08-01,10,Bangladesh,Male,45-54,Lower secondary,Unemployed,Asylum application
5935,2025-08-01,1,Tunisia,Male,45-54,Upper secondary,Employed,Employment support
5989,2025-08-01,8,Bangladesh,Female,55+,Doctorate,Employed,Employment support
5994,2025-08-01,7,Bangladesh,Female,25-34,Master,Employed,Housing support
34,2025-09-01,7,Colombia,Male,18-24,Upper secondary,Employed,Housing support
52,2025-09-01,1,Colombia,Male,35-44,Lower secondary,Employed,Language training
84,2025-09-01,8,Italy,Male,18-24,Upper secondary,Unemployed,Integration program
95,2025-09-01,4,Turkey,Female,55+,Upper secondary,Unemployed,Employment support
102,2025-09-01,3,Guinea,Male,25-34,Bachelor,Employed,Housing support
138,2025-09-01,9,India,Female,25-34,Bachelor,Unemployed,Asylum application
203,2025-09-01,7,Italy,Male,35-44,Bachelor,Employed,Integration program
283,2025-09-01,10,Ukraine,Male,25-34,Upper secondary,Unemployed,Language training
346,2025-09-01,4,Brazil,Female,35-44,Master,Employed,Employment support
382,2025-09-01,5,Ukraine,Male,45-54,Doctorate,Employed,Integration program
399,2025-09-01,8,Spain,Female,35-44,Bachelor,Employed,Language training
416,2025-09-01,4,Portugal,Female,25-34,Upper secondary,Unemployed,Housing support
453,2025-09-01,5,Tunisia,Male,35-44,Bachelor,Unemployed,Asylum application
498,2025-09-01,2,Morocco,Male,35-44,Bachelor,Employed,Language training
549,2025-09-01,3,Italy,Male,45-54,Master,Employed,Language training
592,2025-09-01,3,Guinea,Female,35-44,Upper secondary,Unemployed,Language training
757,2025-09-01,8,Portugal,Female,45-54,Upper secondary,Employed,Language training
758,2025-09-01,3,Brazil,Female,45-54,Doctorate,Employed,Asylum application
788,2025-09-01,3,Other,Male,35-44,Upper secondary,Inactive,Integration program
795,2025-09-01,3,Nigeria,Female,35-44,Lower secondary,Employed,Integration program
815,2025-09-01,4,India,Male,35-44,Lower secondary,Employed,Language training
842,2025-09-01,10,Ukraine,Female,55+,Master,Employed,Language training
854,2025-09-01,3,Tunisia,Female,25-34,Master,Employed,Asylum application
856,2025-09-01,7,Turkey,Male,25-34,Bachelor,Employed,Asylum application
904,2025-09-01,9,Senegal,Male,25-34,Bachelor,Unemployed,Asylum application
912,2025-09-01,5,Brazil,Female,35-44,Master,Employed,Integration program
954,2025-09-01,1,Tunisia,Male,35-44,Upper secondary,Unemployed,Asylum application
1046,2025-09-01,1,Algeria,Female,55+,Upper secondary,Unemployed,Housing support
1081,2025-09-01,6,Côte d'Ivoire,Male,45-54,Upper secondary,Employed,Employment support
1125,2025-09-01,3,Guinea,Male,25-34,Upper secondary,Unemployed,Integration program
1202,2025-09-01,9,Ukraine,Female,25-34,Bachelor,Employed,Employment support
1362,2025-09-01,8,Algeria,Male,45-54,Upper secondary,Employed,Language training
1468,2025-09-01,1,Italy,Male,25-34,Upper secondary,Unemployed,Housing support
1470,2025-09-01,4,Colombia,Male,35-44,Upper secondary,Employed,Employment support
1506,2025-09-01,6,Tunisia,Male,45-54,Bachelor,Inactive,Employment support
1509,2025-09-01,6,Ukraine,Male,35-44,Upper secondary,Employed,Asylum application
1547,2025-09-01,2,Algeria,Female,35-44,Upper secondary,Inactive,Asylum application
1584,2025-09-01,7,India,Male,45-54,Upper secondary,Unemployed,Housing support
1598,2025-09-01,9,Guinea,Male,35-44,Upper secondary,Unemployed,Language training
1619,2025-09-01,1,Italy,Female,45-54,Doctorate,Employed,Employment support
1649,2025-09-01,1,Syria,Male,25-34,Master,Employed,Integration program
1726,2025-09-01,4,Côte d'Ivoire,Male,25-34,Lower secondary,Inactive,Integration program
1771,2025-09-01,2,Côte d'Ivoire,Female,18-24,Bachelor,Inactive,Integration program
1842,2025-09-01,8,Italy,Female,25-34,Bachelor,Employed,Employment support
1854,2025-09-01,2,Tunisia,Male,35-44,Master,Employed,Housing support
1891,2025-09-01,4,Turkey,Female,35-44,Upper secondary,Unemployed,Housing support
1906,2025-09-01,4,Georgia,Female,25-34,Upper secondary,Unemployed,Employment support
2014,2025-09-01,6,Senegal,Female,25-34,Upper secondary,Unemployed,Asylum application
2146,2025-09-01,1,China,Female,35-44,Master,Inactive,Integration program
2159,2025-09-01,1,Other,Male,25-34,Upper secondary,Unemployed,Employment support
2239,2025-09-01,8,Spain,Female,35-44,Upper secondary,Unemployed,Employment support
2349,2025-09-01,1,Portugal,Male,18-24,Lower secondary,Inactive,Integration program
2355,2025-09-01,7,China,Female,35-44,Upper secondary,Inactive,Housing support
2382,2025-09-01,7,Syria,Female,35-44,Upper secondary,Employed,Asylum application
2434,2025-09-01,4,Brazil,Female,35-44,Upper secondary,Unemployed,Employment support
2518,2025-09-01,1,Turkey,Male,25-34,Upper secondary,Employed,Integration program
2532,2025-09-01,8,Bangladesh,Female,18-24,Bachelor,Employed,Housing support
2608,2025-09-01,2,Algeria,Male,45-54,Upper secondary,Unemployed,Employment support
2804,2025-09-01,4,Turkey,Male,25-34,Bachelor,Employed,Employment support
2887,2025-09-01,5,Italy,Female,18-24,Lower secondary,Unemployed,Integration program
2916,2025-09-01,10,Italy,Male,25-34,Upper secondary,Employed,Language training
2963,2025-09-01,5,Guinea,Female,35-44,Lower secondary,Employed,Integration program
2975,2025-09-01,8,Algeria,Female,25-34,Bachelor,Employed,Housing support
3010,2025-09-01,7,Morocco,Male,18-24,Master,Employed,Employment support
3019,2025-09-01,1,Bangladesh,Female,35-44,Upper secondary,Employed,Language training
3115,2025-09-01,1,Portugal,Female,25-34,Bachelor,Employed,Housing support
3189,2025-09-01,9,Tunisia,Female,45-54,Lower secondary,Employed,Integration program
3191,2025-09-01,6,Bangladesh,Male,25-34,Upper secondary,Employed,Asylum application
3216,2025-09-01,1,Nigeria,Male,45-54,Master,Employed,Housing support
3256,2025-09-01,4,Colombia,Male,25-34,Master,Employed,Housing support
3261,2025-09-01,6,Brazil,Male,55+,Lower secondary,Unemployed,Housing support
3303,2025-09-01,2,Colombia,Male,25-34,Upper secondary,Unemployed,Integration program
3334,2025-09-01,1,China,Male,35-44,Upper secondary,Inactive,Employment support
3384,2025-09-01,3,Italy,Female,55+,Bachelor,Unemployed,Asylum application
3559,2025-09-01,10,Portugal,Female,35-44,Bachelor,Employed,Housing support
3586,2025-09-01,10,India,Female,45-54,Master,Employed,Asylum application
3607,2025-09-01,7,China,Male,35-44,Lower secondary,Employed,Language training
3642,2025-09-01,8,China,Male,25-34,Lower secondary,Unemployed,Employment support
3674,2025-09-01,9,Senegal,Male,35-44,Upper secondary,Unemployed,Asylum application
3738,2025-09-01,1,Morocco,Male,25-34,Bachelor,Unemployed,Housing support
3836,2025-09-01,5,Spain,Female,18-24,Upper secondary,Inactive,Integration program
3839,2025-09-01,4,Turkey,Female,45-54,Master,Unemployed,Asylum application
4041,2025-09-01,1,Afghanistan,Female,18-24,Upper secondary,Unemployed,Integration program
4208,2025-09-01,7,Guinea,Male,25-34,Lower secondary,Employed,Language training
4299,2025-09-01,1,Georgia,Female,35-44,Bachelor,Employed,Housing support
4300,2025-09-01,4,India,Female,55+,Bachelor,Employed,Employment support
4373,2025-09-01,1,Tunisia,Female,18-24,Bachelor,Inactive,Integration program
4428,2025-09-01,2,Portugal,Male,45-54,Lower secondary,Employed,Employment support
4504,2025-09-01,8,India,Female,35-44,Bachelor,Unemployed,Employment support
4520,2025-09-01,1,Algeria,Female,55+,Upper secondary,Unemployed,Asylum application
4596,2025-09-01,1,Italy,Female,25-34,Doctorate,Employed,Employment support
4607,2025-09-01,6,Spain,Female,25-34,Master,Unemployed,Integration program
4630,2025-09-01,5,Other,Female,35-44,Upper secondary,Employed,Language training
4649,2025-09-01,4,China,Male,25-34,Upper secondary,Unemployed,Integration program
4675,2025-09-01,1,Morocco,Female,55+,Bachelor,Employed,Language training
4707,2025-09-01,1,Syria,Female,55+,Lower secondary,Unemployed,Employment support
4772,2025-09-01,7,Brazil,Male,25-34,Upper secondary,Unemployed,Employment support
4821,2025-09-01,6,Afghanistan,Female,55+,Bachelor,Employed,Integration program
4840,2025-09-01,2,Georgia,Male,45-54,Upper secondary,Unemployed,Asylum application
4853,2025-09-01,6,Georgia,Male,35-44,Master,Employed,Integration program
4937,2025-09-01,3,Italy,Male,45-54,Upper secondary,Unemployed,Integration program
4953,2025-09-01,7,India,Female,25-34,Upper secondary,Unemployed,Employment support
4979,2025-09-01,10,Guinea,Female,35-44,Master,Inactive,Housing support
5042,2025-09-01,2,Bangladesh,Male,25-34,Upper secondary,Unemployed,Housing support
5051,2025-09-01,2,Morocco,Female,25-34,Upper secondary,Employed,Employment support
5194,2025-09-01,1,Georgia,Female,35-44,Bachelor,Employed,Housing support
5204,2025-09-01,1,Turkey,Male,25-34,Bachelor,Employed,Housing support
5236,2025-09-01,3,Afghanistan,Female,35-44,Bachelor,Employed,Employment support
5317,2025-09-01,7,Senegal,Male,25-34,Lower secondary,Unemployed,Asylum application
5319,2025-09-01,1,Guinea,Male,35-44,Upper secondary,Employed,Language training
5330,2025-09-01,3,Nigeria,Male,55+,Upper secondary,Employed,Integration program
5335,2025-09-01,7,Italy,Male,18-24,Upper secondary,Employed,Integration program
5382,2025-09-01,1,Algeria,Female,25-34,Bachelor,Employed,Language training
5398,2025-09-01,6,India,Female,35-44,Upper secondary,Unemployed,Employment support
5402,2025-09-01,8,Georgia,Female,35-44,Upper secondary,Unemployed,Employment support
5549,2025-09-01,2,Other,Male,25-34,Bachelor,Employed,Employment support
5606,2025-09-01,7,India,Male,18-24,Bachelor,Employed,Integration program
5636,2025-09-01,2,India,Male,35-44,Bachelor,Unemployed,Housing support
5660,2025-09-01,8,Georgia,Male,55+,Master,Employed,Employment support
5721,2025-09-01,10,Senegal,Female,18-24,Master,Unemployed,Employment support
5733,2025-09-01,2,Syria,Female,55+,Bachelor,Unemployed,Employment support
5756,2025-09-01,7,Senegal,Male,35-44,Bachelor,Inactive,Asylum application
5875,2025-09-01,4,Colombia,Male,35-44,Upper secondary,Employed,Housing support
5909,2025-09-01,9,Turkey,Male,25-34,Upper secondary,Unemployed,Integration program
47,2025-10-01,3,Spain,Female,25-34,Upper secondary,Unemployed,Language training
81,2025-10-01,3,Turkey,Female,25-34,Bachelor,Inactive,Housing support
144,2025-10-01,3,Other,Male,35-44,Bachelor,Employed,Integration program
224,2025-10-01,9,Nigeria,Male,25-34,Doctorate,Employed,Language training
286,2025-10-01,1,Syria,Female,35-44,Upper secondary,Employed,Asylum application
295,2025-10-01,5,Spain,Male,25-34,Master,Employed,Asylum application
303,2025-10-01,4,Côte d'Ivoire,Male,35-44,Bachelor,Unemployed,Housing support
365,2025-10-01,5,Bangladesh,Male,45-54,Bachelor,Inactive,Employment support
381,2025-10-01,6,Italy,Female,35-44,Bachelor,Unemployed,Housing support
383,2025-10-01,1,Georgia,Male,35-44,Master,Unemployed,Language training
491,2025-10-01,1,China,Female,25-34,Bachelor,Employed,Asylum application
566,2025-10-01,5,China,Female,35-44,Bachelor,Employed,Integration program
601,2025-10-01,2,Ukraine,Female,18-24,Bachelor,Unemployed,Asylum application
774,2025-10-01,1,Other,Male,55+,Master,Employed,Employment support
791,2025-10-01,4,Brazil,Male,25-34,Upper secondary,Unemployed,Integration program
807,2025-10-01,1,Spain,Male,35-44,Bachelor,Unemployed,Language training
1141,2025-10-01,4,China,Female,25-34,Upper secondary,Unemployed,Asylum application
1155,2025-10-01,2,Nigeria,Female,45-54,Bachelor,Unemployed,Language training
1185,2025-10-01,9,Nigeria,Male,18-24,Upper secondary,Unemployed,Housing support
1220,2025-10-01,2,Algeria,Male,25-34,Lower secondary,Unemployed,Integration program
1342,2025-10-01,8,Portugal,Male,25-34,Master,Employed,Language training
1406,2025-10-01,6,Guinea,Female,18-24,Upper secondary,Unemployed,Language training
1442,2025-10-01,8,Syria,Male,45-54,Lower secondary,Employed,Employment support
1488,2025-10-01,5,Georgia,Female,18-24,Bachelor,Employed,Housing support
1553,2025-10-01,4,Bangladesh,Male,25-34,Upper secondary,Employed,Housing support
1555,2025-10-01,1,Syria,Male,35-44,Upper secondary,Unemployed,Housing support
1564,2025-10-01,1,Nigeria,Female,25-34,Master,Employed,Housing support
1599,2025-10-01,4,Bangladesh,Female,25-34,Master,Employed,Asylum application
1607,2025-10-01,1,Côte d'Ivoire,Female,45-54,Doctorate,Employed,Asylum application
1685,2025-10-01,4,Brazil,Female,18-24,Lower secondary,Unemployed,Housing support
1698,2025-10-01,1,Colombia,Male,45-54,Master,Employed,Language training
1703,2025-10-01,1,Syria,Female,35-44,Upper secondary,Employed,Language training
1893,2025-10-01,4,Afghanistan,Female,18-24,Bachelor,Unemployed,Employment support
1933,2025-10-01,6,India,Female,18-24,Master,Employed,Language training
2006,2025-10-01,9,Senegal,Female,35-44,Master,Unemployed,Housing support
2144,2025-10-01,3,Guinea,Male,25-34,Master,Unemployed,Integration program
2284,2025-10-01,6,Italy,Female,35-44,Bachelor,Unemployed,Housing support
2390,2025-10-01,7,Brazil,Female,35-44,Lower secondary,Employed,Language training
2470,2025-10-01,4,Georgia,Male,25-34,Upper secondary,Unemployed,Housing support
2477,2025-10-01,1,Syria,Female,45-54,Lower secondary,Unemployed,Language training
2534,2025-10-01,6,Morocco,Female,55+,Lower secondary,Employed,Housing support
2565,2025-10-01,8,Italy,Male,25-34,Bachelor,Unemployed,Employment support
2675,2025-10-01,4,Georgia,Female,18-24,Bachelor,Unemployed,Language training
2676,2025-10-01,5,Senegal,Female,45-54,Bachelor,Employed,Asylum application
2744,2025-10-01,1,Nigeria,Male,45-54,Master,Employed,Language training
2756,2025-10-01,8,Turkey,Male,25-34,Master,Unemployed,Employment support
2763,2025-10-01,4,Tunisia,Female,25-34,Lower secondary,Unemployed,Integration program
2835,2025-10-01,4,Guinea,Female,25-34,Bachelor,Inactive,Integration program
2848,2025-10-01,1,Bangladesh,Female,35-44,Lower secondary,Unemployed,Integration program
2898,2025-10-01,8,Bangladesh,Female,25-34,Upper secondary,Employed,Employment support
3025,2025-10-01,2,Italy,Male,45-54,Upper secondary,Unemployed,Employment support
3070,2025-10-01,6,Georgia,Female,25-34,Upper secondary,Employed,Asylum application
3138,2025-10-01,7,Morocco,Male,35-44,Lower secondary,Employed,Housing support
3185,2025-10-01,1,Côte d'Ivoire,Female,45-54,Lower secondary,Unemployed,Integration program
3214,2025-10-01,2,India,Female,18-24,Bachelor,Inactive,Housing support
3241,2025-10-01,7,Afghanistan,Male,25-34,Master,Employed,Language training
3325,2025-10-01,2,China,Female,25-34,Bachelor,Unemployed,Integration program
3343,2025-10-01,9,Brazil,Female,45-54,Upper secondary,Inactive,Housing support
3371,2025-10-01,1,China,Male,45-54,Master,Unemployed,Language training
3413,2025-10-01,6,Bangladesh,Male,25-34,Bachelor,Unemployed,Asylum application
3468,2025-10-01,9,Spain,Male,35-44,Upper secondary,Employed,Asylum application
3476,2025-10-01,4,India,Female,55+,Upper secondary,Unemployed,Employment support
3509,2025-10-01,7,Bangladesh,Male,45-54,Bachelor,Employed,Language training
3640,2025-10-01,2,Other,Female,25-34,Bachelor,Employed,Asylum application
3664,2025-10-01,1,Georgia,Female,45-54,Bachelor,Employed,Integration program
3690,2025-10-01,6,Ukraine,Male,25-34,Upper secondary,Unemployed,Integration program
3754,2025-10-01,6,Guinea,Male,18-24,Master,Employed,Housing support
3789,2025-10-01,2,Bangladesh,Female,25-34,Upper secondary,Employed,Employment support
3795,2025-10-01,10,Spain,Female,25-34,Bachelor,Employed,Language training
3806,2025-10-01,9,Bangladesh,Female,45-54,Upper secondary,Unemployed,Housing support
3840,2025-10-01,1,Bangladesh,Female,55+,Upper secondary,Unemployed,Asylum application
3857,2025-10-01,6,Côte d'Ivoire,Female,35-44,Master,Inactive,Language training
3859,2025-10-01,4,Morocco,Female,35-44,Bachelor,Unemployed,Language training
3912,2025-10-01,2,Algeria,Female,35-44,Bachelor,Employed,Integration program
3928,2025-10-01,4,Georgia,Male,18-24,Master,Unemployed,Employment support
3937,2025-10-01,6,China,Male,25-34,Upper secondary,Unemployed,Employment support
3963,2025-10-01,5,Senegal,Female,25-34,Bachelor,Employed,Employment support
3985,2025-10-01,10,Tunisia,Male,35-44,Upper secondary,Employed,Asylum application
4086,2025-10-01,7,Guinea,Female,45-54,Master,Employed,Housing support
4099,2025-10-01,2,Tunisia,Female,25-34,Bachelor,Employed,Employment support
4151,2025-10-01,2,Bangladesh,Female,35-44,Upper secondary,Employed,Housing support
4197,2025-10-01,2,Italy,Female,18-24,Lower secondary,Unemployed,Employment support
4252,2025-10-01,5,Spain,Female,55+,Lower secondary,Unemployed,Asylum application
4440,2025-10-01,5,Brazil,Female,25-34,Upper secondary,Employed,Language training
4532,2025-10-01,1,Syria,Female,18-24,Upper secondary,Employed,Language training
4602,2025-10-01,1,Algeria,Male,45-54,Master,Employed,Integration program
4608,2025-10-01,10,Afghanistan,Female,55+,Upper secondary,Employed,Housing support
4633,2025-10-01,3,Georgia,Male,55+,Upper secondary,Employed,Language training
4673,2025-10-01,1,Syria,Female,25-34,Lower secondary,Employed,Integration program
4713,2025-10-01,3,India,Female,35-44,Bachelor,Employed,Asylum application
4774,2025-10-01,1,China,Male,35-44,Upper secondary,Employed,Employment support
4790,2025-10-01,5,Brazil,Male,25-34,Bachelor,Employed,Integration program
4817,2025-10-01,3,Colombia,Female,45-54,Upper secondary,Unemployed,Language training
4828,2025-10-01,6,Afghanistan,Male,35-44,Upper secondary,Employed,Integration program
4831,2025-10-01,10,Ukraine,Female,45-54,Bachelor,Employed,Housing support
4938,2025-10-01,6,Syria,Female,35-44,Bachelor,Employed,Employment support
4954,2025-10-01,2,Italy,Female,45-54,Doctorate,Inactive,Asylum application
4972,2025-10-01,1,Nigeria,Male,45-54,Lower secondary,Unemployed,Language training
4988,2025-10-01,8,Other,Female,55+,Upper secondary,Inactive,Employment support
5109,2025-10-01,5,Turkey,Male,25-34,Bachelor,Employed,Asylum application
5133,2025-10-01,7,Brazil,Female,25-34,Upper secondary,Inactive,Employment support
5140,2025-10-01,7,Guinea,Male,25-34,Master,Employed,Housing support
5220,2025-10-01,9,Afghanistan,Female,45-54,Lower secondary,Unemployed,Employment support
5260,2025-10-01,4,Georgia,Female,25-34,Upper secondary,Unemployed,Asylum application
5306,2025-10-01,4,Other,Male,35-44,Bachelor,Unemployed,Employment support
5367,2025-10-01,3,Senegal,Female,25-34,Upper secondary,Unemployed,Language training
5418,2025-10-01,1,Portugal,Female,35-44,Doctorate,Employed,Language training
5529,2025-10-01,6,Côte d'Ivoire,Male,45-54,Doctorate,Employed,Asylum application
5605,2025-10-01,1,Turkey,Female,25-34,Bachelor,Employed,Housing support
5680,2025-10-01,7,Afghanistan,Female,25-34,Upper secondary,Employed,Asylum application
5709,2025-10-01,10,Syria,Female,25-34,Lower secondary,Unemployed,Integration program
5795,2025-10-01,1,Morocco,Male,35-44,Master,Employed,Asylum application
5868,2025-10-01,5,Syria,Male,45-54,Bachelor,Employed,Housing support
5886,2025-10-01,8,Colombia,Female,25-34,Lower secondary,Inactive,Language training
5906,2025-10-01,6,Algeria,Male,35-44,Master,Employed,Integration program
5942,2025-10-01,1,India,Male,25-34,Bachelor,Employed,Asylum application
5997,2025-10-01,5,Portugal,Female,18-24,Bachelor,Unemployed,Integration program
64,2025-11-01,4,India,Female,25-34,Master,Unemployed,Integration program
67,2025-11-01,1,Bangladesh,Female,35-44,Bachelor,Employed,Housing support
166,2025-11-01,3,Spain,Female,35-44,Upper secondary,Employed,Housing support
170,2025-11-01,4,Italy,Male,35-44,Doctorate,Employed,Employment support
239,2025-11-01,3,Brazil,Male,45-54,Lower secondary,Unemployed,Integration program
270,2025-11-01,2,Côte d'Ivoire,Male,18-24,Lower secondary,Employed,Employment support
309,2025-11-01,9,Côte d'Ivoire,Female,25-34,Upper secondary,Unemployed,Integration program
318,2025-11-01,4,Georgia,Female,35-44,Bachelor,Employed,Housing support
334,2025-11-01,9,Spain,Male,25-34,Master,Employed,Integration program
363,2025-11-01,6,Tunisia,Female,35-44,Lower secondary,Employed,Language training
397,2025-11-01,1,China,Female,45-54,Master,Employed,Language training
407,2025-11-01,4,Tunisia,Female,55+,Upper secondary,Unemployed,Employment support
415,2025-11-01,8,Tunisia,Male,35-44,Lower secondary,Unemployed,Integration program
441,2025-11-01,1,Bangladesh,Male,35-44,Master,Unemployed,Integration program
457,2025-11-01,6,Spain,Male,35-44,Doctorate,Employed,Language training
517,2025-11-01,6,Senegal,Male,45-54,Upper secondary,Employed,Asylum application
590,2025-11-01,4,Bangladesh,Male,35-44,Lower secondary,Unemployed,Asylum application
617,2025-11-01,1,Other,Male,25-34,Master,Employed,Language training
621,2025-11-01,7,Italy,Female,45-54,Master,Employed,Language training
636,2025-11-01,1,Brazil,Female,25-34,Lower secondary,Unemployed,Integration program
663,2025-11-01,5,Bangladesh,Male,25-34,Upper secondary,Unemployed,Housing support
668,2025-11-01,6,Colombia,Female,35-44,Doctorate,Employed,Asylum application
677,2025-11-01,7,Georgia,Male,25-34,Master,Employed,Housing support
746,2025-11-01,9,Bangladesh,Female,18-24,Bachelor,Employed,Language training
871,2025-11-01,7,Afghanistan,Female,35-44,Master,Unemployed,Asylum application
895,2025-11-01,10,Brazil,Male,25-34,Master,Employed,Asylum application
913,2025-11-01,3,Tunisia,Male,35-44,Master,Employed,Language training
1020,2025-11-01,3,Afghanistan,Female,35-44,Upper secondary,Employed,Employment support
1036,2025-11-01,3,Guinea,Female,35-44,Bachelor,Unemployed,Asylum application
1062,2025-11-01,2,Senegal,Female,18-24,Bachelor,Inactive,Language training
1218,2025-11-01,2,Tunisia,Male,35-44,Bachelor,Employed,Integration program
1237,2025-11-01,5,Côte d'Ivoire,Female,25-34,Upper secondary,Employed,Asylum application
1350,2025-11-01,6,Afghanistan,Female,25-34,Lower secondary,Unemployed,Asylum application
1377,2025-11-01,3,Brazil,Male,18-24,Bachelor,Employed,Integration program
1529,2025-11-01,1,Senegal,Female,25-34,Lower secondary,Unemployed,Employment support
1659,2025-11-01,4,Tunisia,Female,25-34,Upper secondary,Unemployed,Employment support
1715,2025-11-01,5,Colombia,Female,25-34,Upper secondary,Unemployed,Language training
1716,2025-11-01,4,Portugal,Female,18-24,Master,Employed,Asylum application
1839,2025-11-01,1,China,Female,45-54,Master,Employed,Integration program
1873,2025-11-01,8,Afghanistan,Female,25-34,Doctorate,Unemployed,Language training
1932,2025-11-01,7,Morocco,Female,35-44,Bachelor,Employed,Asylum application
1971,2025-11-01,1,Guinea,Male,35-44,Upper secondary,Inactive,Housing support
1989,2025-11-01,3,Syria,Male,35-44,Doctorate,Inactive,Employment support
2039,2025-11-01,1,Syria,Male,18-24,Bachelor,Unemployed,Language training
2141,2025-11-01,6,Côte d'Ivoire,Female,25-34,Master,Employed,Asylum application
2181,2025-11-01,5,Algeria,Female,25-34,Master,Employed,Asylum application
2255,2025-11-01,1,Georgia,Male,35-44,Doctorate,Inactive,Asylum application
2269,2025-11-01,3,Turkey,Female,45-54,Bachelor,Employed,Integration program
2297,2025-11-01,3,Senegal,Male,35-44,Bachelor,Employed,Language training
2311,2025-11-01,1,Morocco,Male,45-54,Doctorate,Employed,Integration program
2317,2025-11-01,2,Ukraine,Female,55+,Upper secondary,Unemployed,Asylum application
2345,2025-11-01,1,Brazil,Female,45-54,Bachelor,Employed,Integration program
2420,2025-11-01,6,Syria,Male,18-24,Doctorate,Employed,Employment support
2426,2025-11-01,1,Portugal,Female,35-44,Bachelor,Employed,Language training
2438,2025-11-01,2,Spain,Male,45-54,Bachelor,Inactive,Employment support
2469,2025-11-01,6,Georgia,Female,35-44,Bachelor,Employed,Integration program
2650,2025-11-01,1,Côte d'Ivoire,Female,35-44,Master,Employed,Language training
2724,2025-11-01,4,Portugal,Male,45-54,Upper secondary,Inactive,Housing support
2755,2025-11-01,5,India,Female,25-34,Master,Inactive,Integration program
2860,2025-11-01,10,Ukraine,Male,25-34,Bachelor,Employed,Language training
2932,2025-11-01,4,Spain,Male,25-34,Upper secondary,Employed,Integration program
2936,2025-11-01,3,Syria,Male,55+,Bachelor,Employed,Integration program
2985,2025-11-01,7,Syria,Female,35-44,Lower secondary,Unemployed,Asylum application
2990,2025-11-01,6,Morocco,Male,25-34,Bachelor,Unemployed,Integration program
3038,2025-11-01,7,Other,Female,35-44,Lower secondary,Employed,Asylum application
3044,2025-11-01,1,Italy,Male,35-44,Upper secondary,Employed,Asylum application
3239,2025-11-01,5,Algeria,Male,45-54,Upper secondary,Unemployed,Language training
3264,2025-11-01,3,Guinea,Female,45-54,Bachelor,Employed,Employment support
3299,2025-11-01,1,China,Male,35-44,Bachelor,Employed,Integration program
3369,2025-11-01,9,Bangladesh,Female,45-54,Lower secondary,Employed,Housing support
3438,2025-11-01,1,Senegal,Female,45-54,Upper secondary,Employed,Employment support
3473,2025-11-01,3,Senegal,Female,18-24,Bachelor,Inactive,Integration program
3624,2025-11-01,5,Tunisia,Female,45-54,Master,Employed,Employment support
3649,2025-11-01,4,Ukraine,Male,25-34,Upper secondary,Unemployed,Integration program
3654,2025-11-01,3,Guinea,Female,35-44,Upper secondary,Employed,Employment support
3686,2025-11-01,4,Algeria,Male,18-24,Lower secondary,Unemployed,Language training
3728,2025-11-01,8,Colombia,Female,25-34,Upper secondary,Unemployed,Integration program
3785,2025-11-01,5,Morocco,Female,35-44,Bachelor,Employed,Employment support
3818,2025-11-01,2,Turkey,Male,18-24,Upper secondary,Employed,Employment support
3860,2025-11-01,1,Morocco,Female,35-44,Lower secondary,Inactive,Language training
3926,2025-11-01,6,Senegal,Female,55+,Bachelor,Unemployed,Language training
3957,2025-11-01,1,Portugal,Female,45-54,Doctorate,Employed,Language training
3961,2025-11-01,1,Other,Female,25-34,Upper secondary,Unemployed,Employment support
4063,2025-11-01,1,Syria,Male,45-54,Upper secondary,Unemployed,Housing support
4077,2025-11-01,2,Algeria,Female,35-44,Bachelor,Employed,Integration program
4116,2025-11-01,2,Afghanistan,Female,25-34,Upper secondary,Employed,Language training
4174,2025-11-01,10,Senegal,Female,25-34,Upper secondary,Employed,Employment support
4204,2025-11-01,5,Afghanistan,Male,35-44,Bachelor,Unemployed,Language training
4246,2025-11-01,7,Brazil,Female,45-54,Upper secondary,Employed,Integration program
4281,2025-11-01,4,Côte d'Ivoire,Male,35-44,Lower secondary,Unemployed,Asylum application
4344,2025-11-01,1,Morocco,Male,55+,Upper secondary,Employed,Language training
4353,2025-11-01,7,Portugal,Female,35-44,Bachelor,Employed,Employment support
4411,2025-11-01,3,Morocco,Female,35-44,Upper secondary,Employed,Housing support
4414,2025-11-01,6,Colombia,Male,35-44,Upper secondary,Inactive,Integration program
4577,2025-11-01,6,Guinea,Female,45-54,Master,Employed,Asylum application
4677,2025-11-01,9,Morocco,Male,35-44,Lower secondary,Unemployed,Housing support
4716,2025-11-01,1,Bangladesh,Male,25-34,Upper secondary,Employed,Housing support
4738,2025-11-01,3,India,Male,25-34,Lower secondary,Inactive,Housing support
4796,2025-11-01,6,Brazil,Female,35-44,Upper secondary,Unemployed,Asylum application
4944,2025-11-01,1,Ukraine,Male,25-34,Doctorate,Inactive,Language training
4974,2025-11-01,4,China,Male,25-34,Master,Employed,Integration program
5002,2025-11-01,10,Syria,Female,18-24,Bachelor,Employed,Integration program
5008,2025-11-01,1,China,Female,35-44,Bachelor,Employed,Asylum application
5036,2025-11-01,1,Algeria,Female,55+,Upper secondary,Unemployed,Employment support
5038,2025-11-01,2,Tunisia,Male,25-34,Upper secondary,Employed,Integration program
5255,2025-11-01,7,Afghanistan,Female,35-44,Master,Employed,Employment support
5256,2025-11-01,1,Tunisia,Male,18-24,Master,Employed,Language training
5313,2025-11-01,2,Morocco,Female,35-44,Upper secondary,Employed,Integration program
5333,2025-11-01,4,Portugal,Female,25-34,Upper secondary,Employed,Employment support
5336,2025-11-01,2,Nigeria,Male,18-24,Master,Unemployed,Language training
5374,2025-11-01,8,Afghanistan,Male,55+,Bachelor,Employed,Integration program
5404,2025-11-01,3,India,Female,25-34,Lower secondary,Employed,Integration program
5407,2025-11-01,3,Colombia,Male,35-44,Upper secondary,Employed,Asylum application
5435,2025-11-01,10,Afghanistan,Male,35-44,Master,Employed,Employment support
5487,2025-11-01,6,Colombia,Female,55+,Master,Employed,Asylum application
5499,2025-11-01,6,Bangladesh,Male,35-44,Lower secondary,Employed,Housing support
5501,2025-11-01,7,Other,Male,35-44,Upper secondary,Employed,Language training
5578,2025-11-01,6,Ukraine,Female,25-34,Bachelor,Employed,Employment support
5616,2025-11-01,1,Spain,Female,25-34,Upper secondary,Unemployed,Housing support
5623,2025-11-01,8,Syria,Male,35-44,Bachelor,Unemployed,Asylum application
5639,2025-11-01,5,Morocco,Female,55+,Lower secondary,Inactive,Housing support
5765,2025-11-01,1,Afghanistan,Female,55+,Bachelor,Employed,Asylum application
5845,2025-11-01,3,Italy,Female,25-34,Bachelor,Unemployed,Housing support
5876,2025-11-01,6,Guinea,Female,25-34,Bachelor,Employed,Integration program
6,2025-12-01,1,Portugal,Female,35-44,Doctorate,Employed,Integration program
106,2025-12-01,1,Ukraine,Female,55+,Bachelor,Unemployed,Housing support
123,2025-12-01,4,Portugal,Male,35-44,Lower secondary,Employed,Integration program
160,2025-12-01,1,Italy,Male,55+,Master,Unemployed,Language training
211,2025-12-01,6,Ukraine,Male,18-24,Bachelor,Unemployed,Language training
227,2025-12-01,4,Turkey,Female,35-44,Lower secondary,Employed,Integration program
258,2025-12-01,10,Brazil,Female,18-24,Lower secondary,Employed,Integration program
276,2025-12-01,7,Afghanistan,Male,45-54,Upper secondary,Employed,Asylum application
301,2025-12-01,1,Tunisia,Male,25-34,Master,Employed,Integration program
326,2025-12-01,7,Morocco,Female,25-34,Bachelor,Employed,Asylum application
335,2025-12-01,8,Spain,Female,45-54,Lower secondary,Employed,Language training
544,2025-12-01,1,Afghanistan,Male,35-44,Doctorate,Employed,Employment support
577,2025-12-01,3,Syria,Male,25-34,Master,Employed,Employment support
715,2025-12-01,7,Colombia,Female,35-44,Master,Employed,Language training
734,2025-12-01,1,Georgia,Female,45-54,Upper secondary,Unemployed,Housing support
813,2025-12-01,7,Ukraine,Male,25-34,Doctorate,Employed,Language training
826,2025-12-01,1,Colombia,Male,35-44,Lower secondary,Inactive,Integration program
882,2025-12-01,2,Guinea,Male,35-44,Bachelor,Inactive,Employment support
885,2025-12-01,2,Spain,Male,55+,Upper secondary,Inactive,Integration program
969,2025-12-01,3,Algeria,Female,35-44,Bachelor,Employed,Housing support
1013,2025-12-01,5,Côte d'Ivoire,Female,18-24,Bachelor,Unemployed,Asylum application
1026,2025-12-01,1,Colombia,Male,35-44,Upper secondary,Employed,Housing support
1087,2025-12-01,2,Guinea,Female,45-54,Master,Employed,Asylum application
1133,2025-12-01,3,Other,Male,25-34,Lower secondary,Employed,Employment support
1167,2025-12-01,5,Algeria,Female,35-44,Master,Employed,Language training
1168,2025-12-01,9,Tunisia,Female,25-34,Bachelor,Employed,Integration program
1280,2025-12-01,10,Other,Female,45-54,Bachelor,Employed,Housing support
1361,2025-12-01,4,Spain,Female,35-44,Bachelor,Employed,Employment support
1365,2025-12-01,6,Tunisia,Male,25-34,Bachelor,Employed,Housing support
1381,2025-12-01,3,Syria,Female,25-34,Upper secondary,Employed,Integration program
1455,2025-12-01,1,Italy,Male,55+,Upper secondary,Employed,Employment support
1578,2025-12-01,7,Portugal,Female,18-24,Master,Unemployed,Integration program
1588,2025-12-01,4,Bangladesh,Female,55+,Bachelor,Inactive,Integration program
1592,2025-12-01,4,Brazil,Female,55+,Lower secondary,Unemployed,Language training
1727,2025-12-01,1,Turkey,Female,18-24,Upper secondary,Unemployed,Housing support
1798,2025-12-01,6,Guinea,Female,45-54,Upper secondary,Employed,Language training
1807,2025-12-01,9,Portugal,Male,45-54,Lower secondary,Employed,Asylum application
1826,2025-12-01,6,Georgia,Female,25-34,Lower secondary,Unemployed,Asylum application
1880,2025-12-01,3,Spain,Male,55+,Bachelor,Employed,Employment support
2004,2025-12-01,1,Brazil,Male,18-24,Bachelor,Employed,Housing support
2065,2025-12-01,1,India,Female,55+,Upper secondary,Employed,Housing support
2070,2025-12-01,5,Tunisia,Male,55+,Bachelor,Inactive,Housing support
2128,2025-12-01,3,Ukraine,Male,35-44,Upper secondary,Unemployed,Employment support
2148,2025-12-01,6,Tunisia,Female,25-34,Doctorate,Inactive,Asylum application
2235,2025-12-01,7,Senegal,Male,45-54,Master,Employed,Employment support
2246,2025-12-01,9,Tunisia,Male,25-34,Upper secondary,Unemployed,Integration program
2289,2025-12-01,1,Georgia,Female,25-34,Upper secondary,Employed,Employment support
2309,2025-12-01,10,Turkey,Male,25-34,Bachelor,Employed,Housing support
2310,2025-12-01,4,Portugal,Male,55+,Master,Employed,Asylum application
2374,2025-12-01,3,Bangladesh,Female,25-34,Upper secondary,Employed,Asylum application
2383,2025-12-01,2,Georgia,Female,18-24,Upper secondary,Unemployed,Housing support
2395,2025-12-01,2,India,Male,18-24,Bachelor,Unemployed,Language training
2461,2025-12-01,2,Syria,Male,55+,Master,Employed,Employment support
2610,2025-12-01,6,Guinea,Female,25-34,Upper secondary,Unemployed,Language training
2621,2025-12-01,1,Tunisia,Female,55+,Master,Employed,Integration program
2660,2025-12-01,4,India,Male,25-34,Upper secondary,Employed,Integration program
2710,2025-12-01,6,Tunisia,Female,25-34,Bachelor,Unemployed,Asylum application
2731,2025-12-01,2,Spain,Male,25-34,Lower secondary,Unemployed,Employment support
2771,2025-12-01,1,Syria,Female,18-24,Upper secondary,Employed,Housing support
2893,2025-12-01,3,Spain,Female,45-54,Bachelor,Employed,Asylum application
2900,2025-12-01,1,Guinea,Female,25-34,Upper secondary,Unemployed,Integration program
2966,2025-12-01,6,Guinea,Female,25-34,Bachelor,Unemployed,Language training
3008,2025-12-01,7,Nigeria,Female,35-44,Lower secondary,Unemployed,Integration program
3134,2025-12-01,1,Brazil,Male,35-44,Lower secondary,Unemployed,Employment support
3142,2025-12-01,10,Guinea,Male,55+,Upper secondary,Unemployed,Asylum application
3149,2025-12-01,1,Tunisia,Female,25-34,Master,Employed,Employment support
3184,2025-12-01,8,Côte d'Ivoire,Male,55+,Upper secondary,Unemployed,Housing support
3204,2025-12-01,1,Nigeria,Male,25-34,Bachelor,Unemployed,Asylum application
3206,2025-12-01,9,Guinea,Female,45-54,Upper secondary,Unemployed,Asylum application
3347,2025-12-01,5,Georgia,Male,25-34,Master,Employed,Housing support
3441,2025-12-01,3,Turkey,Male,35-44,Upper secondary,Employed,Housing support
3457,2025-12-01,7,Georgia,Female,25-34,Doctorate,Employed,Integration program
3503,2025-12-01,7,Senegal,Male,35-44,Lower secondary,Unemployed,Asylum application
3587,2025-12-01,2,Brazil,Male,25-34,Upper secondary,Employed,Integration program
3599,2025-12-01,4,Brazil,Male,45-54,Doctorate,Employed,Language training
3665,2025-12-01,6,Tunisia,Female,18-24,Upper secondary,Employed,Integration program
3684,2025-12-01,6,India,Female,25-34,Bachelor,Unemployed,Employment support
3801,2025-12-01,2,Ukraine,Male,18-24,Lower secondary,Unemployed,Asylum application
3812,2025-12-01,1,Syria,Male,25-34,Lower secondary,Unemployed,Integration program
3815,2025-12-01,7,Georgia,Male,55+,Upper secondary,Employed,Housing support
3823,2025-12-01,6,Georgia,Male,35-44,Bachelor,Employed,Integration program
3862,2025-12-01,1,Morocco,Female,35-44,Lower secondary,Unemployed,Employment support
3871,2025-12-01,1,Morocco,Female,18-24,Upper secondary,Employed,Language training
3872,2025-12-01,5,Bangladesh,Male,45-54,Upper secondary,Unemployed,Integration program
3882,2025-12-01,9,Portugal,Male,18-24,Master,Employed,Language training
3885,2025-12-01,8,Afghanistan,Female,25-34,Doctorate,Employed,Language training
3901,2025-12-01,2,Spain,Female,25-34,Lower secondary,Employed,Language training
3908,2025-12-01,4,Ukraine,Female,45-54,Master,Employed,Asylum application
4004,2025-12-01,3,Georgia,Male,18-24,Upper secondary,Employed,Housing support
4005,2025-12-01,4,Algeria,Female,25-34,Bachelor,Employed,Integration program
4057,2025-12-01,2,Portugal,Female,18-24,Upper secondary,Unemployed,Integration program
4087,2025-12-01,1,Brazil,Male,35-44,Bachelor,Employed,Employment support
4120,2025-12-01,1,Tunisia,Female,25-34,Bachelor,Unemployed,Asylum application
4144,2025-12-01,4,Georgia,Male,25-34,Upper secondary,Unemployed,Housing support
4152,2025-12-01,1,Guinea,Female,45-54,Bachelor,Employed,Asylum application
4170,2025-12-01,1,Afghanistan,Male,25-34,Bachelor,Unemployed,Asylum application
4175,2025-12-01,1,Italy,Male,25-34,Master,Unemployed,Language training
4213,2025-12-01,3,Georgia,Male,18-24,Upper secondary,Employed,Language training
4241,2025-12-01,8,Afghanistan,Male,25-34,Master,Employed,Employment support
4289,2025-12-01,1,Nigeria,Male,35-44,Doctorate,Employed,Language training
4399,2025-12-01,3,Morocco,Male,55+,Upper secondary,Inactive,Asylum application
4421,2025-12-01,2,Nigeria,Male,25-34,Upper secondary,Unemployed,Integration program
4434,2025-12-01,6,Brazil,Male,35-44,Upper secondary,Unemployed,Asylum application
4473,2025-12-01,1,India,Female,45-54,Bachelor,Employed,Housing support
4476,2025-12-01,1,Georgia,Female,18-24,Bachelor,Unemployed,Employment support
4598,2025-12-01,8,Brazil,Female,35-44,Upper secondary,Employed,Employment support
4615,2025-12-01,9,Spain,Female,35-44,Upper secondary,Employed,Employment support
4696,2025-12-01,1,Italy,Male,18-24,Bachelor,Employed,Housing support
4792,2025-12-01,7,Georgia,Male,45-54,Lower secondary,Unemployed,Integration program
4951,2025-12-01,3,Afghanistan,Male,25-34,Upper secondary,Unemployed,Housing support
5060,2025-12-01,3,Guinea,Female,18-24,Lower secondary,Unemployed,Language training
5100,2025-12-01,1,India,Male,25-34,Master,Unemployed,Language training
5101,2025-12-01,1,Algeria,Male,45-54,Bachelor,Employed,Employment support
5122,2025-12-01,2,Portugal,Male,35-44,Upper secondary,Employed,Housing support
5128,2025-12-01,2,Turkey,Female,25-34,Upper secondary,Inactive,Asylum application
5177,2025-12-01,7,Colombia,Female,25-34,Upper secondary,Unemployed,Housing support
5188,2025-12-01,1,Brazil,Female,35-44,Bachelor,Inactive,Employment support
5207,2025-12-01,3,Afghanistan,Female,35-44,Lower secondary,Unemployed,Language training
5215,2025-12-01,5,Ukraine,Female,25-34,Upper secondary,Employed,Housing support
5253,2025-12-01,1,Brazil,Male,25-34,Upper secondary,Unemployed,Asylum application
5284,2025-12-01,6,India,Male,18-24,Upper secondary,Employed,Integration program
5327,2025-12-01,1,Morocco,Male,35-44,Bachelor,Unemployed,Asylum application
5334,2025-12-01,9,Brazil,Male,25-34,Upper secondary,Unemployed,Language training
5346,2025-12-01,8,Brazil,Male,35-44,Lower secondary,Employed,Employment support
5438,2025-12-01,5,Turkey,Female,25-34,Upper secondary,Employed,Housing support
5458,2025-12-01,4,Côte d'Ivoire,Female,18-24,Bachelor,Inactive,Housing support
5484,2025-12-01,2,Guinea,Male,35-44,Upper secondary,Unemployed,Employment support
5492,2025-12-01,3,India,Female,18-24,Bachelor,Unemployed,Language training
5504,2025-12-01,1,Morocco,Male,35-44,Bachelor,Employed,Housing support
5532,2025-12-01,2,Nigeria,Male,18-24,Master,Unemployed,Language training
5566,2025-12-01,1,Brazil,Female,25-34,Upper secondary,Employed,Asylum application
5604,2025-12-01,1,Ukraine,Female,55+,Master,Employed,Integration program
5612,2025-12-01,7,Turkey,Male,35-44,Bachelor,Employed,Language training
5632,2025-12-01,1,Georgia,Male,35-44,Upper secondary,Unemployed,Housing support
5655,2025-12-01,7,Bangladesh,Male,25-34,Upper secondary,Employed,Housing support
5699,2025-12-01,2,Brazil,Male,45-54,Master,Employed,Employment support
5703,2025-12-01,7,Bangladesh,Female,25-34,Lower secondary,Employed,Integration program
5740,2025-12-01,1,Other,Male,35-44,Upper secondary,Inactive,Integration program
5759,2025-12-01,7,Colombia,Male,25-34,Upper secondary,Employed,Asylum application
5777,2025-12-01,4,Syria,Male,18-24,Bachelor,Unemployed,Asylum application
5787,2025-12-01,1,Ukraine,Male,35-44,Master,Employed,Language training
5873,2025-12-01,4,Algeria,Female,35-44,Lower secondary,Employed,Asylum application
5902,2025-12-01,4,Bangladesh,Male,25-34,Lower secondary,Unemployed,Asylum application
5950,2025-12-01,3,Morocco,Male,25-34,Bachelor,Unemployed,Employment support
5961,2025-12-01,5,Colombia,Female,35-44,Lower secondary,Unemployed,Employment support
5962,2025-12-01,2,China,Female,25-34,Upper secondary,Unemployed,Language training
